id	examNumber	questionNumber	questionPhotoFile	answerPhotoFile	questionPhotoAdded	answerPhotoAdded	needsReview	notes
exam1-001	1	1	photo-refresh/exam-01/questions/exam1-001-question.jpg	photo-refresh/exam-01/answers/exam1-001-answer.jpg				
exam1-002	1	2	photo-refresh/exam-01/questions/exam1-002-question.jpg	photo-refresh/exam-01/answers/exam1-002-answer.jpg				
exam1-003	1	3	photo-refresh/exam-01/questions/exam1-003-question.jpg	photo-refresh/exam-01/answers/exam1-003-answer.jpg				
exam1-004	1	4	photo-refresh/exam-01/questions/exam1-004-question.jpg	photo-refresh/exam-01/answers/exam1-004-answer.jpg				
exam1-005	1	5	photo-refresh/exam-01/questions/exam1-005-question.jpg	photo-refresh/exam-01/answers/exam1-005-answer.jpg				
exam1-006	1	6	photo-refresh/exam-01/questions/exam1-006-question.jpg	photo-refresh/exam-01/answers/exam1-006-answer.jpg				
exam1-007	1	7	photo-refresh/exam-01/questions/exam1-007-question.jpg	photo-refresh/exam-01/answers/exam1-007-answer.jpg				
exam1-008	1	8	photo-refresh/exam-01/questions/exam1-008-question.jpg	photo-refresh/exam-01/answers/exam1-008-answer.jpg				
exam1-009	1	9	photo-refresh/exam-01/questions/exam1-009-question.jpg	photo-refresh/exam-01/answers/exam1-009-answer.jpg				
exam1-010	1	10	photo-refresh/exam-01/questions/exam1-010-question.jpg	photo-refresh/exam-01/answers/exam1-010-answer.jpg				
exam1-011	1	11	photo-refresh/exam-01/questions/exam1-011-question.jpg	photo-refresh/exam-01/answers/exam1-011-answer.jpg				
exam1-012	1	12	photo-refresh/exam-01/questions/exam1-012-question.jpg	photo-refresh/exam-01/answers/exam1-012-answer.jpg				
exam1-013	1	13	photo-refresh/exam-01/questions/exam1-013-question.jpg	photo-refresh/exam-01/answers/exam1-013-answer.jpg				
exam1-014	1	14	photo-refresh/exam-01/questions/exam1-014-question.jpg	photo-refresh/exam-01/answers/exam1-014-answer.jpg				
exam1-015	1	15	photo-refresh/exam-01/questions/exam1-015-question.jpg	photo-refresh/exam-01/answers/exam1-015-answer.jpg				
exam1-016	1	16	photo-refresh/exam-01/questions/exam1-016-question.jpg	photo-refresh/exam-01/answers/exam1-016-answer.jpg				
exam1-017	1	17	photo-refresh/exam-01/questions/exam1-017-question.jpg	photo-refresh/exam-01/answers/exam1-017-answer.jpg				
exam1-018	1	18	photo-refresh/exam-01/questions/exam1-018-question.jpg	photo-refresh/exam-01/answers/exam1-018-answer.jpg				
exam1-019	1	19	photo-refresh/exam-01/questions/exam1-019-question.jpg	photo-refresh/exam-01/answers/exam1-019-answer.jpg				
exam1-020	1	20	photo-refresh/exam-01/questions/exam1-020-question.jpg	photo-refresh/exam-01/answers/exam1-020-answer.jpg				
exam1-021	1	21	photo-refresh/exam-01/questions/exam1-021-question.jpg	photo-refresh/exam-01/answers/exam1-021-answer.jpg				
exam1-022	1	22	photo-refresh/exam-01/questions/exam1-022-question.jpg	photo-refresh/exam-01/answers/exam1-022-answer.jpg				
exam1-023	1	23	photo-refresh/exam-01/questions/exam1-023-question.jpg	photo-refresh/exam-01/answers/exam1-023-answer.jpg				
exam1-024	1	24	photo-refresh/exam-01/questions/exam1-024-question.jpg	photo-refresh/exam-01/answers/exam1-024-answer.jpg				
exam1-025	1	25	photo-refresh/exam-01/questions/exam1-025-question.jpg	photo-refresh/exam-01/answers/exam1-025-answer.jpg				
exam1-026	1	26	photo-refresh/exam-01/questions/exam1-026-question.jpg	photo-refresh/exam-01/answers/exam1-026-answer.jpg				
exam1-027	1	27	photo-refresh/exam-01/questions/exam1-027-question.jpg	photo-refresh/exam-01/answers/exam1-027-answer.jpg				
exam1-028	1	28	photo-refresh/exam-01/questions/exam1-028-question.jpg	photo-refresh/exam-01/answers/exam1-028-answer.jpg				
exam1-029	1	29	photo-refresh/exam-01/questions/exam1-029-question.jpg	photo-refresh/exam-01/answers/exam1-029-answer.jpg				
exam1-030	1	30	photo-refresh/exam-01/questions/exam1-030-question.jpg	photo-refresh/exam-01/answers/exam1-030-answer.jpg				
exam1-031	1	31	photo-refresh/exam-01/questions/exam1-031-question.jpg	photo-refresh/exam-01/answers/exam1-031-answer.jpg				
exam1-032	1	32	photo-refresh/exam-01/questions/exam1-032-question.jpg	photo-refresh/exam-01/answers/exam1-032-answer.jpg				
exam1-033	1	33	photo-refresh/exam-01/questions/exam1-033-question.jpg	photo-refresh/exam-01/answers/exam1-033-answer.jpg				
exam1-034	1	34	photo-refresh/exam-01/questions/exam1-034-question.jpg	photo-refresh/exam-01/answers/exam1-034-answer.jpg				
exam1-035	1	35	photo-refresh/exam-01/questions/exam1-035-question.jpg	photo-refresh/exam-01/answers/exam1-035-answer.jpg				
exam1-036	1	36	photo-refresh/exam-01/questions/exam1-036-question.jpg	photo-refresh/exam-01/answers/exam1-036-answer.jpg				
exam1-037	1	37	photo-refresh/exam-01/questions/exam1-037-question.jpg	photo-refresh/exam-01/answers/exam1-037-answer.jpg				
exam1-038	1	38	photo-refresh/exam-01/questions/exam1-038-question.jpg	photo-refresh/exam-01/answers/exam1-038-answer.jpg				
exam1-039	1	39	photo-refresh/exam-01/questions/exam1-039-question.jpg	photo-refresh/exam-01/answers/exam1-039-answer.jpg				
exam1-040	1	40	photo-refresh/exam-01/questions/exam1-040-question.jpg	photo-refresh/exam-01/answers/exam1-040-answer.jpg				
exam1-041	1	41	photo-refresh/exam-01/questions/exam1-041-question.jpg	photo-refresh/exam-01/answers/exam1-041-answer.jpg				
exam1-042	1	42	photo-refresh/exam-01/questions/exam1-042-question.jpg	photo-refresh/exam-01/answers/exam1-042-answer.jpg				
exam1-043	1	43	photo-refresh/exam-01/questions/exam1-043-question.jpg	photo-refresh/exam-01/answers/exam1-043-answer.jpg				
exam1-044	1	44	photo-refresh/exam-01/questions/exam1-044-question.jpg	photo-refresh/exam-01/answers/exam1-044-answer.jpg				
exam1-045	1	45	photo-refresh/exam-01/questions/exam1-045-question.jpg	photo-refresh/exam-01/answers/exam1-045-answer.jpg				
exam1-046	1	46	photo-refresh/exam-01/questions/exam1-046-question.jpg	photo-refresh/exam-01/answers/exam1-046-answer.jpg				
exam1-047	1	47	photo-refresh/exam-01/questions/exam1-047-question.jpg	photo-refresh/exam-01/answers/exam1-047-answer.jpg				
exam1-048	1	48	photo-refresh/exam-01/questions/exam1-048-question.jpg	photo-refresh/exam-01/answers/exam1-048-answer.jpg				
exam1-049	1	49	photo-refresh/exam-01/questions/exam1-049-question.jpg	photo-refresh/exam-01/answers/exam1-049-answer.jpg				
exam1-050	1	50	photo-refresh/exam-01/questions/exam1-050-question.jpg	photo-refresh/exam-01/answers/exam1-050-answer.jpg				
exam1-051	1	51	photo-refresh/exam-01/questions/exam1-051-question.jpg	photo-refresh/exam-01/answers/exam1-051-answer.jpg				
exam1-052	1	52	photo-refresh/exam-01/questions/exam1-052-question.jpg	photo-refresh/exam-01/answers/exam1-052-answer.jpg				
exam1-053	1	53	photo-refresh/exam-01/questions/exam1-053-question.jpg	photo-refresh/exam-01/answers/exam1-053-answer.jpg				
exam1-054	1	54	photo-refresh/exam-01/questions/exam1-054-question.jpg	photo-refresh/exam-01/answers/exam1-054-answer.jpg				
exam1-055	1	55	photo-refresh/exam-01/questions/exam1-055-question.jpg	photo-refresh/exam-01/answers/exam1-055-answer.jpg				
exam1-056	1	56	photo-refresh/exam-01/questions/exam1-056-question.jpg	photo-refresh/exam-01/answers/exam1-056-answer.jpg				
exam1-057	1	57	photo-refresh/exam-01/questions/exam1-057-question.jpg	photo-refresh/exam-01/answers/exam1-057-answer.jpg				
exam1-058	1	58	photo-refresh/exam-01/questions/exam1-058-question.jpg	photo-refresh/exam-01/answers/exam1-058-answer.jpg				
exam1-059	1	59	photo-refresh/exam-01/questions/exam1-059-question.jpg	photo-refresh/exam-01/answers/exam1-059-answer.jpg				
exam1-060	1	60	photo-refresh/exam-01/questions/exam1-060-question.jpg	photo-refresh/exam-01/answers/exam1-060-answer.jpg				
exam1-061	1	61	photo-refresh/exam-01/questions/exam1-061-question.jpg	photo-refresh/exam-01/answers/exam1-061-answer.jpg				
exam1-062	1	62	photo-refresh/exam-01/questions/exam1-062-question.jpg	photo-refresh/exam-01/answers/exam1-062-answer.jpg				
exam1-063	1	63	photo-refresh/exam-01/questions/exam1-063-question.jpg	photo-refresh/exam-01/answers/exam1-063-answer.jpg				
exam1-064	1	64	photo-refresh/exam-01/questions/exam1-064-question.jpg	photo-refresh/exam-01/answers/exam1-064-answer.jpg				
exam1-065	1	65	photo-refresh/exam-01/questions/exam1-065-question.jpg	photo-refresh/exam-01/answers/exam1-065-answer.jpg				
exam1-066	1	66	photo-refresh/exam-01/questions/exam1-066-question.jpg	photo-refresh/exam-01/answers/exam1-066-answer.jpg				
exam1-067	1	67	photo-refresh/exam-01/questions/exam1-067-question.jpg	photo-refresh/exam-01/answers/exam1-067-answer.jpg				
exam1-068	1	68	photo-refresh/exam-01/questions/exam1-068-question.jpg	photo-refresh/exam-01/answers/exam1-068-answer.jpg				
exam1-069	1	69	photo-refresh/exam-01/questions/exam1-069-question.jpg	photo-refresh/exam-01/answers/exam1-069-answer.jpg				
exam1-070	1	70	photo-refresh/exam-01/questions/exam1-070-question.jpg	photo-refresh/exam-01/answers/exam1-070-answer.jpg				
exam1-071	1	71	photo-refresh/exam-01/questions/exam1-071-question.jpg	photo-refresh/exam-01/answers/exam1-071-answer.jpg				
exam1-072	1	72	photo-refresh/exam-01/questions/exam1-072-question.jpg	photo-refresh/exam-01/answers/exam1-072-answer.jpg				
exam1-073	1	73	photo-refresh/exam-01/questions/exam1-073-question.jpg	photo-refresh/exam-01/answers/exam1-073-answer.jpg				
exam1-074	1	74	photo-refresh/exam-01/questions/exam1-074-question.jpg	photo-refresh/exam-01/answers/exam1-074-answer.jpg				
exam1-075	1	75	photo-refresh/exam-01/questions/exam1-075-question.jpg	photo-refresh/exam-01/answers/exam1-075-answer.jpg				
exam1-076	1	76	photo-refresh/exam-01/questions/exam1-076-question.jpg	photo-refresh/exam-01/answers/exam1-076-answer.jpg				
exam1-077	1	77	photo-refresh/exam-01/questions/exam1-077-question.jpg	photo-refresh/exam-01/answers/exam1-077-answer.jpg				
exam1-078	1	78	photo-refresh/exam-01/questions/exam1-078-question.jpg	photo-refresh/exam-01/answers/exam1-078-answer.jpg				
exam1-079	1	79	photo-refresh/exam-01/questions/exam1-079-question.jpg	photo-refresh/exam-01/answers/exam1-079-answer.jpg				
exam1-080	1	80	photo-refresh/exam-01/questions/exam1-080-question.jpg	photo-refresh/exam-01/answers/exam1-080-answer.jpg				
exam1-081	1	81	photo-refresh/exam-01/questions/exam1-081-question.jpg	photo-refresh/exam-01/answers/exam1-081-answer.jpg				
exam1-082	1	82	photo-refresh/exam-01/questions/exam1-082-question.jpg	photo-refresh/exam-01/answers/exam1-082-answer.jpg				
exam1-083	1	83	photo-refresh/exam-01/questions/exam1-083-question.jpg	photo-refresh/exam-01/answers/exam1-083-answer.jpg				
exam1-084	1	84	photo-refresh/exam-01/questions/exam1-084-question.jpg	photo-refresh/exam-01/answers/exam1-084-answer.jpg				
exam1-085	1	85	photo-refresh/exam-01/questions/exam1-085-question.jpg	photo-refresh/exam-01/answers/exam1-085-answer.jpg				
exam1-086	1	86	photo-refresh/exam-01/questions/exam1-086-question.jpg	photo-refresh/exam-01/answers/exam1-086-answer.jpg				
exam1-087	1	87	photo-refresh/exam-01/questions/exam1-087-question.jpg	photo-refresh/exam-01/answers/exam1-087-answer.jpg				
exam1-088	1	88	photo-refresh/exam-01/questions/exam1-088-question.jpg	photo-refresh/exam-01/answers/exam1-088-answer.jpg				
exam1-089	1	89	photo-refresh/exam-01/questions/exam1-089-question.jpg	photo-refresh/exam-01/answers/exam1-089-answer.jpg				
exam1-090	1	90	photo-refresh/exam-01/questions/exam1-090-question.jpg	photo-refresh/exam-01/answers/exam1-090-answer.jpg				
exam1-091	1	91	photo-refresh/exam-01/questions/exam1-091-question.jpg	photo-refresh/exam-01/answers/exam1-091-answer.jpg				
exam1-092	1	92	photo-refresh/exam-01/questions/exam1-092-question.jpg	photo-refresh/exam-01/answers/exam1-092-answer.jpg				
exam1-093	1	93	photo-refresh/exam-01/questions/exam1-093-question.jpg	photo-refresh/exam-01/answers/exam1-093-answer.jpg				
exam1-094	1	94	photo-refresh/exam-01/questions/exam1-094-question.jpg	photo-refresh/exam-01/answers/exam1-094-answer.jpg				
exam1-095	1	95	photo-refresh/exam-01/questions/exam1-095-question.jpg	photo-refresh/exam-01/answers/exam1-095-answer.jpg				
exam1-096	1	96	photo-refresh/exam-01/questions/exam1-096-question.jpg	photo-refresh/exam-01/answers/exam1-096-answer.jpg				
exam1-097	1	97	photo-refresh/exam-01/questions/exam1-097-question.jpg	photo-refresh/exam-01/answers/exam1-097-answer.jpg				
exam1-098	1	98	photo-refresh/exam-01/questions/exam1-098-question.jpg	photo-refresh/exam-01/answers/exam1-098-answer.jpg				
exam1-099	1	99	photo-refresh/exam-01/questions/exam1-099-question.jpg	photo-refresh/exam-01/answers/exam1-099-answer.jpg				
exam1-100	1	100	photo-refresh/exam-01/questions/exam1-100-question.jpg	photo-refresh/exam-01/answers/exam1-100-answer.jpg				
exam2-001	2	1	photo-refresh/exam-02/questions/exam2-001-question.jpg	photo-refresh/exam-02/answers/exam2-001-answer.jpg				
exam2-002	2	2	photo-refresh/exam-02/questions/exam2-002-question.jpg	photo-refresh/exam-02/answers/exam2-002-answer.jpg				
exam2-003	2	3	photo-refresh/exam-02/questions/exam2-003-question.jpg	photo-refresh/exam-02/answers/exam2-003-answer.jpg				
exam2-004	2	4	photo-refresh/exam-02/questions/exam2-004-question.jpg	photo-refresh/exam-02/answers/exam2-004-answer.jpg				
exam2-005	2	5	photo-refresh/exam-02/questions/exam2-005-question.jpg	photo-refresh/exam-02/answers/exam2-005-answer.jpg				
exam2-006	2	6	photo-refresh/exam-02/questions/exam2-006-question.jpg	photo-refresh/exam-02/answers/exam2-006-answer.jpg				
exam2-007	2	7	photo-refresh/exam-02/questions/exam2-007-question.jpg	photo-refresh/exam-02/answers/exam2-007-answer.jpg				
exam2-008	2	8	photo-refresh/exam-02/questions/exam2-008-question.jpg	photo-refresh/exam-02/answers/exam2-008-answer.jpg				
exam2-009	2	9	photo-refresh/exam-02/questions/exam2-009-question.jpg	photo-refresh/exam-02/answers/exam2-009-answer.jpg				
exam2-010	2	10	photo-refresh/exam-02/questions/exam2-010-question.jpg	photo-refresh/exam-02/answers/exam2-010-answer.jpg				
exam2-011	2	11	photo-refresh/exam-02/questions/exam2-011-question.jpg	photo-refresh/exam-02/answers/exam2-011-answer.jpg				
exam2-012	2	12	photo-refresh/exam-02/questions/exam2-012-question.jpg	photo-refresh/exam-02/answers/exam2-012-answer.jpg				
exam2-013	2	13	photo-refresh/exam-02/questions/exam2-013-question.jpg	photo-refresh/exam-02/answers/exam2-013-answer.jpg				
exam2-014	2	14	photo-refresh/exam-02/questions/exam2-014-question.jpg	photo-refresh/exam-02/answers/exam2-014-answer.jpg				
exam2-015	2	15	photo-refresh/exam-02/questions/exam2-015-question.jpg	photo-refresh/exam-02/answers/exam2-015-answer.jpg				
exam2-016	2	16	photo-refresh/exam-02/questions/exam2-016-question.jpg	photo-refresh/exam-02/answers/exam2-016-answer.jpg				
exam2-017	2	17	photo-refresh/exam-02/questions/exam2-017-question.jpg	photo-refresh/exam-02/answers/exam2-017-answer.jpg				
exam2-018	2	18	photo-refresh/exam-02/questions/exam2-018-question.jpg	photo-refresh/exam-02/answers/exam2-018-answer.jpg				
exam2-019	2	19	photo-refresh/exam-02/questions/exam2-019-question.jpg	photo-refresh/exam-02/answers/exam2-019-answer.jpg				
exam2-020	2	20	photo-refresh/exam-02/questions/exam2-020-question.jpg	photo-refresh/exam-02/answers/exam2-020-answer.jpg				
exam2-021	2	21	photo-refresh/exam-02/questions/exam2-021-question.jpg	photo-refresh/exam-02/answers/exam2-021-answer.jpg				
exam2-022	2	22	photo-refresh/exam-02/questions/exam2-022-question.jpg	photo-refresh/exam-02/answers/exam2-022-answer.jpg				
exam2-023	2	23	photo-refresh/exam-02/questions/exam2-023-question.jpg	photo-refresh/exam-02/answers/exam2-023-answer.jpg				
exam2-024	2	24	photo-refresh/exam-02/questions/exam2-024-question.jpg	photo-refresh/exam-02/answers/exam2-024-answer.jpg				
exam2-025	2	25	photo-refresh/exam-02/questions/exam2-025-question.jpg	photo-refresh/exam-02/answers/exam2-025-answer.jpg				
exam2-026	2	26	photo-refresh/exam-02/questions/exam2-026-question.jpg	photo-refresh/exam-02/answers/exam2-026-answer.jpg				
exam2-027	2	27	photo-refresh/exam-02/questions/exam2-027-question.jpg	photo-refresh/exam-02/answers/exam2-027-answer.jpg				
exam2-028	2	28	photo-refresh/exam-02/questions/exam2-028-question.jpg	photo-refresh/exam-02/answers/exam2-028-answer.jpg				
exam2-029	2	29	photo-refresh/exam-02/questions/exam2-029-question.jpg	photo-refresh/exam-02/answers/exam2-029-answer.jpg				
exam2-030	2	30	photo-refresh/exam-02/questions/exam2-030-question.jpg	photo-refresh/exam-02/answers/exam2-030-answer.jpg				
exam2-031	2	31	photo-refresh/exam-02/questions/exam2-031-question.jpg	photo-refresh/exam-02/answers/exam2-031-answer.jpg				
exam2-032	2	32	photo-refresh/exam-02/questions/exam2-032-question.jpg	photo-refresh/exam-02/answers/exam2-032-answer.jpg				
exam2-033	2	33	photo-refresh/exam-02/questions/exam2-033-question.jpg	photo-refresh/exam-02/answers/exam2-033-answer.jpg				
exam2-034	2	34	photo-refresh/exam-02/questions/exam2-034-question.jpg	photo-refresh/exam-02/answers/exam2-034-answer.jpg				
exam2-035	2	35	photo-refresh/exam-02/questions/exam2-035-question.jpg	photo-refresh/exam-02/answers/exam2-035-answer.jpg				
exam2-036	2	36	photo-refresh/exam-02/questions/exam2-036-question.jpg	photo-refresh/exam-02/answers/exam2-036-answer.jpg				
exam2-037	2	37	photo-refresh/exam-02/questions/exam2-037-question.jpg	photo-refresh/exam-02/answers/exam2-037-answer.jpg				
exam2-038	2	38	photo-refresh/exam-02/questions/exam2-038-question.jpg	photo-refresh/exam-02/answers/exam2-038-answer.jpg				
exam2-039	2	39	photo-refresh/exam-02/questions/exam2-039-question.jpg	photo-refresh/exam-02/answers/exam2-039-answer.jpg				
exam2-040	2	40	photo-refresh/exam-02/questions/exam2-040-question.jpg	photo-refresh/exam-02/answers/exam2-040-answer.jpg				
exam2-041	2	41	photo-refresh/exam-02/questions/exam2-041-question.jpg	photo-refresh/exam-02/answers/exam2-041-answer.jpg				
exam2-042	2	42	photo-refresh/exam-02/questions/exam2-042-question.jpg	photo-refresh/exam-02/answers/exam2-042-answer.jpg				
exam2-043	2	43	photo-refresh/exam-02/questions/exam2-043-question.jpg	photo-refresh/exam-02/answers/exam2-043-answer.jpg				
exam2-044	2	44	photo-refresh/exam-02/questions/exam2-044-question.jpg	photo-refresh/exam-02/answers/exam2-044-answer.jpg				
exam2-045	2	45	photo-refresh/exam-02/questions/exam2-045-question.jpg	photo-refresh/exam-02/answers/exam2-045-answer.jpg				
exam2-046	2	46	photo-refresh/exam-02/questions/exam2-046-question.jpg	photo-refresh/exam-02/answers/exam2-046-answer.jpg				
exam2-047	2	47	photo-refresh/exam-02/questions/exam2-047-question.jpg	photo-refresh/exam-02/answers/exam2-047-answer.jpg				
exam2-048	2	48	photo-refresh/exam-02/questions/exam2-048-question.jpg	photo-refresh/exam-02/answers/exam2-048-answer.jpg				
exam2-049	2	49	photo-refresh/exam-02/questions/exam2-049-question.jpg	photo-refresh/exam-02/answers/exam2-049-answer.jpg				
exam2-050	2	50	photo-refresh/exam-02/questions/exam2-050-question.jpg	photo-refresh/exam-02/answers/exam2-050-answer.jpg				
exam2-051	2	51	photo-refresh/exam-02/questions/exam2-051-question.jpg	photo-refresh/exam-02/answers/exam2-051-answer.jpg				
exam2-052	2	52	photo-refresh/exam-02/questions/exam2-052-question.jpg	photo-refresh/exam-02/answers/exam2-052-answer.jpg				
exam2-053	2	53	photo-refresh/exam-02/questions/exam2-053-question.jpg	photo-refresh/exam-02/answers/exam2-053-answer.jpg				
exam2-054	2	54	photo-refresh/exam-02/questions/exam2-054-question.jpg	photo-refresh/exam-02/answers/exam2-054-answer.jpg				
exam2-055	2	55	photo-refresh/exam-02/questions/exam2-055-question.jpg	photo-refresh/exam-02/answers/exam2-055-answer.jpg				
exam2-056	2	56	photo-refresh/exam-02/questions/exam2-056-question.jpg	photo-refresh/exam-02/answers/exam2-056-answer.jpg				
exam2-057	2	57	photo-refresh/exam-02/questions/exam2-057-question.jpg	photo-refresh/exam-02/answers/exam2-057-answer.jpg				
exam2-058	2	58	photo-refresh/exam-02/questions/exam2-058-question.jpg	photo-refresh/exam-02/answers/exam2-058-answer.jpg				
exam2-059	2	59	photo-refresh/exam-02/questions/exam2-059-question.jpg	photo-refresh/exam-02/answers/exam2-059-answer.jpg				
exam2-060	2	60	photo-refresh/exam-02/questions/exam2-060-question.jpg	photo-refresh/exam-02/answers/exam2-060-answer.jpg				
exam2-061	2	61	photo-refresh/exam-02/questions/exam2-061-question.jpg	photo-refresh/exam-02/answers/exam2-061-answer.jpg				
exam2-062	2	62	photo-refresh/exam-02/questions/exam2-062-question.jpg	photo-refresh/exam-02/answers/exam2-062-answer.jpg				
exam2-063	2	63	photo-refresh/exam-02/questions/exam2-063-question.jpg	photo-refresh/exam-02/answers/exam2-063-answer.jpg				
exam2-064	2	64	photo-refresh/exam-02/questions/exam2-064-question.jpg	photo-refresh/exam-02/answers/exam2-064-answer.jpg				
exam2-065	2	65	photo-refresh/exam-02/questions/exam2-065-question.jpg	photo-refresh/exam-02/answers/exam2-065-answer.jpg				
exam2-066	2	66	photo-refresh/exam-02/questions/exam2-066-question.jpg	photo-refresh/exam-02/answers/exam2-066-answer.jpg				
exam2-067	2	67	photo-refresh/exam-02/questions/exam2-067-question.jpg	photo-refresh/exam-02/answers/exam2-067-answer.jpg				
exam2-068	2	68	photo-refresh/exam-02/questions/exam2-068-question.jpg	photo-refresh/exam-02/answers/exam2-068-answer.jpg				
exam2-069	2	69	photo-refresh/exam-02/questions/exam2-069-question.jpg	photo-refresh/exam-02/answers/exam2-069-answer.jpg				
exam2-070	2	70	photo-refresh/exam-02/questions/exam2-070-question.jpg	photo-refresh/exam-02/answers/exam2-070-answer.jpg				
exam2-071	2	71	photo-refresh/exam-02/questions/exam2-071-question.jpg	photo-refresh/exam-02/answers/exam2-071-answer.jpg				
exam2-072	2	72	photo-refresh/exam-02/questions/exam2-072-question.jpg	photo-refresh/exam-02/answers/exam2-072-answer.jpg				
exam2-073	2	73	photo-refresh/exam-02/questions/exam2-073-question.jpg	photo-refresh/exam-02/answers/exam2-073-answer.jpg				
exam2-074	2	74	photo-refresh/exam-02/questions/exam2-074-question.jpg	photo-refresh/exam-02/answers/exam2-074-answer.jpg				
exam2-075	2	75	photo-refresh/exam-02/questions/exam2-075-question.jpg	photo-refresh/exam-02/answers/exam2-075-answer.jpg				
exam2-076	2	76	photo-refresh/exam-02/questions/exam2-076-question.jpg	photo-refresh/exam-02/answers/exam2-076-answer.jpg				
exam2-077	2	77	photo-refresh/exam-02/questions/exam2-077-question.jpg	photo-refresh/exam-02/answers/exam2-077-answer.jpg				
exam2-078	2	78	photo-refresh/exam-02/questions/exam2-078-question.jpg	photo-refresh/exam-02/answers/exam2-078-answer.jpg				
exam2-079	2	79	photo-refresh/exam-02/questions/exam2-079-question.jpg	photo-refresh/exam-02/answers/exam2-079-answer.jpg				
exam2-080	2	80	photo-refresh/exam-02/questions/exam2-080-question.jpg	photo-refresh/exam-02/answers/exam2-080-answer.jpg				
exam2-081	2	81	photo-refresh/exam-02/questions/exam2-081-question.jpg	photo-refresh/exam-02/answers/exam2-081-answer.jpg				
exam2-082	2	82	photo-refresh/exam-02/questions/exam2-082-question.jpg	photo-refresh/exam-02/answers/exam2-082-answer.jpg				
exam2-083	2	83	photo-refresh/exam-02/questions/exam2-083-question.jpg	photo-refresh/exam-02/answers/exam2-083-answer.jpg				
exam2-084	2	84	photo-refresh/exam-02/questions/exam2-084-question.jpg	photo-refresh/exam-02/answers/exam2-084-answer.jpg				
exam2-085	2	85	photo-refresh/exam-02/questions/exam2-085-question.jpg	photo-refresh/exam-02/answers/exam2-085-answer.jpg				
exam2-086	2	86	photo-refresh/exam-02/questions/exam2-086-question.jpg	photo-refresh/exam-02/answers/exam2-086-answer.jpg				
exam2-087	2	87	photo-refresh/exam-02/questions/exam2-087-question.jpg	photo-refresh/exam-02/answers/exam2-087-answer.jpg				
exam2-088	2	88	photo-refresh/exam-02/questions/exam2-088-question.jpg	photo-refresh/exam-02/answers/exam2-088-answer.jpg				
exam2-089	2	89	photo-refresh/exam-02/questions/exam2-089-question.jpg	photo-refresh/exam-02/answers/exam2-089-answer.jpg				
exam2-090	2	90	photo-refresh/exam-02/questions/exam2-090-question.jpg	photo-refresh/exam-02/answers/exam2-090-answer.jpg				
exam2-091	2	91	photo-refresh/exam-02/questions/exam2-091-question.jpg	photo-refresh/exam-02/answers/exam2-091-answer.jpg				
exam2-092	2	92	photo-refresh/exam-02/questions/exam2-092-question.jpg	photo-refresh/exam-02/answers/exam2-092-answer.jpg				
exam2-093	2	93	photo-refresh/exam-02/questions/exam2-093-question.jpg	photo-refresh/exam-02/answers/exam2-093-answer.jpg				
exam2-094	2	94	photo-refresh/exam-02/questions/exam2-094-question.jpg	photo-refresh/exam-02/answers/exam2-094-answer.jpg				
exam2-095	2	95	photo-refresh/exam-02/questions/exam2-095-question.jpg	photo-refresh/exam-02/answers/exam2-095-answer.jpg				
exam2-096	2	96	photo-refresh/exam-02/questions/exam2-096-question.jpg	photo-refresh/exam-02/answers/exam2-096-answer.jpg				
exam2-097	2	97	photo-refresh/exam-02/questions/exam2-097-question.jpg	photo-refresh/exam-02/answers/exam2-097-answer.jpg				
exam2-098	2	98	photo-refresh/exam-02/questions/exam2-098-question.jpg	photo-refresh/exam-02/answers/exam2-098-answer.jpg				
exam2-099	2	99	photo-refresh/exam-02/questions/exam2-099-question.jpg	photo-refresh/exam-02/answers/exam2-099-answer.jpg				
exam2-100	2	100	photo-refresh/exam-02/questions/exam2-100-question.jpg	photo-refresh/exam-02/answers/exam2-100-answer.jpg				
exam3-001	3	1	photo-refresh/exam-03/questions/exam3-001-question.jpg	photo-refresh/exam-03/answers/exam3-001-answer.jpg				
exam3-002	3	2	photo-refresh/exam-03/questions/exam3-002-question.jpg	photo-refresh/exam-03/answers/exam3-002-answer.jpg				
exam3-003	3	3	photo-refresh/exam-03/questions/exam3-003-question.jpg	photo-refresh/exam-03/answers/exam3-003-answer.jpg				
exam3-004	3	4	photo-refresh/exam-03/questions/exam3-004-question.jpg	photo-refresh/exam-03/answers/exam3-004-answer.jpg				
exam3-005	3	5	photo-refresh/exam-03/questions/exam3-005-question.jpg	photo-refresh/exam-03/answers/exam3-005-answer.jpg				
exam3-006	3	6	photo-refresh/exam-03/questions/exam3-006-question.jpg	photo-refresh/exam-03/answers/exam3-006-answer.jpg				
exam3-007	3	7	photo-refresh/exam-03/questions/exam3-007-question.jpg	photo-refresh/exam-03/answers/exam3-007-answer.jpg				
exam3-008	3	8	photo-refresh/exam-03/questions/exam3-008-question.jpg	photo-refresh/exam-03/answers/exam3-008-answer.jpg				
exam3-009	3	9	photo-refresh/exam-03/questions/exam3-009-question.jpg	photo-refresh/exam-03/answers/exam3-009-answer.jpg				
exam3-010	3	10	photo-refresh/exam-03/questions/exam3-010-question.jpg	photo-refresh/exam-03/answers/exam3-010-answer.jpg				
exam3-011	3	11	photo-refresh/exam-03/questions/exam3-011-question.jpg	photo-refresh/exam-03/answers/exam3-011-answer.jpg				
exam3-012	3	12	photo-refresh/exam-03/questions/exam3-012-question.jpg	photo-refresh/exam-03/answers/exam3-012-answer.jpg				
exam3-013	3	13	photo-refresh/exam-03/questions/exam3-013-question.jpg	photo-refresh/exam-03/answers/exam3-013-answer.jpg				
exam3-014	3	14	photo-refresh/exam-03/questions/exam3-014-question.jpg	photo-refresh/exam-03/answers/exam3-014-answer.jpg				
exam3-015	3	15	photo-refresh/exam-03/questions/exam3-015-question.jpg	photo-refresh/exam-03/answers/exam3-015-answer.jpg				
exam3-016	3	16	photo-refresh/exam-03/questions/exam3-016-question.jpg	photo-refresh/exam-03/answers/exam3-016-answer.jpg				
exam3-017	3	17	photo-refresh/exam-03/questions/exam3-017-question.jpg	photo-refresh/exam-03/answers/exam3-017-answer.jpg				
exam3-018	3	18	photo-refresh/exam-03/questions/exam3-018-question.jpg	photo-refresh/exam-03/answers/exam3-018-answer.jpg				
exam3-019	3	19	photo-refresh/exam-03/questions/exam3-019-question.jpg	photo-refresh/exam-03/answers/exam3-019-answer.jpg				
exam3-020	3	20	photo-refresh/exam-03/questions/exam3-020-question.jpg	photo-refresh/exam-03/answers/exam3-020-answer.jpg				
exam3-021	3	21	photo-refresh/exam-03/questions/exam3-021-question.jpg	photo-refresh/exam-03/answers/exam3-021-answer.jpg				
exam3-022	3	22	photo-refresh/exam-03/questions/exam3-022-question.jpg	photo-refresh/exam-03/answers/exam3-022-answer.jpg				
exam3-023	3	23	photo-refresh/exam-03/questions/exam3-023-question.jpg	photo-refresh/exam-03/answers/exam3-023-answer.jpg				
exam3-024	3	24	photo-refresh/exam-03/questions/exam3-024-question.jpg	photo-refresh/exam-03/answers/exam3-024-answer.jpg				
exam3-025	3	25	photo-refresh/exam-03/questions/exam3-025-question.jpg	photo-refresh/exam-03/answers/exam3-025-answer.jpg				
exam3-026	3	26	photo-refresh/exam-03/questions/exam3-026-question.jpg	photo-refresh/exam-03/answers/exam3-026-answer.jpg				
exam3-027	3	27	photo-refresh/exam-03/questions/exam3-027-question.jpg	photo-refresh/exam-03/answers/exam3-027-answer.jpg				
exam3-028	3	28	photo-refresh/exam-03/questions/exam3-028-question.jpg	photo-refresh/exam-03/answers/exam3-028-answer.jpg				
exam3-029	3	29	photo-refresh/exam-03/questions/exam3-029-question.jpg	photo-refresh/exam-03/answers/exam3-029-answer.jpg				
exam3-030	3	30	photo-refresh/exam-03/questions/exam3-030-question.jpg	photo-refresh/exam-03/answers/exam3-030-answer.jpg				
exam3-031	3	31	photo-refresh/exam-03/questions/exam3-031-question.jpg	photo-refresh/exam-03/answers/exam3-031-answer.jpg				
exam3-032	3	32	photo-refresh/exam-03/questions/exam3-032-question.jpg	photo-refresh/exam-03/answers/exam3-032-answer.jpg				
exam3-033	3	33	photo-refresh/exam-03/questions/exam3-033-question.jpg	photo-refresh/exam-03/answers/exam3-033-answer.jpg				
exam3-034	3	34	photo-refresh/exam-03/questions/exam3-034-question.jpg	photo-refresh/exam-03/answers/exam3-034-answer.jpg				
exam3-035	3	35	photo-refresh/exam-03/questions/exam3-035-question.jpg	photo-refresh/exam-03/answers/exam3-035-answer.jpg				
exam3-036	3	36	photo-refresh/exam-03/questions/exam3-036-question.jpg	photo-refresh/exam-03/answers/exam3-036-answer.jpg				
exam3-037	3	37	photo-refresh/exam-03/questions/exam3-037-question.jpg	photo-refresh/exam-03/answers/exam3-037-answer.jpg				
exam3-038	3	38	photo-refresh/exam-03/questions/exam3-038-question.jpg	photo-refresh/exam-03/answers/exam3-038-answer.jpg				
exam3-039	3	39	photo-refresh/exam-03/questions/exam3-039-question.jpg	photo-refresh/exam-03/answers/exam3-039-answer.jpg				
exam3-040	3	40	photo-refresh/exam-03/questions/exam3-040-question.jpg	photo-refresh/exam-03/answers/exam3-040-answer.jpg				
exam3-041	3	41	photo-refresh/exam-03/questions/exam3-041-question.jpg	photo-refresh/exam-03/answers/exam3-041-answer.jpg				
exam3-042	3	42	photo-refresh/exam-03/questions/exam3-042-question.jpg	photo-refresh/exam-03/answers/exam3-042-answer.jpg				
exam3-043	3	43	photo-refresh/exam-03/questions/exam3-043-question.jpg	photo-refresh/exam-03/answers/exam3-043-answer.jpg				
exam3-044	3	44	photo-refresh/exam-03/questions/exam3-044-question.jpg	photo-refresh/exam-03/answers/exam3-044-answer.jpg				
exam3-045	3	45	photo-refresh/exam-03/questions/exam3-045-question.jpg	photo-refresh/exam-03/answers/exam3-045-answer.jpg				
exam3-046	3	46	photo-refresh/exam-03/questions/exam3-046-question.jpg	photo-refresh/exam-03/answers/exam3-046-answer.jpg				
exam3-047	3	47	photo-refresh/exam-03/questions/exam3-047-question.jpg	photo-refresh/exam-03/answers/exam3-047-answer.jpg				
exam3-048	3	48	photo-refresh/exam-03/questions/exam3-048-question.jpg	photo-refresh/exam-03/answers/exam3-048-answer.jpg				
exam3-049	3	49	photo-refresh/exam-03/questions/exam3-049-question.jpg	photo-refresh/exam-03/answers/exam3-049-answer.jpg				
exam3-050	3	50	photo-refresh/exam-03/questions/exam3-050-question.jpg	photo-refresh/exam-03/answers/exam3-050-answer.jpg				
exam3-051	3	51	photo-refresh/exam-03/questions/exam3-051-question.jpg	photo-refresh/exam-03/answers/exam3-051-answer.jpg				
exam3-052	3	52	photo-refresh/exam-03/questions/exam3-052-question.jpg	photo-refresh/exam-03/answers/exam3-052-answer.jpg				
exam3-053	3	53	photo-refresh/exam-03/questions/exam3-053-question.jpg	photo-refresh/exam-03/answers/exam3-053-answer.jpg				
exam3-054	3	54	photo-refresh/exam-03/questions/exam3-054-question.jpg	photo-refresh/exam-03/answers/exam3-054-answer.jpg				
exam3-055	3	55	photo-refresh/exam-03/questions/exam3-055-question.jpg	photo-refresh/exam-03/answers/exam3-055-answer.jpg				
exam3-056	3	56	photo-refresh/exam-03/questions/exam3-056-question.jpg	photo-refresh/exam-03/answers/exam3-056-answer.jpg				
exam3-057	3	57	photo-refresh/exam-03/questions/exam3-057-question.jpg	photo-refresh/exam-03/answers/exam3-057-answer.jpg				
exam3-058	3	58	photo-refresh/exam-03/questions/exam3-058-question.jpg	photo-refresh/exam-03/answers/exam3-058-answer.jpg				
exam3-059	3	59	photo-refresh/exam-03/questions/exam3-059-question.jpg	photo-refresh/exam-03/answers/exam3-059-answer.jpg				
exam3-060	3	60	photo-refresh/exam-03/questions/exam3-060-question.jpg	photo-refresh/exam-03/answers/exam3-060-answer.jpg				
exam3-061	3	61	photo-refresh/exam-03/questions/exam3-061-question.jpg	photo-refresh/exam-03/answers/exam3-061-answer.jpg				
exam3-062	3	62	photo-refresh/exam-03/questions/exam3-062-question.jpg	photo-refresh/exam-03/answers/exam3-062-answer.jpg				
exam3-063	3	63	photo-refresh/exam-03/questions/exam3-063-question.jpg	photo-refresh/exam-03/answers/exam3-063-answer.jpg				
exam3-064	3	64	photo-refresh/exam-03/questions/exam3-064-question.jpg	photo-refresh/exam-03/answers/exam3-064-answer.jpg				
exam3-065	3	65	photo-refresh/exam-03/questions/exam3-065-question.jpg	photo-refresh/exam-03/answers/exam3-065-answer.jpg				
exam3-066	3	66	photo-refresh/exam-03/questions/exam3-066-question.jpg	photo-refresh/exam-03/answers/exam3-066-answer.jpg				
exam3-067	3	67	photo-refresh/exam-03/questions/exam3-067-question.jpg	photo-refresh/exam-03/answers/exam3-067-answer.jpg				
exam3-068	3	68	photo-refresh/exam-03/questions/exam3-068-question.jpg	photo-refresh/exam-03/answers/exam3-068-answer.jpg				
exam3-069	3	69	photo-refresh/exam-03/questions/exam3-069-question.jpg	photo-refresh/exam-03/answers/exam3-069-answer.jpg				
exam3-070	3	70	photo-refresh/exam-03/questions/exam3-070-question.jpg	photo-refresh/exam-03/answers/exam3-070-answer.jpg				
exam3-071	3	71	photo-refresh/exam-03/questions/exam3-071-question.jpg	photo-refresh/exam-03/answers/exam3-071-answer.jpg				
exam3-072	3	72	photo-refresh/exam-03/questions/exam3-072-question.jpg	photo-refresh/exam-03/answers/exam3-072-answer.jpg				
exam3-073	3	73	photo-refresh/exam-03/questions/exam3-073-question.jpg	photo-refresh/exam-03/answers/exam3-073-answer.jpg				
exam3-074	3	74	photo-refresh/exam-03/questions/exam3-074-question.jpg	photo-refresh/exam-03/answers/exam3-074-answer.jpg				
exam3-075	3	75	photo-refresh/exam-03/questions/exam3-075-question.jpg	photo-refresh/exam-03/answers/exam3-075-answer.jpg				
exam3-076	3	76	photo-refresh/exam-03/questions/exam3-076-question.jpg	photo-refresh/exam-03/answers/exam3-076-answer.jpg				
exam3-077	3	77	photo-refresh/exam-03/questions/exam3-077-question.jpg	photo-refresh/exam-03/answers/exam3-077-answer.jpg				
exam3-078	3	78	photo-refresh/exam-03/questions/exam3-078-question.jpg	photo-refresh/exam-03/answers/exam3-078-answer.jpg				
exam3-079	3	79	photo-refresh/exam-03/questions/exam3-079-question.jpg	photo-refresh/exam-03/answers/exam3-079-answer.jpg				
exam3-080	3	80	photo-refresh/exam-03/questions/exam3-080-question.jpg	photo-refresh/exam-03/answers/exam3-080-answer.jpg				
exam3-081	3	81	photo-refresh/exam-03/questions/exam3-081-question.jpg	photo-refresh/exam-03/answers/exam3-081-answer.jpg				
exam3-082	3	82	photo-refresh/exam-03/questions/exam3-082-question.jpg	photo-refresh/exam-03/answers/exam3-082-answer.jpg				
exam3-083	3	83	photo-refresh/exam-03/questions/exam3-083-question.jpg	photo-refresh/exam-03/answers/exam3-083-answer.jpg				
exam3-084	3	84	photo-refresh/exam-03/questions/exam3-084-question.jpg	photo-refresh/exam-03/answers/exam3-084-answer.jpg				
exam3-085	3	85	photo-refresh/exam-03/questions/exam3-085-question.jpg	photo-refresh/exam-03/answers/exam3-085-answer.jpg				
exam3-086	3	86	photo-refresh/exam-03/questions/exam3-086-question.jpg	photo-refresh/exam-03/answers/exam3-086-answer.jpg				
exam3-087	3	87	photo-refresh/exam-03/questions/exam3-087-question.jpg	photo-refresh/exam-03/answers/exam3-087-answer.jpg				
exam3-088	3	88	photo-refresh/exam-03/questions/exam3-088-question.jpg	photo-refresh/exam-03/answers/exam3-088-answer.jpg				
exam3-089	3	89	photo-refresh/exam-03/questions/exam3-089-question.jpg	photo-refresh/exam-03/answers/exam3-089-answer.jpg				
exam3-090	3	90	photo-refresh/exam-03/questions/exam3-090-question.jpg	photo-refresh/exam-03/answers/exam3-090-answer.jpg				
exam3-091	3	91	photo-refresh/exam-03/questions/exam3-091-question.jpg	photo-refresh/exam-03/answers/exam3-091-answer.jpg				
exam3-092	3	92	photo-refresh/exam-03/questions/exam3-092-question.jpg	photo-refresh/exam-03/answers/exam3-092-answer.jpg				
exam3-093	3	93	photo-refresh/exam-03/questions/exam3-093-question.jpg	photo-refresh/exam-03/answers/exam3-093-answer.jpg				
exam3-094	3	94	photo-refresh/exam-03/questions/exam3-094-question.jpg	photo-refresh/exam-03/answers/exam3-094-answer.jpg				
exam3-095	3	95	photo-refresh/exam-03/questions/exam3-095-question.jpg	photo-refresh/exam-03/answers/exam3-095-answer.jpg				
exam3-096	3	96	photo-refresh/exam-03/questions/exam3-096-question.jpg	photo-refresh/exam-03/answers/exam3-096-answer.jpg				
exam3-097	3	97	photo-refresh/exam-03/questions/exam3-097-question.jpg	photo-refresh/exam-03/answers/exam3-097-answer.jpg				
exam3-098	3	98	photo-refresh/exam-03/questions/exam3-098-question.jpg	photo-refresh/exam-03/answers/exam3-098-answer.jpg				
exam3-099	3	99	photo-refresh/exam-03/questions/exam3-099-question.jpg	photo-refresh/exam-03/answers/exam3-099-answer.jpg				
exam3-100	3	100	photo-refresh/exam-03/questions/exam3-100-question.jpg	photo-refresh/exam-03/answers/exam3-100-answer.jpg				
exam4-001	4	1	photo-refresh/exam-04/questions/exam4-001-question.jpg	photo-refresh/exam-04/answers/exam4-001-answer.jpg				
exam4-002	4	2	photo-refresh/exam-04/questions/exam4-002-question.jpg	photo-refresh/exam-04/answers/exam4-002-answer.jpg				
exam4-003	4	3	photo-refresh/exam-04/questions/exam4-003-question.jpg	photo-refresh/exam-04/answers/exam4-003-answer.jpg				
exam4-004	4	4	photo-refresh/exam-04/questions/exam4-004-question.jpg	photo-refresh/exam-04/answers/exam4-004-answer.jpg				
exam4-005	4	5	photo-refresh/exam-04/questions/exam4-005-question.jpg	photo-refresh/exam-04/answers/exam4-005-answer.jpg				
exam4-006	4	6	photo-refresh/exam-04/questions/exam4-006-question.jpg	photo-refresh/exam-04/answers/exam4-006-answer.jpg				
exam4-007	4	7	photo-refresh/exam-04/questions/exam4-007-question.jpg	photo-refresh/exam-04/answers/exam4-007-answer.jpg				
exam4-008	4	8	photo-refresh/exam-04/questions/exam4-008-question.jpg	photo-refresh/exam-04/answers/exam4-008-answer.jpg				
exam4-009	4	9	photo-refresh/exam-04/questions/exam4-009-question.jpg	photo-refresh/exam-04/answers/exam4-009-answer.jpg				
exam4-010	4	10	photo-refresh/exam-04/questions/exam4-010-question.jpg	photo-refresh/exam-04/answers/exam4-010-answer.jpg				
exam4-011	4	11	photo-refresh/exam-04/questions/exam4-011-question.jpg	photo-refresh/exam-04/answers/exam4-011-answer.jpg				
exam4-012	4	12	photo-refresh/exam-04/questions/exam4-012-question.jpg	photo-refresh/exam-04/answers/exam4-012-answer.jpg				
exam4-013	4	13	photo-refresh/exam-04/questions/exam4-013-question.jpg	photo-refresh/exam-04/answers/exam4-013-answer.jpg				
exam4-014	4	14	photo-refresh/exam-04/questions/exam4-014-question.jpg	photo-refresh/exam-04/answers/exam4-014-answer.jpg				
exam4-015	4	15	photo-refresh/exam-04/questions/exam4-015-question.jpg	photo-refresh/exam-04/answers/exam4-015-answer.jpg				
exam4-016	4	16	photo-refresh/exam-04/questions/exam4-016-question.jpg	photo-refresh/exam-04/answers/exam4-016-answer.jpg				
exam4-017	4	17	photo-refresh/exam-04/questions/exam4-017-question.jpg	photo-refresh/exam-04/answers/exam4-017-answer.jpg				
exam4-018	4	18	photo-refresh/exam-04/questions/exam4-018-question.jpg	photo-refresh/exam-04/answers/exam4-018-answer.jpg				
exam4-019	4	19	photo-refresh/exam-04/questions/exam4-019-question.jpg	photo-refresh/exam-04/answers/exam4-019-answer.jpg				
exam4-020	4	20	photo-refresh/exam-04/questions/exam4-020-question.jpg	photo-refresh/exam-04/answers/exam4-020-answer.jpg				
exam4-021	4	21	photo-refresh/exam-04/questions/exam4-021-question.jpg	photo-refresh/exam-04/answers/exam4-021-answer.jpg				
exam4-022	4	22	photo-refresh/exam-04/questions/exam4-022-question.jpg	photo-refresh/exam-04/answers/exam4-022-answer.jpg				
exam4-023	4	23	photo-refresh/exam-04/questions/exam4-023-question.jpg	photo-refresh/exam-04/answers/exam4-023-answer.jpg				
exam4-024	4	24	photo-refresh/exam-04/questions/exam4-024-question.jpg	photo-refresh/exam-04/answers/exam4-024-answer.jpg				
exam4-025	4	25	photo-refresh/exam-04/questions/exam4-025-question.jpg	photo-refresh/exam-04/answers/exam4-025-answer.jpg				
exam4-026	4	26	photo-refresh/exam-04/questions/exam4-026-question.jpg	photo-refresh/exam-04/answers/exam4-026-answer.jpg				
exam4-027	4	27	photo-refresh/exam-04/questions/exam4-027-question.jpg	photo-refresh/exam-04/answers/exam4-027-answer.jpg				
exam4-028	4	28	photo-refresh/exam-04/questions/exam4-028-question.jpg	photo-refresh/exam-04/answers/exam4-028-answer.jpg				
exam4-029	4	29	photo-refresh/exam-04/questions/exam4-029-question.jpg	photo-refresh/exam-04/answers/exam4-029-answer.jpg				
exam4-030	4	30	photo-refresh/exam-04/questions/exam4-030-question.jpg	photo-refresh/exam-04/answers/exam4-030-answer.jpg				
exam4-031	4	31	photo-refresh/exam-04/questions/exam4-031-question.jpg	photo-refresh/exam-04/answers/exam4-031-answer.jpg				
exam4-032	4	32	photo-refresh/exam-04/questions/exam4-032-question.jpg	photo-refresh/exam-04/answers/exam4-032-answer.jpg				
exam4-033	4	33	photo-refresh/exam-04/questions/exam4-033-question.jpg	photo-refresh/exam-04/answers/exam4-033-answer.jpg				
exam4-034	4	34	photo-refresh/exam-04/questions/exam4-034-question.jpg	photo-refresh/exam-04/answers/exam4-034-answer.jpg				
exam4-035	4	35	photo-refresh/exam-04/questions/exam4-035-question.jpg	photo-refresh/exam-04/answers/exam4-035-answer.jpg				
exam4-036	4	36	photo-refresh/exam-04/questions/exam4-036-question.jpg	photo-refresh/exam-04/answers/exam4-036-answer.jpg				
exam4-037	4	37	photo-refresh/exam-04/questions/exam4-037-question.jpg	photo-refresh/exam-04/answers/exam4-037-answer.jpg				
exam4-038	4	38	photo-refresh/exam-04/questions/exam4-038-question.jpg	photo-refresh/exam-04/answers/exam4-038-answer.jpg				
exam4-039	4	39	photo-refresh/exam-04/questions/exam4-039-question.jpg	photo-refresh/exam-04/answers/exam4-039-answer.jpg				
exam4-040	4	40	photo-refresh/exam-04/questions/exam4-040-question.jpg	photo-refresh/exam-04/answers/exam4-040-answer.jpg				
exam4-041	4	41	photo-refresh/exam-04/questions/exam4-041-question.jpg	photo-refresh/exam-04/answers/exam4-041-answer.jpg				
exam4-042	4	42	photo-refresh/exam-04/questions/exam4-042-question.jpg	photo-refresh/exam-04/answers/exam4-042-answer.jpg				
exam4-043	4	43	photo-refresh/exam-04/questions/exam4-043-question.jpg	photo-refresh/exam-04/answers/exam4-043-answer.jpg				
exam4-044	4	44	photo-refresh/exam-04/questions/exam4-044-question.jpg	photo-refresh/exam-04/answers/exam4-044-answer.jpg				
exam4-045	4	45	photo-refresh/exam-04/questions/exam4-045-question.jpg	photo-refresh/exam-04/answers/exam4-045-answer.jpg				
exam4-046	4	46	photo-refresh/exam-04/questions/exam4-046-question.jpg	photo-refresh/exam-04/answers/exam4-046-answer.jpg				
exam4-047	4	47	photo-refresh/exam-04/questions/exam4-047-question.jpg	photo-refresh/exam-04/answers/exam4-047-answer.jpg				
exam4-048	4	48	photo-refresh/exam-04/questions/exam4-048-question.jpg	photo-refresh/exam-04/answers/exam4-048-answer.jpg				
exam4-049	4	49	photo-refresh/exam-04/questions/exam4-049-question.jpg	photo-refresh/exam-04/answers/exam4-049-answer.jpg				
exam4-050	4	50	photo-refresh/exam-04/questions/exam4-050-question.jpg	photo-refresh/exam-04/answers/exam4-050-answer.jpg				
exam4-051	4	51	photo-refresh/exam-04/questions/exam4-051-question.jpg	photo-refresh/exam-04/answers/exam4-051-answer.jpg				
exam4-052	4	52	photo-refresh/exam-04/questions/exam4-052-question.jpg	photo-refresh/exam-04/answers/exam4-052-answer.jpg				
exam4-053	4	53	photo-refresh/exam-04/questions/exam4-053-question.jpg	photo-refresh/exam-04/answers/exam4-053-answer.jpg				
exam4-054	4	54	photo-refresh/exam-04/questions/exam4-054-question.jpg	photo-refresh/exam-04/answers/exam4-054-answer.jpg				
exam4-055	4	55	photo-refresh/exam-04/questions/exam4-055-question.jpg	photo-refresh/exam-04/answers/exam4-055-answer.jpg				
exam4-056	4	56	photo-refresh/exam-04/questions/exam4-056-question.jpg	photo-refresh/exam-04/answers/exam4-056-answer.jpg				
exam4-057	4	57	photo-refresh/exam-04/questions/exam4-057-question.jpg	photo-refresh/exam-04/answers/exam4-057-answer.jpg				
exam4-058	4	58	photo-refresh/exam-04/questions/exam4-058-question.jpg	photo-refresh/exam-04/answers/exam4-058-answer.jpg				
exam4-059	4	59	photo-refresh/exam-04/questions/exam4-059-question.jpg	photo-refresh/exam-04/answers/exam4-059-answer.jpg				
exam4-060	4	60	photo-refresh/exam-04/questions/exam4-060-question.jpg	photo-refresh/exam-04/answers/exam4-060-answer.jpg				
exam4-061	4	61	photo-refresh/exam-04/questions/exam4-061-question.jpg	photo-refresh/exam-04/answers/exam4-061-answer.jpg				
exam4-062	4	62	photo-refresh/exam-04/questions/exam4-062-question.jpg	photo-refresh/exam-04/answers/exam4-062-answer.jpg				
exam4-063	4	63	photo-refresh/exam-04/questions/exam4-063-question.jpg	photo-refresh/exam-04/answers/exam4-063-answer.jpg				
exam4-064	4	64	photo-refresh/exam-04/questions/exam4-064-question.jpg	photo-refresh/exam-04/answers/exam4-064-answer.jpg				
exam4-065	4	65	photo-refresh/exam-04/questions/exam4-065-question.jpg	photo-refresh/exam-04/answers/exam4-065-answer.jpg				
exam4-066	4	66	photo-refresh/exam-04/questions/exam4-066-question.jpg	photo-refresh/exam-04/answers/exam4-066-answer.jpg				
exam4-067	4	67	photo-refresh/exam-04/questions/exam4-067-question.jpg	photo-refresh/exam-04/answers/exam4-067-answer.jpg				
exam4-068	4	68	photo-refresh/exam-04/questions/exam4-068-question.jpg	photo-refresh/exam-04/answers/exam4-068-answer.jpg				
exam4-069	4	69	photo-refresh/exam-04/questions/exam4-069-question.jpg	photo-refresh/exam-04/answers/exam4-069-answer.jpg				
exam4-070	4	70	photo-refresh/exam-04/questions/exam4-070-question.jpg	photo-refresh/exam-04/answers/exam4-070-answer.jpg				
exam4-071	4	71	photo-refresh/exam-04/questions/exam4-071-question.jpg	photo-refresh/exam-04/answers/exam4-071-answer.jpg				
exam4-072	4	72	photo-refresh/exam-04/questions/exam4-072-question.jpg	photo-refresh/exam-04/answers/exam4-072-answer.jpg				
exam4-073	4	73	photo-refresh/exam-04/questions/exam4-073-question.jpg	photo-refresh/exam-04/answers/exam4-073-answer.jpg				
exam4-074	4	74	photo-refresh/exam-04/questions/exam4-074-question.jpg	photo-refresh/exam-04/answers/exam4-074-answer.jpg				
exam4-075	4	75	photo-refresh/exam-04/questions/exam4-075-question.jpg	photo-refresh/exam-04/answers/exam4-075-answer.jpg				
exam4-076	4	76	photo-refresh/exam-04/questions/exam4-076-question.jpg	photo-refresh/exam-04/answers/exam4-076-answer.jpg				
exam4-077	4	77	photo-refresh/exam-04/questions/exam4-077-question.jpg	photo-refresh/exam-04/answers/exam4-077-answer.jpg				
exam4-078	4	78	photo-refresh/exam-04/questions/exam4-078-question.jpg	photo-refresh/exam-04/answers/exam4-078-answer.jpg				
exam4-079	4	79	photo-refresh/exam-04/questions/exam4-079-question.jpg	photo-refresh/exam-04/answers/exam4-079-answer.jpg				
exam4-080	4	80	photo-refresh/exam-04/questions/exam4-080-question.jpg	photo-refresh/exam-04/answers/exam4-080-answer.jpg				
exam4-081	4	81	photo-refresh/exam-04/questions/exam4-081-question.jpg	photo-refresh/exam-04/answers/exam4-081-answer.jpg				
exam4-082	4	82	photo-refresh/exam-04/questions/exam4-082-question.jpg	photo-refresh/exam-04/answers/exam4-082-answer.jpg				
exam4-083	4	83	photo-refresh/exam-04/questions/exam4-083-question.jpg	photo-refresh/exam-04/answers/exam4-083-answer.jpg				
exam4-084	4	84	photo-refresh/exam-04/questions/exam4-084-question.jpg	photo-refresh/exam-04/answers/exam4-084-answer.jpg				
exam4-085	4	85	photo-refresh/exam-04/questions/exam4-085-question.jpg	photo-refresh/exam-04/answers/exam4-085-answer.jpg				
exam4-086	4	86	photo-refresh/exam-04/questions/exam4-086-question.jpg	photo-refresh/exam-04/answers/exam4-086-answer.jpg				
exam4-087	4	87	photo-refresh/exam-04/questions/exam4-087-question.jpg	photo-refresh/exam-04/answers/exam4-087-answer.jpg				
exam4-088	4	88	photo-refresh/exam-04/questions/exam4-088-question.jpg	photo-refresh/exam-04/answers/exam4-088-answer.jpg				
exam4-089	4	89	photo-refresh/exam-04/questions/exam4-089-question.jpg	photo-refresh/exam-04/answers/exam4-089-answer.jpg				
exam4-090	4	90	photo-refresh/exam-04/questions/exam4-090-question.jpg	photo-refresh/exam-04/answers/exam4-090-answer.jpg				
exam4-091	4	91	photo-refresh/exam-04/questions/exam4-091-question.jpg	photo-refresh/exam-04/answers/exam4-091-answer.jpg				
exam4-092	4	92	photo-refresh/exam-04/questions/exam4-092-question.jpg	photo-refresh/exam-04/answers/exam4-092-answer.jpg				
exam4-093	4	93	photo-refresh/exam-04/questions/exam4-093-question.jpg	photo-refresh/exam-04/answers/exam4-093-answer.jpg				
exam4-094	4	94	photo-refresh/exam-04/questions/exam4-094-question.jpg	photo-refresh/exam-04/answers/exam4-094-answer.jpg				
exam4-095	4	95	photo-refresh/exam-04/questions/exam4-095-question.jpg	photo-refresh/exam-04/answers/exam4-095-answer.jpg				
exam4-096	4	96	photo-refresh/exam-04/questions/exam4-096-question.jpg	photo-refresh/exam-04/answers/exam4-096-answer.jpg				
exam4-097	4	97	photo-refresh/exam-04/questions/exam4-097-question.jpg	photo-refresh/exam-04/answers/exam4-097-answer.jpg				
exam4-098	4	98	photo-refresh/exam-04/questions/exam4-098-question.jpg	photo-refresh/exam-04/answers/exam4-098-answer.jpg				
exam4-099	4	99	photo-refresh/exam-04/questions/exam4-099-question.jpg	photo-refresh/exam-04/answers/exam4-099-answer.jpg				
exam4-100	4	100	photo-refresh/exam-04/questions/exam4-100-question.jpg	photo-refresh/exam-04/answers/exam4-100-answer.jpg				
exam5-001	5	1	photo-refresh/exam-05/questions/exam5-001-question.jpg	photo-refresh/exam-05/answers/exam5-001-answer.jpg				
exam5-002	5	2	photo-refresh/exam-05/questions/exam5-002-question.jpg	photo-refresh/exam-05/answers/exam5-002-answer.jpg				
exam5-003	5	3	photo-refresh/exam-05/questions/exam5-003-question.jpg	photo-refresh/exam-05/answers/exam5-003-answer.jpg				
exam5-004	5	4	photo-refresh/exam-05/questions/exam5-004-question.jpg	photo-refresh/exam-05/answers/exam5-004-answer.jpg				
exam5-005	5	5	photo-refresh/exam-05/questions/exam5-005-question.jpg	photo-refresh/exam-05/answers/exam5-005-answer.jpg				
exam5-006	5	6	photo-refresh/exam-05/questions/exam5-006-question.jpg	photo-refresh/exam-05/answers/exam5-006-answer.jpg				
exam5-007	5	7	photo-refresh/exam-05/questions/exam5-007-question.jpg	photo-refresh/exam-05/answers/exam5-007-answer.jpg				
exam5-008	5	8	photo-refresh/exam-05/questions/exam5-008-question.jpg	photo-refresh/exam-05/answers/exam5-008-answer.jpg				
exam5-009	5	9	photo-refresh/exam-05/questions/exam5-009-question.jpg	photo-refresh/exam-05/answers/exam5-009-answer.jpg				
exam5-010	5	10	photo-refresh/exam-05/questions/exam5-010-question.jpg	photo-refresh/exam-05/answers/exam5-010-answer.jpg				
exam5-011	5	11	photo-refresh/exam-05/questions/exam5-011-question.jpg	photo-refresh/exam-05/answers/exam5-011-answer.jpg				
exam5-012	5	12	photo-refresh/exam-05/questions/exam5-012-question.jpg	photo-refresh/exam-05/answers/exam5-012-answer.jpg				
exam5-013	5	13	photo-refresh/exam-05/questions/exam5-013-question.jpg	photo-refresh/exam-05/answers/exam5-013-answer.jpg				
exam5-014	5	14	photo-refresh/exam-05/questions/exam5-014-question.jpg	photo-refresh/exam-05/answers/exam5-014-answer.jpg				
exam5-015	5	15	photo-refresh/exam-05/questions/exam5-015-question.jpg	photo-refresh/exam-05/answers/exam5-015-answer.jpg				
exam5-016	5	16	photo-refresh/exam-05/questions/exam5-016-question.jpg	photo-refresh/exam-05/answers/exam5-016-answer.jpg				
exam5-017	5	17	photo-refresh/exam-05/questions/exam5-017-question.jpg	photo-refresh/exam-05/answers/exam5-017-answer.jpg				
exam5-018	5	18	photo-refresh/exam-05/questions/exam5-018-question.jpg	photo-refresh/exam-05/answers/exam5-018-answer.jpg				
exam5-019	5	19	photo-refresh/exam-05/questions/exam5-019-question.jpg	photo-refresh/exam-05/answers/exam5-019-answer.jpg				
exam5-020	5	20	photo-refresh/exam-05/questions/exam5-020-question.jpg	photo-refresh/exam-05/answers/exam5-020-answer.jpg				
exam5-021	5	21	photo-refresh/exam-05/questions/exam5-021-question.jpg	photo-refresh/exam-05/answers/exam5-021-answer.jpg				
exam5-022	5	22	photo-refresh/exam-05/questions/exam5-022-question.jpg	photo-refresh/exam-05/answers/exam5-022-answer.jpg				
exam5-023	5	23	photo-refresh/exam-05/questions/exam5-023-question.jpg	photo-refresh/exam-05/answers/exam5-023-answer.jpg				
exam5-024	5	24	photo-refresh/exam-05/questions/exam5-024-question.jpg	photo-refresh/exam-05/answers/exam5-024-answer.jpg				
exam5-025	5	25	photo-refresh/exam-05/questions/exam5-025-question.jpg	photo-refresh/exam-05/answers/exam5-025-answer.jpg				
exam5-026	5	26	photo-refresh/exam-05/questions/exam5-026-question.jpg	photo-refresh/exam-05/answers/exam5-026-answer.jpg				
exam5-027	5	27	photo-refresh/exam-05/questions/exam5-027-question.jpg	photo-refresh/exam-05/answers/exam5-027-answer.jpg				
exam5-028	5	28	photo-refresh/exam-05/questions/exam5-028-question.jpg	photo-refresh/exam-05/answers/exam5-028-answer.jpg				
exam5-029	5	29	photo-refresh/exam-05/questions/exam5-029-question.jpg	photo-refresh/exam-05/answers/exam5-029-answer.jpg				
exam5-030	5	30	photo-refresh/exam-05/questions/exam5-030-question.jpg	photo-refresh/exam-05/answers/exam5-030-answer.jpg				
exam5-031	5	31	photo-refresh/exam-05/questions/exam5-031-question.jpg	photo-refresh/exam-05/answers/exam5-031-answer.jpg				
exam5-032	5	32	photo-refresh/exam-05/questions/exam5-032-question.jpg	photo-refresh/exam-05/answers/exam5-032-answer.jpg				
exam5-033	5	33	photo-refresh/exam-05/questions/exam5-033-question.jpg	photo-refresh/exam-05/answers/exam5-033-answer.jpg				
exam5-034	5	34	photo-refresh/exam-05/questions/exam5-034-question.jpg	photo-refresh/exam-05/answers/exam5-034-answer.jpg				
exam5-035	5	35	photo-refresh/exam-05/questions/exam5-035-question.jpg	photo-refresh/exam-05/answers/exam5-035-answer.jpg				
exam5-036	5	36	photo-refresh/exam-05/questions/exam5-036-question.jpg	photo-refresh/exam-05/answers/exam5-036-answer.jpg				
exam5-037	5	37	photo-refresh/exam-05/questions/exam5-037-question.jpg	photo-refresh/exam-05/answers/exam5-037-answer.jpg				
exam5-038	5	38	photo-refresh/exam-05/questions/exam5-038-question.jpg	photo-refresh/exam-05/answers/exam5-038-answer.jpg				
exam5-039	5	39	photo-refresh/exam-05/questions/exam5-039-question.jpg	photo-refresh/exam-05/answers/exam5-039-answer.jpg				
exam5-040	5	40	photo-refresh/exam-05/questions/exam5-040-question.jpg	photo-refresh/exam-05/answers/exam5-040-answer.jpg				
exam5-041	5	41	photo-refresh/exam-05/questions/exam5-041-question.jpg	photo-refresh/exam-05/answers/exam5-041-answer.jpg				
exam5-042	5	42	photo-refresh/exam-05/questions/exam5-042-question.jpg	photo-refresh/exam-05/answers/exam5-042-answer.jpg				
exam5-043	5	43	photo-refresh/exam-05/questions/exam5-043-question.jpg	photo-refresh/exam-05/answers/exam5-043-answer.jpg				
exam5-044	5	44	photo-refresh/exam-05/questions/exam5-044-question.jpg	photo-refresh/exam-05/answers/exam5-044-answer.jpg				
exam5-045	5	45	photo-refresh/exam-05/questions/exam5-045-question.jpg	photo-refresh/exam-05/answers/exam5-045-answer.jpg				
exam5-046	5	46	photo-refresh/exam-05/questions/exam5-046-question.jpg	photo-refresh/exam-05/answers/exam5-046-answer.jpg				
exam5-047	5	47	photo-refresh/exam-05/questions/exam5-047-question.jpg	photo-refresh/exam-05/answers/exam5-047-answer.jpg				
exam5-048	5	48	photo-refresh/exam-05/questions/exam5-048-question.jpg	photo-refresh/exam-05/answers/exam5-048-answer.jpg				
exam5-049	5	49	photo-refresh/exam-05/questions/exam5-049-question.jpg	photo-refresh/exam-05/answers/exam5-049-answer.jpg				
exam5-050	5	50	photo-refresh/exam-05/questions/exam5-050-question.jpg	photo-refresh/exam-05/answers/exam5-050-answer.jpg				
exam5-051	5	51	photo-refresh/exam-05/questions/exam5-051-question.jpg	photo-refresh/exam-05/answers/exam5-051-answer.jpg				
exam5-052	5	52	photo-refresh/exam-05/questions/exam5-052-question.jpg	photo-refresh/exam-05/answers/exam5-052-answer.jpg				
exam5-053	5	53	photo-refresh/exam-05/questions/exam5-053-question.jpg	photo-refresh/exam-05/answers/exam5-053-answer.jpg				
exam5-054	5	54	photo-refresh/exam-05/questions/exam5-054-question.jpg	photo-refresh/exam-05/answers/exam5-054-answer.jpg				
exam5-055	5	55	photo-refresh/exam-05/questions/exam5-055-question.jpg	photo-refresh/exam-05/answers/exam5-055-answer.jpg				
exam5-056	5	56	photo-refresh/exam-05/questions/exam5-056-question.jpg	photo-refresh/exam-05/answers/exam5-056-answer.jpg				
exam5-057	5	57	photo-refresh/exam-05/questions/exam5-057-question.jpg	photo-refresh/exam-05/answers/exam5-057-answer.jpg				
exam5-058	5	58	photo-refresh/exam-05/questions/exam5-058-question.jpg	photo-refresh/exam-05/answers/exam5-058-answer.jpg				
exam5-059	5	59	photo-refresh/exam-05/questions/exam5-059-question.jpg	photo-refresh/exam-05/answers/exam5-059-answer.jpg				
exam5-060	5	60	photo-refresh/exam-05/questions/exam5-060-question.jpg	photo-refresh/exam-05/answers/exam5-060-answer.jpg				
exam5-061	5	61	photo-refresh/exam-05/questions/exam5-061-question.jpg	photo-refresh/exam-05/answers/exam5-061-answer.jpg				
exam5-062	5	62	photo-refresh/exam-05/questions/exam5-062-question.jpg	photo-refresh/exam-05/answers/exam5-062-answer.jpg				
exam5-063	5	63	photo-refresh/exam-05/questions/exam5-063-question.jpg	photo-refresh/exam-05/answers/exam5-063-answer.jpg				
exam5-064	5	64	photo-refresh/exam-05/questions/exam5-064-question.jpg	photo-refresh/exam-05/answers/exam5-064-answer.jpg				
exam5-065	5	65	photo-refresh/exam-05/questions/exam5-065-question.jpg	photo-refresh/exam-05/answers/exam5-065-answer.jpg				
exam5-066	5	66	photo-refresh/exam-05/questions/exam5-066-question.jpg	photo-refresh/exam-05/answers/exam5-066-answer.jpg				
exam5-067	5	67	photo-refresh/exam-05/questions/exam5-067-question.jpg	photo-refresh/exam-05/answers/exam5-067-answer.jpg				
exam5-068	5	68	photo-refresh/exam-05/questions/exam5-068-question.jpg	photo-refresh/exam-05/answers/exam5-068-answer.jpg				
exam5-069	5	69	photo-refresh/exam-05/questions/exam5-069-question.jpg	photo-refresh/exam-05/answers/exam5-069-answer.jpg				
exam5-070	5	70	photo-refresh/exam-05/questions/exam5-070-question.jpg	photo-refresh/exam-05/answers/exam5-070-answer.jpg				
exam5-071	5	71	photo-refresh/exam-05/questions/exam5-071-question.jpg	photo-refresh/exam-05/answers/exam5-071-answer.jpg				
exam5-072	5	72	photo-refresh/exam-05/questions/exam5-072-question.jpg	photo-refresh/exam-05/answers/exam5-072-answer.jpg				
exam5-073	5	73	photo-refresh/exam-05/questions/exam5-073-question.jpg	photo-refresh/exam-05/answers/exam5-073-answer.jpg				
exam5-074	5	74	photo-refresh/exam-05/questions/exam5-074-question.jpg	photo-refresh/exam-05/answers/exam5-074-answer.jpg				
exam5-075	5	75	photo-refresh/exam-05/questions/exam5-075-question.jpg	photo-refresh/exam-05/answers/exam5-075-answer.jpg				
exam5-076	5	76	photo-refresh/exam-05/questions/exam5-076-question.jpg	photo-refresh/exam-05/answers/exam5-076-answer.jpg				
exam5-077	5	77	photo-refresh/exam-05/questions/exam5-077-question.jpg	photo-refresh/exam-05/answers/exam5-077-answer.jpg				
exam5-078	5	78	photo-refresh/exam-05/questions/exam5-078-question.jpg	photo-refresh/exam-05/answers/exam5-078-answer.jpg				
exam5-079	5	79	photo-refresh/exam-05/questions/exam5-079-question.jpg	photo-refresh/exam-05/answers/exam5-079-answer.jpg				
exam5-080	5	80	photo-refresh/exam-05/questions/exam5-080-question.jpg	photo-refresh/exam-05/answers/exam5-080-answer.jpg				
exam5-081	5	81	photo-refresh/exam-05/questions/exam5-081-question.jpg	photo-refresh/exam-05/answers/exam5-081-answer.jpg				
exam5-082	5	82	photo-refresh/exam-05/questions/exam5-082-question.jpg	photo-refresh/exam-05/answers/exam5-082-answer.jpg				
exam5-083	5	83	photo-refresh/exam-05/questions/exam5-083-question.jpg	photo-refresh/exam-05/answers/exam5-083-answer.jpg				
exam5-084	5	84	photo-refresh/exam-05/questions/exam5-084-question.jpg	photo-refresh/exam-05/answers/exam5-084-answer.jpg				
exam5-085	5	85	photo-refresh/exam-05/questions/exam5-085-question.jpg	photo-refresh/exam-05/answers/exam5-085-answer.jpg				
exam5-086	5	86	photo-refresh/exam-05/questions/exam5-086-question.jpg	photo-refresh/exam-05/answers/exam5-086-answer.jpg				
exam5-087	5	87	photo-refresh/exam-05/questions/exam5-087-question.jpg	photo-refresh/exam-05/answers/exam5-087-answer.jpg				
exam5-088	5	88	photo-refresh/exam-05/questions/exam5-088-question.jpg	photo-refresh/exam-05/answers/exam5-088-answer.jpg				
exam5-089	5	89	photo-refresh/exam-05/questions/exam5-089-question.jpg	photo-refresh/exam-05/answers/exam5-089-answer.jpg				
exam5-090	5	90	photo-refresh/exam-05/questions/exam5-090-question.jpg	photo-refresh/exam-05/answers/exam5-090-answer.jpg				
exam5-091	5	91	photo-refresh/exam-05/questions/exam5-091-question.jpg	photo-refresh/exam-05/answers/exam5-091-answer.jpg				
exam5-092	5	92	photo-refresh/exam-05/questions/exam5-092-question.jpg	photo-refresh/exam-05/answers/exam5-092-answer.jpg				
exam5-093	5	93	photo-refresh/exam-05/questions/exam5-093-question.jpg	photo-refresh/exam-05/answers/exam5-093-answer.jpg				
exam5-094	5	94	photo-refresh/exam-05/questions/exam5-094-question.jpg	photo-refresh/exam-05/answers/exam5-094-answer.jpg				
exam5-095	5	95	photo-refresh/exam-05/questions/exam5-095-question.jpg	photo-refresh/exam-05/answers/exam5-095-answer.jpg				
exam5-096	5	96	photo-refresh/exam-05/questions/exam5-096-question.jpg	photo-refresh/exam-05/answers/exam5-096-answer.jpg				
exam5-097	5	97	photo-refresh/exam-05/questions/exam5-097-question.jpg	photo-refresh/exam-05/answers/exam5-097-answer.jpg				
exam5-098	5	98	photo-refresh/exam-05/questions/exam5-098-question.jpg	photo-refresh/exam-05/answers/exam5-098-answer.jpg				
exam5-099	5	99	photo-refresh/exam-05/questions/exam5-099-question.jpg	photo-refresh/exam-05/answers/exam5-099-answer.jpg				
exam5-100	5	100	photo-refresh/exam-05/questions/exam5-100-question.jpg	photo-refresh/exam-05/answers/exam5-100-answer.jpg				
exam6-001	6	1	photo-refresh/exam-06/questions/exam6-001-question.jpg	photo-refresh/exam-06/answers/exam6-001-answer.jpg				
exam6-002	6	2	photo-refresh/exam-06/questions/exam6-002-question.jpg	photo-refresh/exam-06/answers/exam6-002-answer.jpg				
exam6-003	6	3	photo-refresh/exam-06/questions/exam6-003-question.jpg	photo-refresh/exam-06/answers/exam6-003-answer.jpg				
exam6-004	6	4	photo-refresh/exam-06/questions/exam6-004-question.jpg	photo-refresh/exam-06/answers/exam6-004-answer.jpg				
exam6-005	6	5	photo-refresh/exam-06/questions/exam6-005-question.jpg	photo-refresh/exam-06/answers/exam6-005-answer.jpg				
exam6-006	6	6	photo-refresh/exam-06/questions/exam6-006-question.jpg	photo-refresh/exam-06/answers/exam6-006-answer.jpg				
exam6-007	6	7	photo-refresh/exam-06/questions/exam6-007-question.jpg	photo-refresh/exam-06/answers/exam6-007-answer.jpg				
exam6-008	6	8	photo-refresh/exam-06/questions/exam6-008-question.jpg	photo-refresh/exam-06/answers/exam6-008-answer.jpg				
exam6-009	6	9	photo-refresh/exam-06/questions/exam6-009-question.jpg	photo-refresh/exam-06/answers/exam6-009-answer.jpg				
exam6-010	6	10	photo-refresh/exam-06/questions/exam6-010-question.jpg	photo-refresh/exam-06/answers/exam6-010-answer.jpg				
exam6-011	6	11	photo-refresh/exam-06/questions/exam6-011-question.jpg	photo-refresh/exam-06/answers/exam6-011-answer.jpg				
exam6-012	6	12	photo-refresh/exam-06/questions/exam6-012-question.jpg	photo-refresh/exam-06/answers/exam6-012-answer.jpg				
exam6-013	6	13	photo-refresh/exam-06/questions/exam6-013-question.jpg	photo-refresh/exam-06/answers/exam6-013-answer.jpg				
exam6-014	6	14	photo-refresh/exam-06/questions/exam6-014-question.jpg	photo-refresh/exam-06/answers/exam6-014-answer.jpg				
exam6-015	6	15	photo-refresh/exam-06/questions/exam6-015-question.jpg	photo-refresh/exam-06/answers/exam6-015-answer.jpg				
exam6-016	6	16	photo-refresh/exam-06/questions/exam6-016-question.jpg	photo-refresh/exam-06/answers/exam6-016-answer.jpg				
exam6-017	6	17	photo-refresh/exam-06/questions/exam6-017-question.jpg	photo-refresh/exam-06/answers/exam6-017-answer.jpg				
exam6-018	6	18	photo-refresh/exam-06/questions/exam6-018-question.jpg	photo-refresh/exam-06/answers/exam6-018-answer.jpg				
exam6-019	6	19	photo-refresh/exam-06/questions/exam6-019-question.jpg	photo-refresh/exam-06/answers/exam6-019-answer.jpg				
exam6-020	6	20	photo-refresh/exam-06/questions/exam6-020-question.jpg	photo-refresh/exam-06/answers/exam6-020-answer.jpg				
exam6-021	6	21	photo-refresh/exam-06/questions/exam6-021-question.jpg	photo-refresh/exam-06/answers/exam6-021-answer.jpg				
exam6-022	6	22	photo-refresh/exam-06/questions/exam6-022-question.jpg	photo-refresh/exam-06/answers/exam6-022-answer.jpg				
exam6-023	6	23	photo-refresh/exam-06/questions/exam6-023-question.jpg	photo-refresh/exam-06/answers/exam6-023-answer.jpg				
exam6-024	6	24	photo-refresh/exam-06/questions/exam6-024-question.jpg	photo-refresh/exam-06/answers/exam6-024-answer.jpg				
exam6-025	6	25	photo-refresh/exam-06/questions/exam6-025-question.jpg	photo-refresh/exam-06/answers/exam6-025-answer.jpg				
exam6-026	6	26	photo-refresh/exam-06/questions/exam6-026-question.jpg	photo-refresh/exam-06/answers/exam6-026-answer.jpg				
exam6-027	6	27	photo-refresh/exam-06/questions/exam6-027-question.jpg	photo-refresh/exam-06/answers/exam6-027-answer.jpg				
exam6-028	6	28	photo-refresh/exam-06/questions/exam6-028-question.jpg	photo-refresh/exam-06/answers/exam6-028-answer.jpg				
exam6-029	6	29	photo-refresh/exam-06/questions/exam6-029-question.jpg	photo-refresh/exam-06/answers/exam6-029-answer.jpg				
exam6-030	6	30	photo-refresh/exam-06/questions/exam6-030-question.jpg	photo-refresh/exam-06/answers/exam6-030-answer.jpg				
exam6-031	6	31	photo-refresh/exam-06/questions/exam6-031-question.jpg	photo-refresh/exam-06/answers/exam6-031-answer.jpg				
exam6-032	6	32	photo-refresh/exam-06/questions/exam6-032-question.jpg	photo-refresh/exam-06/answers/exam6-032-answer.jpg				
exam6-033	6	33	photo-refresh/exam-06/questions/exam6-033-question.jpg	photo-refresh/exam-06/answers/exam6-033-answer.jpg				
exam6-034	6	34	photo-refresh/exam-06/questions/exam6-034-question.jpg	photo-refresh/exam-06/answers/exam6-034-answer.jpg				
exam6-035	6	35	photo-refresh/exam-06/questions/exam6-035-question.jpg	photo-refresh/exam-06/answers/exam6-035-answer.jpg				
exam6-036	6	36	photo-refresh/exam-06/questions/exam6-036-question.jpg	photo-refresh/exam-06/answers/exam6-036-answer.jpg				
exam6-037	6	37	photo-refresh/exam-06/questions/exam6-037-question.jpg	photo-refresh/exam-06/answers/exam6-037-answer.jpg				
exam6-038	6	38	photo-refresh/exam-06/questions/exam6-038-question.jpg	photo-refresh/exam-06/answers/exam6-038-answer.jpg				
exam6-039	6	39	photo-refresh/exam-06/questions/exam6-039-question.jpg	photo-refresh/exam-06/answers/exam6-039-answer.jpg				
exam6-040	6	40	photo-refresh/exam-06/questions/exam6-040-question.jpg	photo-refresh/exam-06/answers/exam6-040-answer.jpg				
exam6-041	6	41	photo-refresh/exam-06/questions/exam6-041-question.jpg	photo-refresh/exam-06/answers/exam6-041-answer.jpg				
exam6-042	6	42	photo-refresh/exam-06/questions/exam6-042-question.jpg	photo-refresh/exam-06/answers/exam6-042-answer.jpg				
exam6-043	6	43	photo-refresh/exam-06/questions/exam6-043-question.jpg	photo-refresh/exam-06/answers/exam6-043-answer.jpg				
exam6-044	6	44	photo-refresh/exam-06/questions/exam6-044-question.jpg	photo-refresh/exam-06/answers/exam6-044-answer.jpg				
exam6-045	6	45	photo-refresh/exam-06/questions/exam6-045-question.jpg	photo-refresh/exam-06/answers/exam6-045-answer.jpg				
exam6-046	6	46	photo-refresh/exam-06/questions/exam6-046-question.jpg	photo-refresh/exam-06/answers/exam6-046-answer.jpg				
exam6-047	6	47	photo-refresh/exam-06/questions/exam6-047-question.jpg	photo-refresh/exam-06/answers/exam6-047-answer.jpg				
exam6-048	6	48	photo-refresh/exam-06/questions/exam6-048-question.jpg	photo-refresh/exam-06/answers/exam6-048-answer.jpg				
exam6-049	6	49	photo-refresh/exam-06/questions/exam6-049-question.jpg	photo-refresh/exam-06/answers/exam6-049-answer.jpg				
exam6-050	6	50	photo-refresh/exam-06/questions/exam6-050-question.jpg	photo-refresh/exam-06/answers/exam6-050-answer.jpg				
exam6-051	6	51	photo-refresh/exam-06/questions/exam6-051-question.jpg	photo-refresh/exam-06/answers/exam6-051-answer.jpg				
exam6-052	6	52	photo-refresh/exam-06/questions/exam6-052-question.jpg	photo-refresh/exam-06/answers/exam6-052-answer.jpg				
exam6-053	6	53	photo-refresh/exam-06/questions/exam6-053-question.jpg	photo-refresh/exam-06/answers/exam6-053-answer.jpg				
exam6-054	6	54	photo-refresh/exam-06/questions/exam6-054-question.jpg	photo-refresh/exam-06/answers/exam6-054-answer.jpg				
exam6-055	6	55	photo-refresh/exam-06/questions/exam6-055-question.jpg	photo-refresh/exam-06/answers/exam6-055-answer.jpg				
exam6-056	6	56	photo-refresh/exam-06/questions/exam6-056-question.jpg	photo-refresh/exam-06/answers/exam6-056-answer.jpg				
exam6-057	6	57	photo-refresh/exam-06/questions/exam6-057-question.jpg	photo-refresh/exam-06/answers/exam6-057-answer.jpg				
exam6-058	6	58	photo-refresh/exam-06/questions/exam6-058-question.jpg	photo-refresh/exam-06/answers/exam6-058-answer.jpg				
exam6-059	6	59	photo-refresh/exam-06/questions/exam6-059-question.jpg	photo-refresh/exam-06/answers/exam6-059-answer.jpg				
exam6-060	6	60	photo-refresh/exam-06/questions/exam6-060-question.jpg	photo-refresh/exam-06/answers/exam6-060-answer.jpg				
exam6-061	6	61	photo-refresh/exam-06/questions/exam6-061-question.jpg	photo-refresh/exam-06/answers/exam6-061-answer.jpg				
exam6-062	6	62	photo-refresh/exam-06/questions/exam6-062-question.jpg	photo-refresh/exam-06/answers/exam6-062-answer.jpg				
exam6-063	6	63	photo-refresh/exam-06/questions/exam6-063-question.jpg	photo-refresh/exam-06/answers/exam6-063-answer.jpg				
exam6-064	6	64	photo-refresh/exam-06/questions/exam6-064-question.jpg	photo-refresh/exam-06/answers/exam6-064-answer.jpg				
exam6-065	6	65	photo-refresh/exam-06/questions/exam6-065-question.jpg	photo-refresh/exam-06/answers/exam6-065-answer.jpg				
exam6-066	6	66	photo-refresh/exam-06/questions/exam6-066-question.jpg	photo-refresh/exam-06/answers/exam6-066-answer.jpg				
exam6-067	6	67	photo-refresh/exam-06/questions/exam6-067-question.jpg	photo-refresh/exam-06/answers/exam6-067-answer.jpg				
exam6-068	6	68	photo-refresh/exam-06/questions/exam6-068-question.jpg	photo-refresh/exam-06/answers/exam6-068-answer.jpg				
exam6-069	6	69	photo-refresh/exam-06/questions/exam6-069-question.jpg	photo-refresh/exam-06/answers/exam6-069-answer.jpg				
exam6-070	6	70	photo-refresh/exam-06/questions/exam6-070-question.jpg	photo-refresh/exam-06/answers/exam6-070-answer.jpg				
exam6-071	6	71	photo-refresh/exam-06/questions/exam6-071-question.jpg	photo-refresh/exam-06/answers/exam6-071-answer.jpg				
exam6-072	6	72	photo-refresh/exam-06/questions/exam6-072-question.jpg	photo-refresh/exam-06/answers/exam6-072-answer.jpg				
exam6-073	6	73	photo-refresh/exam-06/questions/exam6-073-question.jpg	photo-refresh/exam-06/answers/exam6-073-answer.jpg				
exam6-074	6	74	photo-refresh/exam-06/questions/exam6-074-question.jpg	photo-refresh/exam-06/answers/exam6-074-answer.jpg				
exam6-075	6	75	photo-refresh/exam-06/questions/exam6-075-question.jpg	photo-refresh/exam-06/answers/exam6-075-answer.jpg				
exam6-076	6	76	photo-refresh/exam-06/questions/exam6-076-question.jpg	photo-refresh/exam-06/answers/exam6-076-answer.jpg				
exam6-077	6	77	photo-refresh/exam-06/questions/exam6-077-question.jpg	photo-refresh/exam-06/answers/exam6-077-answer.jpg				
exam6-078	6	78	photo-refresh/exam-06/questions/exam6-078-question.jpg	photo-refresh/exam-06/answers/exam6-078-answer.jpg				
exam6-079	6	79	photo-refresh/exam-06/questions/exam6-079-question.jpg	photo-refresh/exam-06/answers/exam6-079-answer.jpg				
exam6-080	6	80	photo-refresh/exam-06/questions/exam6-080-question.jpg	photo-refresh/exam-06/answers/exam6-080-answer.jpg				
exam6-081	6	81	photo-refresh/exam-06/questions/exam6-081-question.jpg	photo-refresh/exam-06/answers/exam6-081-answer.jpg				
exam6-082	6	82	photo-refresh/exam-06/questions/exam6-082-question.jpg	photo-refresh/exam-06/answers/exam6-082-answer.jpg				
exam6-083	6	83	photo-refresh/exam-06/questions/exam6-083-question.jpg	photo-refresh/exam-06/answers/exam6-083-answer.jpg				
exam6-084	6	84	photo-refresh/exam-06/questions/exam6-084-question.jpg	photo-refresh/exam-06/answers/exam6-084-answer.jpg				
exam6-085	6	85	photo-refresh/exam-06/questions/exam6-085-question.jpg	photo-refresh/exam-06/answers/exam6-085-answer.jpg				
exam6-086	6	86	photo-refresh/exam-06/questions/exam6-086-question.jpg	photo-refresh/exam-06/answers/exam6-086-answer.jpg				
exam6-087	6	87	photo-refresh/exam-06/questions/exam6-087-question.jpg	photo-refresh/exam-06/answers/exam6-087-answer.jpg				
exam6-088	6	88	photo-refresh/exam-06/questions/exam6-088-question.jpg	photo-refresh/exam-06/answers/exam6-088-answer.jpg				
exam6-089	6	89	photo-refresh/exam-06/questions/exam6-089-question.jpg	photo-refresh/exam-06/answers/exam6-089-answer.jpg				
exam6-090	6	90	photo-refresh/exam-06/questions/exam6-090-question.jpg	photo-refresh/exam-06/answers/exam6-090-answer.jpg				
exam6-091	6	91	photo-refresh/exam-06/questions/exam6-091-question.jpg	photo-refresh/exam-06/answers/exam6-091-answer.jpg				
exam6-092	6	92	photo-refresh/exam-06/questions/exam6-092-question.jpg	photo-refresh/exam-06/answers/exam6-092-answer.jpg				
exam6-093	6	93	photo-refresh/exam-06/questions/exam6-093-question.jpg	photo-refresh/exam-06/answers/exam6-093-answer.jpg				
exam6-094	6	94	photo-refresh/exam-06/questions/exam6-094-question.jpg	photo-refresh/exam-06/answers/exam6-094-answer.jpg				
exam6-095	6	95	photo-refresh/exam-06/questions/exam6-095-question.jpg	photo-refresh/exam-06/answers/exam6-095-answer.jpg				
exam6-096	6	96	photo-refresh/exam-06/questions/exam6-096-question.jpg	photo-refresh/exam-06/answers/exam6-096-answer.jpg				
exam6-097	6	97	photo-refresh/exam-06/questions/exam6-097-question.jpg	photo-refresh/exam-06/answers/exam6-097-answer.jpg				
exam6-098	6	98	photo-refresh/exam-06/questions/exam6-098-question.jpg	photo-refresh/exam-06/answers/exam6-098-answer.jpg				
exam6-099	6	99	photo-refresh/exam-06/questions/exam6-099-question.jpg	photo-refresh/exam-06/answers/exam6-099-answer.jpg				
exam6-100	6	100	photo-refresh/exam-06/questions/exam6-100-question.jpg	photo-refresh/exam-06/answers/exam6-100-answer.jpg				
exam7-001	7	1	photo-refresh/exam-07/questions/exam7-001-question.jpg	photo-refresh/exam-07/answers/exam7-001-answer.jpg				
exam7-002	7	2	photo-refresh/exam-07/questions/exam7-002-question.jpg	photo-refresh/exam-07/answers/exam7-002-answer.jpg				
exam7-003	7	3	photo-refresh/exam-07/questions/exam7-003-question.jpg	photo-refresh/exam-07/answers/exam7-003-answer.jpg				
exam7-004	7	4	photo-refresh/exam-07/questions/exam7-004-question.jpg	photo-refresh/exam-07/answers/exam7-004-answer.jpg				
exam7-005	7	5	photo-refresh/exam-07/questions/exam7-005-question.jpg	photo-refresh/exam-07/answers/exam7-005-answer.jpg				
exam7-006	7	6	photo-refresh/exam-07/questions/exam7-006-question.jpg	photo-refresh/exam-07/answers/exam7-006-answer.jpg				
exam7-007	7	7	photo-refresh/exam-07/questions/exam7-007-question.jpg	photo-refresh/exam-07/answers/exam7-007-answer.jpg				
exam7-008	7	8	photo-refresh/exam-07/questions/exam7-008-question.jpg	photo-refresh/exam-07/answers/exam7-008-answer.jpg				
exam7-009	7	9	photo-refresh/exam-07/questions/exam7-009-question.jpg	photo-refresh/exam-07/answers/exam7-009-answer.jpg				
exam7-010	7	10	photo-refresh/exam-07/questions/exam7-010-question.jpg	photo-refresh/exam-07/answers/exam7-010-answer.jpg				
exam7-011	7	11	photo-refresh/exam-07/questions/exam7-011-question.jpg	photo-refresh/exam-07/answers/exam7-011-answer.jpg				
exam7-012	7	12	photo-refresh/exam-07/questions/exam7-012-question.jpg	photo-refresh/exam-07/answers/exam7-012-answer.jpg				
exam7-013	7	13	photo-refresh/exam-07/questions/exam7-013-question.jpg	photo-refresh/exam-07/answers/exam7-013-answer.jpg				
exam7-014	7	14	photo-refresh/exam-07/questions/exam7-014-question.jpg	photo-refresh/exam-07/answers/exam7-014-answer.jpg				
exam7-015	7	15	photo-refresh/exam-07/questions/exam7-015-question.jpg	photo-refresh/exam-07/answers/exam7-015-answer.jpg				
exam7-016	7	16	photo-refresh/exam-07/questions/exam7-016-question.jpg	photo-refresh/exam-07/answers/exam7-016-answer.jpg				
exam7-017	7	17	photo-refresh/exam-07/questions/exam7-017-question.jpg	photo-refresh/exam-07/answers/exam7-017-answer.jpg				
exam7-018	7	18	photo-refresh/exam-07/questions/exam7-018-question.jpg	photo-refresh/exam-07/answers/exam7-018-answer.jpg				
exam7-019	7	19	photo-refresh/exam-07/questions/exam7-019-question.jpg	photo-refresh/exam-07/answers/exam7-019-answer.jpg				
exam7-020	7	20	photo-refresh/exam-07/questions/exam7-020-question.jpg	photo-refresh/exam-07/answers/exam7-020-answer.jpg				
exam7-021	7	21	photo-refresh/exam-07/questions/exam7-021-question.jpg	photo-refresh/exam-07/answers/exam7-021-answer.jpg				
exam7-022	7	22	photo-refresh/exam-07/questions/exam7-022-question.jpg	photo-refresh/exam-07/answers/exam7-022-answer.jpg				
exam7-023	7	23	photo-refresh/exam-07/questions/exam7-023-question.jpg	photo-refresh/exam-07/answers/exam7-023-answer.jpg				
exam7-024	7	24	photo-refresh/exam-07/questions/exam7-024-question.jpg	photo-refresh/exam-07/answers/exam7-024-answer.jpg				
exam7-025	7	25	photo-refresh/exam-07/questions/exam7-025-question.jpg	photo-refresh/exam-07/answers/exam7-025-answer.jpg				
exam7-026	7	26	photo-refresh/exam-07/questions/exam7-026-question.jpg	photo-refresh/exam-07/answers/exam7-026-answer.jpg				
exam7-027	7	27	photo-refresh/exam-07/questions/exam7-027-question.jpg	photo-refresh/exam-07/answers/exam7-027-answer.jpg				
exam7-028	7	28	photo-refresh/exam-07/questions/exam7-028-question.jpg	photo-refresh/exam-07/answers/exam7-028-answer.jpg				
exam7-029	7	29	photo-refresh/exam-07/questions/exam7-029-question.jpg	photo-refresh/exam-07/answers/exam7-029-answer.jpg				
exam7-030	7	30	photo-refresh/exam-07/questions/exam7-030-question.jpg	photo-refresh/exam-07/answers/exam7-030-answer.jpg				
exam7-031	7	31	photo-refresh/exam-07/questions/exam7-031-question.jpg	photo-refresh/exam-07/answers/exam7-031-answer.jpg				
exam7-032	7	32	photo-refresh/exam-07/questions/exam7-032-question.jpg	photo-refresh/exam-07/answers/exam7-032-answer.jpg				
exam7-033	7	33	photo-refresh/exam-07/questions/exam7-033-question.jpg	photo-refresh/exam-07/answers/exam7-033-answer.jpg				
exam7-034	7	34	photo-refresh/exam-07/questions/exam7-034-question.jpg	photo-refresh/exam-07/answers/exam7-034-answer.jpg				
exam7-035	7	35	photo-refresh/exam-07/questions/exam7-035-question.jpg	photo-refresh/exam-07/answers/exam7-035-answer.jpg				
exam7-036	7	36	photo-refresh/exam-07/questions/exam7-036-question.jpg	photo-refresh/exam-07/answers/exam7-036-answer.jpg				
exam7-037	7	37	photo-refresh/exam-07/questions/exam7-037-question.jpg	photo-refresh/exam-07/answers/exam7-037-answer.jpg				
exam7-038	7	38	photo-refresh/exam-07/questions/exam7-038-question.jpg	photo-refresh/exam-07/answers/exam7-038-answer.jpg				
exam7-039	7	39	photo-refresh/exam-07/questions/exam7-039-question.jpg	photo-refresh/exam-07/answers/exam7-039-answer.jpg				
exam7-040	7	40	photo-refresh/exam-07/questions/exam7-040-question.jpg	photo-refresh/exam-07/answers/exam7-040-answer.jpg				
exam7-041	7	41	photo-refresh/exam-07/questions/exam7-041-question.jpg	photo-refresh/exam-07/answers/exam7-041-answer.jpg				
exam7-042	7	42	photo-refresh/exam-07/questions/exam7-042-question.jpg	photo-refresh/exam-07/answers/exam7-042-answer.jpg				
exam7-043	7	43	photo-refresh/exam-07/questions/exam7-043-question.jpg	photo-refresh/exam-07/answers/exam7-043-answer.jpg				
exam7-044	7	44	photo-refresh/exam-07/questions/exam7-044-question.jpg	photo-refresh/exam-07/answers/exam7-044-answer.jpg				
exam7-045	7	45	photo-refresh/exam-07/questions/exam7-045-question.jpg	photo-refresh/exam-07/answers/exam7-045-answer.jpg				
exam7-046	7	46	photo-refresh/exam-07/questions/exam7-046-question.jpg	photo-refresh/exam-07/answers/exam7-046-answer.jpg				
exam7-047	7	47	photo-refresh/exam-07/questions/exam7-047-question.jpg	photo-refresh/exam-07/answers/exam7-047-answer.jpg				
exam7-048	7	48	photo-refresh/exam-07/questions/exam7-048-question.jpg	photo-refresh/exam-07/answers/exam7-048-answer.jpg				
exam7-049	7	49	photo-refresh/exam-07/questions/exam7-049-question.jpg	photo-refresh/exam-07/answers/exam7-049-answer.jpg				
exam7-050	7	50	photo-refresh/exam-07/questions/exam7-050-question.jpg	photo-refresh/exam-07/answers/exam7-050-answer.jpg				
exam7-051	7	51	photo-refresh/exam-07/questions/exam7-051-question.jpg	photo-refresh/exam-07/answers/exam7-051-answer.jpg				
exam7-052	7	52	photo-refresh/exam-07/questions/exam7-052-question.jpg	photo-refresh/exam-07/answers/exam7-052-answer.jpg				
exam7-053	7	53	photo-refresh/exam-07/questions/exam7-053-question.jpg	photo-refresh/exam-07/answers/exam7-053-answer.jpg				
exam7-054	7	54	photo-refresh/exam-07/questions/exam7-054-question.jpg	photo-refresh/exam-07/answers/exam7-054-answer.jpg				
exam7-055	7	55	photo-refresh/exam-07/questions/exam7-055-question.jpg	photo-refresh/exam-07/answers/exam7-055-answer.jpg				
exam7-056	7	56	photo-refresh/exam-07/questions/exam7-056-question.jpg	photo-refresh/exam-07/answers/exam7-056-answer.jpg				
exam7-057	7	57	photo-refresh/exam-07/questions/exam7-057-question.jpg	photo-refresh/exam-07/answers/exam7-057-answer.jpg				
exam7-058	7	58	photo-refresh/exam-07/questions/exam7-058-question.jpg	photo-refresh/exam-07/answers/exam7-058-answer.jpg				
exam7-059	7	59	photo-refresh/exam-07/questions/exam7-059-question.jpg	photo-refresh/exam-07/answers/exam7-059-answer.jpg				
exam7-060	7	60	photo-refresh/exam-07/questions/exam7-060-question.jpg	photo-refresh/exam-07/answers/exam7-060-answer.jpg				
exam7-061	7	61	photo-refresh/exam-07/questions/exam7-061-question.jpg	photo-refresh/exam-07/answers/exam7-061-answer.jpg				
exam7-062	7	62	photo-refresh/exam-07/questions/exam7-062-question.jpg	photo-refresh/exam-07/answers/exam7-062-answer.jpg				
exam7-063	7	63	photo-refresh/exam-07/questions/exam7-063-question.jpg	photo-refresh/exam-07/answers/exam7-063-answer.jpg				
exam7-064	7	64	photo-refresh/exam-07/questions/exam7-064-question.jpg	photo-refresh/exam-07/answers/exam7-064-answer.jpg				
exam7-065	7	65	photo-refresh/exam-07/questions/exam7-065-question.jpg	photo-refresh/exam-07/answers/exam7-065-answer.jpg				
exam7-066	7	66	photo-refresh/exam-07/questions/exam7-066-question.jpg	photo-refresh/exam-07/answers/exam7-066-answer.jpg				
exam7-067	7	67	photo-refresh/exam-07/questions/exam7-067-question.jpg	photo-refresh/exam-07/answers/exam7-067-answer.jpg				
exam7-068	7	68	photo-refresh/exam-07/questions/exam7-068-question.jpg	photo-refresh/exam-07/answers/exam7-068-answer.jpg				
exam7-069	7	69	photo-refresh/exam-07/questions/exam7-069-question.jpg	photo-refresh/exam-07/answers/exam7-069-answer.jpg				
exam7-070	7	70	photo-refresh/exam-07/questions/exam7-070-question.jpg	photo-refresh/exam-07/answers/exam7-070-answer.jpg				
exam7-071	7	71	photo-refresh/exam-07/questions/exam7-071-question.jpg	photo-refresh/exam-07/answers/exam7-071-answer.jpg				
exam7-072	7	72	photo-refresh/exam-07/questions/exam7-072-question.jpg	photo-refresh/exam-07/answers/exam7-072-answer.jpg				
exam7-073	7	73	photo-refresh/exam-07/questions/exam7-073-question.jpg	photo-refresh/exam-07/answers/exam7-073-answer.jpg				
exam7-074	7	74	photo-refresh/exam-07/questions/exam7-074-question.jpg	photo-refresh/exam-07/answers/exam7-074-answer.jpg				
exam7-075	7	75	photo-refresh/exam-07/questions/exam7-075-question.jpg	photo-refresh/exam-07/answers/exam7-075-answer.jpg				
exam7-076	7	76	photo-refresh/exam-07/questions/exam7-076-question.jpg	photo-refresh/exam-07/answers/exam7-076-answer.jpg				
exam7-077	7	77	photo-refresh/exam-07/questions/exam7-077-question.jpg	photo-refresh/exam-07/answers/exam7-077-answer.jpg				
exam7-078	7	78	photo-refresh/exam-07/questions/exam7-078-question.jpg	photo-refresh/exam-07/answers/exam7-078-answer.jpg				
exam7-079	7	79	photo-refresh/exam-07/questions/exam7-079-question.jpg	photo-refresh/exam-07/answers/exam7-079-answer.jpg				
exam7-080	7	80	photo-refresh/exam-07/questions/exam7-080-question.jpg	photo-refresh/exam-07/answers/exam7-080-answer.jpg				
exam7-081	7	81	photo-refresh/exam-07/questions/exam7-081-question.jpg	photo-refresh/exam-07/answers/exam7-081-answer.jpg				
exam7-082	7	82	photo-refresh/exam-07/questions/exam7-082-question.jpg	photo-refresh/exam-07/answers/exam7-082-answer.jpg				
exam7-083	7	83	photo-refresh/exam-07/questions/exam7-083-question.jpg	photo-refresh/exam-07/answers/exam7-083-answer.jpg				
exam7-084	7	84	photo-refresh/exam-07/questions/exam7-084-question.jpg	photo-refresh/exam-07/answers/exam7-084-answer.jpg				
exam7-085	7	85	photo-refresh/exam-07/questions/exam7-085-question.jpg	photo-refresh/exam-07/answers/exam7-085-answer.jpg				
exam7-086	7	86	photo-refresh/exam-07/questions/exam7-086-question.jpg	photo-refresh/exam-07/answers/exam7-086-answer.jpg				
exam7-087	7	87	photo-refresh/exam-07/questions/exam7-087-question.jpg	photo-refresh/exam-07/answers/exam7-087-answer.jpg				
exam7-088	7	88	photo-refresh/exam-07/questions/exam7-088-question.jpg	photo-refresh/exam-07/answers/exam7-088-answer.jpg				
exam7-089	7	89	photo-refresh/exam-07/questions/exam7-089-question.jpg	photo-refresh/exam-07/answers/exam7-089-answer.jpg				
exam7-090	7	90	photo-refresh/exam-07/questions/exam7-090-question.jpg	photo-refresh/exam-07/answers/exam7-090-answer.jpg				
exam7-091	7	91	photo-refresh/exam-07/questions/exam7-091-question.jpg	photo-refresh/exam-07/answers/exam7-091-answer.jpg				
exam7-092	7	92	photo-refresh/exam-07/questions/exam7-092-question.jpg	photo-refresh/exam-07/answers/exam7-092-answer.jpg				
exam7-093	7	93	photo-refresh/exam-07/questions/exam7-093-question.jpg	photo-refresh/exam-07/answers/exam7-093-answer.jpg				
exam7-094	7	94	photo-refresh/exam-07/questions/exam7-094-question.jpg	photo-refresh/exam-07/answers/exam7-094-answer.jpg				
exam7-095	7	95	photo-refresh/exam-07/questions/exam7-095-question.jpg	photo-refresh/exam-07/answers/exam7-095-answer.jpg				
exam7-096	7	96	photo-refresh/exam-07/questions/exam7-096-question.jpg	photo-refresh/exam-07/answers/exam7-096-answer.jpg				
exam7-097	7	97	photo-refresh/exam-07/questions/exam7-097-question.jpg	photo-refresh/exam-07/answers/exam7-097-answer.jpg				
exam7-098	7	98	photo-refresh/exam-07/questions/exam7-098-question.jpg	photo-refresh/exam-07/answers/exam7-098-answer.jpg				
exam7-099	7	99	photo-refresh/exam-07/questions/exam7-099-question.jpg	photo-refresh/exam-07/answers/exam7-099-answer.jpg				
exam7-100	7	100	photo-refresh/exam-07/questions/exam7-100-question.jpg	photo-refresh/exam-07/answers/exam7-100-answer.jpg				
exam8-001	8	1	photo-refresh/exam-08/questions/exam8-001-question.jpg	photo-refresh/exam-08/answers/exam8-001-answer.jpg				
exam8-002	8	2	photo-refresh/exam-08/questions/exam8-002-question.jpg	photo-refresh/exam-08/answers/exam8-002-answer.jpg				
exam8-003	8	3	photo-refresh/exam-08/questions/exam8-003-question.jpg	photo-refresh/exam-08/answers/exam8-003-answer.jpg				
exam8-004	8	4	photo-refresh/exam-08/questions/exam8-004-question.jpg	photo-refresh/exam-08/answers/exam8-004-answer.jpg				
exam8-005	8	5	photo-refresh/exam-08/questions/exam8-005-question.jpg	photo-refresh/exam-08/answers/exam8-005-answer.jpg				
exam8-006	8	6	photo-refresh/exam-08/questions/exam8-006-question.jpg	photo-refresh/exam-08/answers/exam8-006-answer.jpg				
exam8-007	8	7	photo-refresh/exam-08/questions/exam8-007-question.jpg	photo-refresh/exam-08/answers/exam8-007-answer.jpg				
exam8-008	8	8	photo-refresh/exam-08/questions/exam8-008-question.jpg	photo-refresh/exam-08/answers/exam8-008-answer.jpg				
exam8-009	8	9	photo-refresh/exam-08/questions/exam8-009-question.jpg	photo-refresh/exam-08/answers/exam8-009-answer.jpg				
exam8-010	8	10	photo-refresh/exam-08/questions/exam8-010-question.jpg	photo-refresh/exam-08/answers/exam8-010-answer.jpg				
exam8-011	8	11	photo-refresh/exam-08/questions/exam8-011-question.jpg	photo-refresh/exam-08/answers/exam8-011-answer.jpg				
exam8-012	8	12	photo-refresh/exam-08/questions/exam8-012-question.jpg	photo-refresh/exam-08/answers/exam8-012-answer.jpg				
exam8-013	8	13	photo-refresh/exam-08/questions/exam8-013-question.jpg	photo-refresh/exam-08/answers/exam8-013-answer.jpg				
exam8-014	8	14	photo-refresh/exam-08/questions/exam8-014-question.jpg	photo-refresh/exam-08/answers/exam8-014-answer.jpg				
exam8-015	8	15	photo-refresh/exam-08/questions/exam8-015-question.jpg	photo-refresh/exam-08/answers/exam8-015-answer.jpg				
exam8-016	8	16	photo-refresh/exam-08/questions/exam8-016-question.jpg	photo-refresh/exam-08/answers/exam8-016-answer.jpg				
exam8-017	8	17	photo-refresh/exam-08/questions/exam8-017-question.jpg	photo-refresh/exam-08/answers/exam8-017-answer.jpg				
exam8-018	8	18	photo-refresh/exam-08/questions/exam8-018-question.jpg	photo-refresh/exam-08/answers/exam8-018-answer.jpg				
exam8-019	8	19	photo-refresh/exam-08/questions/exam8-019-question.jpg	photo-refresh/exam-08/answers/exam8-019-answer.jpg				
exam8-020	8	20	photo-refresh/exam-08/questions/exam8-020-question.jpg	photo-refresh/exam-08/answers/exam8-020-answer.jpg				
exam8-021	8	21	photo-refresh/exam-08/questions/exam8-021-question.jpg	photo-refresh/exam-08/answers/exam8-021-answer.jpg				
exam8-022	8	22	photo-refresh/exam-08/questions/exam8-022-question.jpg	photo-refresh/exam-08/answers/exam8-022-answer.jpg				
exam8-023	8	23	photo-refresh/exam-08/questions/exam8-023-question.jpg	photo-refresh/exam-08/answers/exam8-023-answer.jpg				
exam8-024	8	24	photo-refresh/exam-08/questions/exam8-024-question.jpg	photo-refresh/exam-08/answers/exam8-024-answer.jpg				
exam8-025	8	25	photo-refresh/exam-08/questions/exam8-025-question.jpg	photo-refresh/exam-08/answers/exam8-025-answer.jpg				
exam8-026	8	26	photo-refresh/exam-08/questions/exam8-026-question.jpg	photo-refresh/exam-08/answers/exam8-026-answer.jpg				
exam8-027	8	27	photo-refresh/exam-08/questions/exam8-027-question.jpg	photo-refresh/exam-08/answers/exam8-027-answer.jpg				
exam8-028	8	28	photo-refresh/exam-08/questions/exam8-028-question.jpg	photo-refresh/exam-08/answers/exam8-028-answer.jpg				
exam8-029	8	29	photo-refresh/exam-08/questions/exam8-029-question.jpg	photo-refresh/exam-08/answers/exam8-029-answer.jpg				
exam8-030	8	30	photo-refresh/exam-08/questions/exam8-030-question.jpg	photo-refresh/exam-08/answers/exam8-030-answer.jpg				
exam8-031	8	31	photo-refresh/exam-08/questions/exam8-031-question.jpg	photo-refresh/exam-08/answers/exam8-031-answer.jpg				
exam8-032	8	32	photo-refresh/exam-08/questions/exam8-032-question.jpg	photo-refresh/exam-08/answers/exam8-032-answer.jpg				
exam8-033	8	33	photo-refresh/exam-08/questions/exam8-033-question.jpg	photo-refresh/exam-08/answers/exam8-033-answer.jpg				
exam8-034	8	34	photo-refresh/exam-08/questions/exam8-034-question.jpg	photo-refresh/exam-08/answers/exam8-034-answer.jpg				
exam8-035	8	35	photo-refresh/exam-08/questions/exam8-035-question.jpg	photo-refresh/exam-08/answers/exam8-035-answer.jpg				
exam8-036	8	36	photo-refresh/exam-08/questions/exam8-036-question.jpg	photo-refresh/exam-08/answers/exam8-036-answer.jpg				
exam8-037	8	37	photo-refresh/exam-08/questions/exam8-037-question.jpg	photo-refresh/exam-08/answers/exam8-037-answer.jpg				
exam8-038	8	38	photo-refresh/exam-08/questions/exam8-038-question.jpg	photo-refresh/exam-08/answers/exam8-038-answer.jpg				
exam8-039	8	39	photo-refresh/exam-08/questions/exam8-039-question.jpg	photo-refresh/exam-08/answers/exam8-039-answer.jpg				
exam8-040	8	40	photo-refresh/exam-08/questions/exam8-040-question.jpg	photo-refresh/exam-08/answers/exam8-040-answer.jpg				
exam8-041	8	41	photo-refresh/exam-08/questions/exam8-041-question.jpg	photo-refresh/exam-08/answers/exam8-041-answer.jpg				
exam8-042	8	42	photo-refresh/exam-08/questions/exam8-042-question.jpg	photo-refresh/exam-08/answers/exam8-042-answer.jpg				
exam8-043	8	43	photo-refresh/exam-08/questions/exam8-043-question.jpg	photo-refresh/exam-08/answers/exam8-043-answer.jpg				
exam8-044	8	44	photo-refresh/exam-08/questions/exam8-044-question.jpg	photo-refresh/exam-08/answers/exam8-044-answer.jpg				
exam8-045	8	45	photo-refresh/exam-08/questions/exam8-045-question.jpg	photo-refresh/exam-08/answers/exam8-045-answer.jpg				
exam8-046	8	46	photo-refresh/exam-08/questions/exam8-046-question.jpg	photo-refresh/exam-08/answers/exam8-046-answer.jpg				
exam8-047	8	47	photo-refresh/exam-08/questions/exam8-047-question.jpg	photo-refresh/exam-08/answers/exam8-047-answer.jpg				
exam8-048	8	48	photo-refresh/exam-08/questions/exam8-048-question.jpg	photo-refresh/exam-08/answers/exam8-048-answer.jpg				
exam8-049	8	49	photo-refresh/exam-08/questions/exam8-049-question.jpg	photo-refresh/exam-08/answers/exam8-049-answer.jpg				
exam8-050	8	50	photo-refresh/exam-08/questions/exam8-050-question.jpg	photo-refresh/exam-08/answers/exam8-050-answer.jpg				
exam8-051	8	51	photo-refresh/exam-08/questions/exam8-051-question.jpg	photo-refresh/exam-08/answers/exam8-051-answer.jpg				
exam8-052	8	52	photo-refresh/exam-08/questions/exam8-052-question.jpg	photo-refresh/exam-08/answers/exam8-052-answer.jpg				
exam8-053	8	53	photo-refresh/exam-08/questions/exam8-053-question.jpg	photo-refresh/exam-08/answers/exam8-053-answer.jpg				
exam8-054	8	54	photo-refresh/exam-08/questions/exam8-054-question.jpg	photo-refresh/exam-08/answers/exam8-054-answer.jpg				
exam8-055	8	55	photo-refresh/exam-08/questions/exam8-055-question.jpg	photo-refresh/exam-08/answers/exam8-055-answer.jpg				
exam8-056	8	56	photo-refresh/exam-08/questions/exam8-056-question.jpg	photo-refresh/exam-08/answers/exam8-056-answer.jpg				
exam8-057	8	57	photo-refresh/exam-08/questions/exam8-057-question.jpg	photo-refresh/exam-08/answers/exam8-057-answer.jpg				
exam8-058	8	58	photo-refresh/exam-08/questions/exam8-058-question.jpg	photo-refresh/exam-08/answers/exam8-058-answer.jpg				
exam8-059	8	59	photo-refresh/exam-08/questions/exam8-059-question.jpg	photo-refresh/exam-08/answers/exam8-059-answer.jpg				
exam8-060	8	60	photo-refresh/exam-08/questions/exam8-060-question.jpg	photo-refresh/exam-08/answers/exam8-060-answer.jpg				
exam8-061	8	61	photo-refresh/exam-08/questions/exam8-061-question.jpg	photo-refresh/exam-08/answers/exam8-061-answer.jpg				
exam8-062	8	62	photo-refresh/exam-08/questions/exam8-062-question.jpg	photo-refresh/exam-08/answers/exam8-062-answer.jpg				
exam8-063	8	63	photo-refresh/exam-08/questions/exam8-063-question.jpg	photo-refresh/exam-08/answers/exam8-063-answer.jpg				
exam8-064	8	64	photo-refresh/exam-08/questions/exam8-064-question.jpg	photo-refresh/exam-08/answers/exam8-064-answer.jpg				
exam8-065	8	65	photo-refresh/exam-08/questions/exam8-065-question.jpg	photo-refresh/exam-08/answers/exam8-065-answer.jpg				
exam8-066	8	66	photo-refresh/exam-08/questions/exam8-066-question.jpg	photo-refresh/exam-08/answers/exam8-066-answer.jpg				
exam8-067	8	67	photo-refresh/exam-08/questions/exam8-067-question.jpg	photo-refresh/exam-08/answers/exam8-067-answer.jpg				
exam8-068	8	68	photo-refresh/exam-08/questions/exam8-068-question.jpg	photo-refresh/exam-08/answers/exam8-068-answer.jpg				
exam8-069	8	69	photo-refresh/exam-08/questions/exam8-069-question.jpg	photo-refresh/exam-08/answers/exam8-069-answer.jpg				
exam8-070	8	70	photo-refresh/exam-08/questions/exam8-070-question.jpg	photo-refresh/exam-08/answers/exam8-070-answer.jpg				
exam8-071	8	71	photo-refresh/exam-08/questions/exam8-071-question.jpg	photo-refresh/exam-08/answers/exam8-071-answer.jpg				
exam8-072	8	72	photo-refresh/exam-08/questions/exam8-072-question.jpg	photo-refresh/exam-08/answers/exam8-072-answer.jpg				
exam8-073	8	73	photo-refresh/exam-08/questions/exam8-073-question.jpg	photo-refresh/exam-08/answers/exam8-073-answer.jpg				
exam8-074	8	74	photo-refresh/exam-08/questions/exam8-074-question.jpg	photo-refresh/exam-08/answers/exam8-074-answer.jpg				
exam8-075	8	75	photo-refresh/exam-08/questions/exam8-075-question.jpg	photo-refresh/exam-08/answers/exam8-075-answer.jpg				
exam8-076	8	76	photo-refresh/exam-08/questions/exam8-076-question.jpg	photo-refresh/exam-08/answers/exam8-076-answer.jpg				
exam8-077	8	77	photo-refresh/exam-08/questions/exam8-077-question.jpg	photo-refresh/exam-08/answers/exam8-077-answer.jpg				
exam8-078	8	78	photo-refresh/exam-08/questions/exam8-078-question.jpg	photo-refresh/exam-08/answers/exam8-078-answer.jpg				
exam8-079	8	79	photo-refresh/exam-08/questions/exam8-079-question.jpg	photo-refresh/exam-08/answers/exam8-079-answer.jpg				
exam8-080	8	80	photo-refresh/exam-08/questions/exam8-080-question.jpg	photo-refresh/exam-08/answers/exam8-080-answer.jpg				
exam8-081	8	81	photo-refresh/exam-08/questions/exam8-081-question.jpg	photo-refresh/exam-08/answers/exam8-081-answer.jpg				
exam8-082	8	82	photo-refresh/exam-08/questions/exam8-082-question.jpg	photo-refresh/exam-08/answers/exam8-082-answer.jpg				
exam8-083	8	83	photo-refresh/exam-08/questions/exam8-083-question.jpg	photo-refresh/exam-08/answers/exam8-083-answer.jpg				
exam8-084	8	84	photo-refresh/exam-08/questions/exam8-084-question.jpg	photo-refresh/exam-08/answers/exam8-084-answer.jpg				
exam8-085	8	85	photo-refresh/exam-08/questions/exam8-085-question.jpg	photo-refresh/exam-08/answers/exam8-085-answer.jpg				
exam8-086	8	86	photo-refresh/exam-08/questions/exam8-086-question.jpg	photo-refresh/exam-08/answers/exam8-086-answer.jpg				
exam8-087	8	87	photo-refresh/exam-08/questions/exam8-087-question.jpg	photo-refresh/exam-08/answers/exam8-087-answer.jpg				
exam8-088	8	88	photo-refresh/exam-08/questions/exam8-088-question.jpg	photo-refresh/exam-08/answers/exam8-088-answer.jpg				
exam8-089	8	89	photo-refresh/exam-08/questions/exam8-089-question.jpg	photo-refresh/exam-08/answers/exam8-089-answer.jpg				
exam8-090	8	90	photo-refresh/exam-08/questions/exam8-090-question.jpg	photo-refresh/exam-08/answers/exam8-090-answer.jpg				
exam8-091	8	91	photo-refresh/exam-08/questions/exam8-091-question.jpg	photo-refresh/exam-08/answers/exam8-091-answer.jpg				
exam8-092	8	92	photo-refresh/exam-08/questions/exam8-092-question.jpg	photo-refresh/exam-08/answers/exam8-092-answer.jpg				
exam8-093	8	93	photo-refresh/exam-08/questions/exam8-093-question.jpg	photo-refresh/exam-08/answers/exam8-093-answer.jpg				
exam8-094	8	94	photo-refresh/exam-08/questions/exam8-094-question.jpg	photo-refresh/exam-08/answers/exam8-094-answer.jpg				
exam8-095	8	95	photo-refresh/exam-08/questions/exam8-095-question.jpg	photo-refresh/exam-08/answers/exam8-095-answer.jpg				
exam8-096	8	96	photo-refresh/exam-08/questions/exam8-096-question.jpg	photo-refresh/exam-08/answers/exam8-096-answer.jpg				
exam8-097	8	97	photo-refresh/exam-08/questions/exam8-097-question.jpg	photo-refresh/exam-08/answers/exam8-097-answer.jpg				
exam8-098	8	98	photo-refresh/exam-08/questions/exam8-098-question.jpg	photo-refresh/exam-08/answers/exam8-098-answer.jpg				
exam8-099	8	99	photo-refresh/exam-08/questions/exam8-099-question.jpg	photo-refresh/exam-08/answers/exam8-099-answer.jpg				
exam8-100	8	100	photo-refresh/exam-08/questions/exam8-100-question.jpg	photo-refresh/exam-08/answers/exam8-100-answer.jpg				
