id	examNumber	questionNumber	category	topic	type	difficulty	question	optionA	optionB	optionC	optionD	optionE	answerIndex	correctAnswer	explanation	source	sourcePhoto	answerPhoto	image	imageAlt	imageCaption
"exam1-001"	"1"	"1"	"Radiation Safety"	"Bone Imaging"	"concept"	"1"	"Before tracer administration, all of the following preparations are required for a 27-year-old woman referred for total-body bone imaging except:"	"removing attenuating materials from the patient"	"answering the patient's questions"	"ruling out pregnancy"	"explaining the procedure to the patient"	"swab the injection site with alcohol"	"0"	"removing attenuating materials from the patient"	"Explaining the procedure and answering any questions the patient may have are preparations common to any procedure. If the patient is a female of childbearing age, the possibility of pregnancy must also be ruled out before administering the tracer. Pregnancy is a contraindication for procedures involving radiation unless the procedure is being performed for emergency reasons. It is not necessary to have the patient remove any attenuating materials until just before he or she is imaged."	"Source: Early and Sodee, 1995; p. 345, and Waterstram-Rich and Gilmore, et al., 2017; pp. 142-145."	"Question photos/Questions/Exam 1/IMG_1294.jpeg"	"Question photos/Answers/Exam 1/IMG_1201.jpeg"	""	""	""
"exam1-002"	"1"	"2"	"Clinical Procedures"	"Bone Imaging"	"concept"	"2"	"Which of the following structures normally appear as areas of increased activity on the bone images of children?"	"diaphyses of the long bones"	"breast tissue"	"lumbar spine and cranium"	"costochondral junctions and epiphyseal plates"	"metatarsals"	"3"	"costochondral junctions and epiphyseal plates"	"In children, normally increased tracer activity appears in areas of active bone growth. These areas include the epiphyseal plates at the ends of the long bones and the costochondral junctions in the ribs."	"Source: Waterstram-Rich and Gilmore, et al., 2017; pp. 586-587."	"Question photos/Questions/Exam 1/IMG_1294.jpeg"	"Question photos/Answers/Exam 1/IMG_1201.jpeg"	""	""	""
"exam1-003"	"1"	"3"	"Instrumentation & QC"	"Bone Imaging"	"concept"	"3"	"If tracer concentration is visualized in the skeleton, stomach, thyroid, and salivary glands on a bone image, the most likely explanation for these findings is that the:"	"patient was imaged too soon after tracer administration"	"patient's renal function is compromised"	"radiopharmaceutical contained excess free 99mTc pertechnetate"	"incorrect radiopharmaceutical was administered"	"radiopharmaceutical contained excess free 18F sodium"	"2"	"radiopharmaceutical contained excess free 99mTc pertechnetate"	"99mTc-labeled bone agents are prepared by combining medronate (MDP) or oxidronate (HDP) with 99mTc-pertechnetate. Typically about 3%-10% of the pertechnetate does not bind to the medronate (MDP) or oxidronate (HDP), so there is always some unbound or ""free"" pertechnetate in any bone tracer preparation. However, this percentage is small compared with the amount of 99mTc-medronate (MDP) or -oxidronate (HDP) in the preparation and is not visualized on the bone image. If the radiopharmaceutical was not properly compounded or the 99mTc-label detached from the chemical compound, the excess 99mTc-pertechnetate taken up by the thyroid, salivary glands, and stomach is visualized on the bone image."	"Source: Early and Sodee, 1995; pp. 96-103."	"Question photos/Questions/Exam 1/IMG_1294.jpeg"	"Question photos/Answers/Exam 1/IMG_1201.jpeg"	""	""	""
"exam1-004"	"1"	"4"	"Patient Care"	"Lung Imaging"	"concept"	"4"	"For interpretation of nuclear medicine lung images, a chest x-ray is required to:"	"rule out possible causes of the patient's symptoms"	"determine cardiac size"	"rule out previous lung surgery"	"rule out a pulmonary embolus"	"rule in a pulmonary embolus"	"0"	"rule out possible causes of the patient's symptoms"	"Many df the symptoms of pulmonary emboli are similar to those of rib fracture, myocardial infarction, and pneumonia. A chest radiograph clors the itepreting physician to rule out certain of these conditions, theby increasing the specificity of the lung image findings."	"Source: Early and Sodee, 1995; p. 451."	"Question photos/Questions/Exam 1/IMG_1294.jpeg"	"Question photos/Answers/Exam 1/IMG_1201.jpeg"	""	""	""
"exam1-005"	"1"	"5"	"Radiation Safety"	"Lung Imaging"	"image-interpretation"	"4"	"The image shown here was obtained after the administration of [99mTc] MAA. Which of the following is the most likely explanation for the quality of this lung perfusion image?"	"The image shows lung pathology."	"There is radioactive contamination on the patient's skin or the camera detector."	"Blood clotted to MAA particles was injected intravenously."	"Too many MAA particles were administered to the patient."	"A left-to-right shunt occurred in the heart."	"2"	"Blood clotted to MAA particles was injected intravenously."	"Blood that is withdrawn into the syringe and allowed to mix with [99mTc] MAA for a prolonged period may cause the MAA particles to clump together and the blood to clot. If this mixture is then injected into the patient, the clumped particles and labeled blood clots are trapped in the lung vasculature and appear on the image as multiple small hot spots."	"Source: Early and Sodee, 1995; p. 448."	"Question photos/Questions/Exam 1/IMG_1294.jpeg"	"Question photos/Answers/Exam 1/IMG_1201.jpeg"	"assets/question-bank/retake/exam1-005/e1q5.jpg"	"Graphic for Exam 1, Question 5."	""
"exam1-006"	"1"	"6"	"Image Production"	"Image Production"	"concept"	"1"	"The purpose of a charcoal filter in a xenon delivery unit is to absorb:"	"bacteria"	"carbon dioxide"	"xenon gas"	"moisture"	"oxygen"	"2"	"xenon gas"	"The NRC sets limits on the airborne concentration of 133Xe. For this reason, 133Xe that the patient exhales must be trapped for decay. Certain xenon delivery units use activated charcoal for trapping the xenon."	"Source: Waterstram-Rich and Gilmore, et al., 2017; pp. 480-481."	"Question photos/Questions/Exam 1/IMG_1294.jpeg"	"Question photos/Answers/Exam 1/IMG_1201.jpeg"	""	""	""
"exam1-007"	"1"	"7"	"Radiopharmaceuticals"	"MAA / Pulmonary Perfusion"	"image-interpretation"	"3"	"Radionuclide venography may be performed with which of the following radiopharmaceuticals?"	"[99mTc] pentetate (DTPA)"	"[99mTc] pertechnetate"	"[99mTc] exametazime (HMPAO)"	"[99mTc] mebrofenin (HIDA)"	"[99mTc] MAA"	"4"	"[99mTc] MAA"	"The deep venous system of the lower extremities may be imaged with [99mTc] MAA or 99mTc-labeled red blood cells. If [99mTc] MAA is used, the lungs may be imaged after the venogram to rule out pulmonary embolism."	"Source: Early and Sodee, 1995; pp. 430-431."	"Question photos/Questions/Exam 1/IMG_1294.jpeg"	"Question photos/Answers/Exam 1/IMG_1201.jpeg"	""	""	""
"exam1-008"	"1"	"8"	"Image Production"	"Thyroid Imaging"	"concept"	"3"	"If ectopic thyroid tissue is suspected, the technologist can expect to find it most commonly in which of the following areas?"	"in the brain"	"in the skull"	"in the nasopharynx"	"in the mediastinum"	"behind the optic nerve"	"3"	"in the mediastinum"	"Sublingual thyroid tissue occurs when the tissue does not descend from the base of the tongue to the neck during fetal development. It is often associated with hypothyroidism. Mediastinal thyroid tissue is often discovered after investigation of an anterior mediastinal mass visualized on chest x-ray."	"Source: Early and Sodee, 1995; pp. 635."	"Question photos/Questions/Exam 1/IMG_1294.jpeg"	"Question photos/Answers/Exam 1/IMG_1201.jpeg"	""	""	""
"exam1-009"	"1"	"9"	"Instrumentation & QC"	"Thyroid Imaging"	"concept"	"4"	"During parathyroid imaging, images of the chest as well as the neck are obtained to:"	"correct the image series for patient motion"	"visualize substernal thyroid tissue"	"visualize ectopic parathyroid tissue"	"diagnose hyperparathyroidism"	"to localize the parathyroid"	"2"	"visualize ectopic parathyroid tissue"	"The upper mediastinum between the heart and the thyroid is imaged to visualize ectopic parathyroid tissue."	"Source: Early and Sodee, 1995; p. 644."	"Question photos/Questions/Exam 1/IMG_1294.jpeg"	"Question photos/Answers/Exam 1/IMG_1201.jpeg"	""	""	""
"exam1-010"	"1"	"10"	"Clinical Procedures"	"Cardiac Imaging"	"concept"	"5"	"When performing a gated equilibrium cardiac study, which of the following anatomical views best separates the right and left ventricles?"	"left lateral"	"left anterior oblique"	"left posterior oblique"	"anterior"	"posterior"	"1"	"left anterior oblique"	"The left anterior oblique view is the projection from which the ejection fraction (EF) is calculated. It is extremely important to separate the two ventricles to obtain an accurate EF value. Typically, 35°-45° of rotation accomplishes the separation. However, the camera should be positioned according to the patient's own anatomy to optimize separation of the two structures."	"Source: Early and Sodee, 1995; pp. 384-385."	"Question photos/Questions/Exam 1/IMG_1294.jpeg"	"Question photos/Answers/Exam 1/IMG_1201.jpeg"	""	""	""
"exam1-011"	"1"	"11"	"Patient Care"	"Patient Care"	"concept"	"1"	"In preparation for a 201Tl stress test, patients are instructed to fast to:"	"prevent gastrointestinal upsets during exercise"	"minimize tracer uptake in the gastrointestinal tract"	"enhance myocardial tracer uptake"	"standardize test conditions among patients"	"prevent redistribution of the tracer"	"1"	"minimize tracer uptake in the gastrointestinal tract"	"Digestion directs more of the cardiac output toward the gut. Although this probably will not affect myocardial uptake of the tracer significantly, excessive tracer in the upper abdominal viscera interferes with visualization of the myocardial wall, especially when the patient is supine."	"Source: Early and Sodee, 1995; pp. 409-410."	"Question photos/Questions/Exam 1/IMG_1295.jpeg"	"Question photos/Answers/Exam 1/IMG_1201.jpeg"	""	""	""
"exam1-012"	"1"	"12"	"Radiation Safety"	"Radiation Safety"	"concept"	"2"	"Which of the following agents used for pharmacologic stress testing remain in the plasma for the greatest length of time?"	"dobutamine"	"adenosine"	"nitroglycerin"	"dipyridamole"	"regadenoson"	"3"	"dipyridamole"	"Nitroglycerin is not used to induce pharmacologic stress. The plasma half-lives for the agents used in pharmacologic stress testing are: Plasma half-life Agent <10 seconds Adenosine 2 min Dobutamine 35-45 min Dipyridamole"	"Source: Waterstram-Rich and Gilmore, et al., 2017; p. 500."	"Question photos/Questions/Exam 1/IMG_1295.jpeg"	"Question photos/Answers/Exam 1/IMG_1201.jpeg"	""	""	""
"exam1-013"	"1"	"13"	"Image Production"	"SPECT"	"protocol"	"3"	"SPECT liver imaging with [99mTc] sulfur colloid is performed how soon after tracer administration?"	"immediately"	"10-15 min"	"30-45 min"	"1-2 hr"	"3-4 hr"	"1"	"10-15 min"	"A 10-15 min time interval is necessary for the colloidal particles to be completely localized within the liver and spleen."	"Source: Waterstram-Rich and Gilmore, et al., 2017; p. 543."	"Question photos/Questions/Exam 1/IMG_1295.jpeg"	"Question photos/Answers/Exam 1/IMG_1202.jpeg"	""	""	""
"exam1-014"	"1"	"14"	"Clinical Procedures"	"Lung Imaging"	"concept"	"4"	"Significantly increased serum bilirubin levels will most likely cause which of the following to be visualized on hepatobiliary images?"	"kidneys"	"colon"	"lungs"	"spleen"	"pancreas"	"0"	"kidneys"	"Increased serum bilirubin levels indicate poorly functioning hepatocytes. Therefore, these cells cannot efficiently remove the tracer from the blood, causing the tracer to be excreted through the urinary system."	"Source: Waterstram-Rich and Gilmore, et al., 2017; p. 549."	"Question photos/Questions/Exam 1/IMG_1295.jpeg"	"Question photos/Answers/Exam 1/IMG_1202.jpeg"	""	""	""
"exam1-015"	"1"	"15"	"Radiopharmaceuticals"	"MAA / Pulmonary Perfusion"	"concept"	"5"	"Localization of a Meckel's diverticulum can be accomplished with which of the following radiopharmaceuticals?"	"[67Ga] citrate"	"[99mTc] pentetate (DTPA)"	"[99mTc] MAA"	"[99mTc] sulfur colloid"	"[99mTc] pertechnetate"	"4"	"[99mTc] pertechnetate"	"99mTc-pertechnetate is used to visualize a Meckel's diverticulum. Often, the Meckel's diverticulum is lined with gastric mucosa that concentrate this tracer."	"Source: Waterstram-Rich and Gilmore, et al., 2017; p. 540."	"Question photos/Questions/Exam 1/IMG_1295.jpeg"	"Question photos/Answers/Exam 1/IMG_1202.jpeg"	""	""	""
"exam1-016"	"1"	"16"	"Clinical Procedures"	"Lung Imaging"	"protocol"	"1"	"In infants, 24 hr images are sometimes performed over what area to demonstrate gastroesophageal reflux?"	"nasopharynx"	"lung fields"	"stomach"	"upper small intestine"	"lower esophagus"	"1"	"lung fields"	"In infants, 24-hour images are useful for demonstrating aspiration of stomach contents. Waterstram-Rich and Gilmore, et al.,"	"Source: Early and Sodee, 1995; p. 526-527."	"Question photos/Questions/Exam 1/IMG_1295.jpeg"	"Question photos/Answers/Exam 1/IMG_1202.jpeg"	""	""	""
"exam1-017"	"1"	"17"	"Radiopharmaceuticals"	"Renal Imaging"	"concept"	"2"	"Effective renal plasma flow (ERPF) is measured with which of the following radiopharmaceuticals?"	"[99mTc] pentetate (DTPA)"	"[99mTc] disofenin (DISIDA)"	"[99mTc] medronate (MDP)"	"[99mTc] mertiatide (MAG3)"	"[99mTc] exametazime (HMPAO)"	"3"	"[99mTc] mertiatide (MAG3)"	"ERPF is primarily a measurement of tubular function. Therefore, a renal agent that is secreted by the tubules must be used. 99mTc-mertiatide (MAG3) is secreted by the renal tubules and is used to determine ERPF."	"Source: Waterstram-Rich and Gilmore, et al., 2017; p. 562."	"Question photos/Questions/Exam 1/IMG_1295.jpeg"	"Question photos/Answers/Exam 1/IMG_1202.jpeg"	""	""	""
"exam1-018"	"1"	"18"	"Image Production"	"Lung Imaging"	"concept"	"3"	"Evaluating the quality of a bolus injection is best accomplished by which of the following techniques?"	"generating a time-activity curve for the superior vena cava"	"calculating the cardiac transit time"	"determining the heart to lung ratio"	"imaging the injection site for residual activity"	"visually inspecting the bolus"	"0"	"generating a time-activity curve for the superior vena cava"	"Evaluating the quality of a bolus injection is accomplished by generating a time-activity curve over the superior vena cava and measuring the full width at half maximum (FWHM). If the left ventricular ejection fraction is being determined, a FWHM ≤1 second indicates a technically satisfactory bolus injection. For a right ventricular ejection fraction, a FWHM of 2- 3 sec is adequate."	"Source: Crawford and Husain, 2011; p. 90."	"Question photos/Questions/Exam 1/IMG_1295.jpeg"	"Question photos/Answers/Exam 1/IMG_1202.jpeg"	""	""	""
"exam1-019"	"1"	"19"	"Clinical Procedures"	"Clinical Procedures"	"concept"	"4"	"Which of the following is/are not normally visualized on a 67Ga image acquired 72 hr after tracer administration?"	"nasopharynx"	"lacrimal glands"	"kidneys"	"liver"	"sternum"	"2"	"kidneys"	"In the first 24 hours after administration, the kidneys excrete almost one-third of the 67Ga injected. Hence, renal activity is normally visualized on images up to 48 hours after tracer administration. After 48 hours, renal activity indicates disease."	"Source: Early and Sodee, 1995; p. 702."	"Question photos/Questions/Exam 1/IMG_1295.jpeg"	"Question photos/Answers/Exam 1/IMG_1202.jpeg"	""	""	""
"exam1-020"	"1"	"20"	"Patient Care"	"Patient Care"	"concept"	"5"	"Which of the following statements about ""transmission-based precautions"" is false?"	"These precautions are applied when a patient is known to be infected with a communicable disease."	"These precautions replace ""standard precautions."""	"These precautions include guidelines for airborne and droplet-borne diseases."	"These precautions include guidelines for contact transmitted diseases."	"These precautions must be implemented in the case of diseases such as varicella, tuberculosis, and mumps."	"1"	"These precautions replace ""standard precautions."""	"Transmission-based precautions are applied along with standard precautions when a patient is known to be infected with a communicable disease. They are a second level of precautions that include additional safety measures depending on the method in which the disease in question is transmitted."	"Source: Adler and Carlton, 2016; pp. 220-223."	"Question photos/Questions/Exam 1/IMG_1295.jpeg"	"Question photos/Answers/Exam 1/IMG_1202.jpeg"	""	""	""
"exam1-021"	"1"	"21"	"Radiopharmaceuticals"	"Radiopharmaceuticals"	"concept"	"1"	"Which of the following statements about pentetreotide is true?"	"It exhibits no human antimurine antibody (HAMA) effect."	"It is a labeled antibody."	"It is a labeled antigen."	"It is excreted exclusively through the kidneys."	"It is labeled with 99mTc."	"0"	"It exhibits no human antimurine antibody (HAMA) effect."	"Pentetreotide is an analog of the hormone somatostatin that is labeled with 111In. It is a peptide rather than an antibody and, for this reason, does not induce the HAMA effect in patients. The tracer is mostly excreted through the urinary system, but a small amount is also excreted through the gastrointestinal tract."	"Source: SNMMI Procedure Guidelines Committee, 2011."	"Question photos/Questions/Exam 1/IMG_1295.jpeg"	"Question photos/Answers/Exam 1/IMG_1202.jpeg"	""	""	""
"exam1-022"	"1"	"22"	"Patient Care"	"Patient Care"	"concept"	"2"	"The purpose of using acetazolamide in conjunction with a brain agent is to:"	"Tranquilize the patient."	"Localize brain tumors."	"Localize the area of the brain from which seizures arise."	"Evaluate cerebrovascular hematoma."	"Evaluate cerebrovascular ischemia."	"4"	"Evaluate cerebrovascular ischemia."	"Acetazolamide (Diamox) is used in conjunction with SPECT brain imaging in patients with transient ischemic attacks, carotid artery disease, and cerebrovascular disease, among others. This technique is used to identify ischemic areas in the brain. Acetazolamide induces cerebral vasodilation. After it is administered, normal blood vessels dilate but diseased ones do not."	"Source: Park and Duncan, 1994; p. 240."	"Question photos/Questions/Exam 1/IMG_1295.jpeg"	"Question photos/Answers/Exam 1/IMG_1202.jpeg"	""	""	""
"exam1-023"	"1"	"23"	"Patient Care"	"Patient Care"	"concept"	"3"	"The technologist's responsibilities during tracer administration for a cisternogram include:"	"ensuring that personnel and the surroundings are not contaminated with radioactivity"	"obtaining consent to perform the procedure"	"delivering antihistamines for any adverse reactions to the procedure"	"testing the pressure of the cerebrospinal fluid"	"performing the lumbar puncture"	"0"	"ensuring that personnel and the surroundings are not contaminated with radioactivity"	"Frequently, the radiopharmaceutical for cisternography is administered outside the nuclear medicine department. It is typically the technologist who transports the tracer to the area where the lumbar puncture is being performed and oversees its administration. One of the responsibilities of the technologist is to protect personnel in the work environment by limiting their radiation exposure and confining radioactivity to prevent the spread of contamination. In this instance, the technologist is the onsite expert in handling radioactive materials. Therefore, the technologist should ensure that any contaminated materials used during the lumbar puncture are collected for proper disposal. The administration area should be monitored for contamination and any personnel who handled the radiopharmaceutical should be monitored before they are permitted to leave the area. Waterstram-Rich and Gilmore, et al.,"	"Source: Steves, 1999; pp. 269-271."	"Question photos/Questions/Exam 1/IMG_1296.jpeg"	"Question photos/Answers/Exam 1/IMG_1202.jpeg"	""	""	""
"exam1-024"	"1"	"24"	"Clinical Procedures"	"Clinical Procedures"	"concept"	"4"	"Sodium phosphate 32P may be used to treat which of the following conditions?"	"liver metastases"	"lupus"	"rheumatoid arthritis"	"malignant effusions"	"polycythemia vera"	"4"	"polycythemia vera"	"Sodium phosphate 32P is administered intravenously and may be used to treat polycythemia vera."	"Source: Waterstram-Rich and Gilmore, et al., 2017; p. 97."	"Question photos/Questions/Exam 1/IMG_1296.jpeg"	"Question photos/Answers/Exam 1/IMG_1202.jpeg"	""	""	""
"exam1-025"	"1"	"25"	"Radiopharmaceuticals"	"Radiopharmaceuticals"	"concept"	"5"	"Supersaturated potassium iodide solution may be administered to the patient for therapy with which of the following radiopharmaceuticals?"	"[153Sm] lexidronam (Quadramet)"	"[89Sr] chloride"	"[131I] sodium iodide"	"[131I] tositumomab"	"[90Y] chloride"	"3"	"[131I] tositumomab"	"To minimize thyroid uptake of unbound iodine that may be present in the radiopharmaceutical, supersaturated potassium iodide is administered to a patient receiving 131I tositumomab for treatment of non-Hodgkin's lymphoma. The blocking agent is administered 1 day before and for the next 14 days during therapy."	"Source: Seldin; p. 110."	"Question photos/Questions/Exam 1/IMG_1296.jpeg"	"Question photos/Answers/Exam 1/IMG_1202.jpeg"	""	""	""
"exam1-026"	"1"	"26"	"Instrumentation & QC"	"Instrumentation & QC"	"protocol"	"1"	"The first step that a technologist should initiate in a safe environment when an adult patient is determined to be unresponsive is to:"	"Perform chest compressions."	"Establish an airway."	"Check for a carotid pulse."	"Call for help."	"Perform rescue breathing."	"3"	"Call for help."	"American Heart Association standards and guidelines indicate that once verification of cardiac arrest has occurred, the rescuer should call for help first and then initiate CPR. b Mallinckrodt, 2004."	"Source: Adler and Carlton, 2016; p. 265."	"Question photos/Questions/Exam 1/IMG_1296.jpeg"	"Question photos/Answers/Exam 1/IMG_1202.jpeg"	""	""	""
"exam1-027"	"1"	"27"	"Clinical Procedures"	"Clinical Procedures"	"protocol"	"2"	"[111In] pentetreotide should not be administered through an intravenous line containing:"	"water"	"a total parenteral nutrition mixture"	"dextrose"	"glucose"	"0.9% sodium chloride"	"1"	"a total parenteral nutrition mixture"	"[111In] pentetreotide should not be administered through an intravenous line containing total parenteral nutrition (TPN) mixtures, because the tracer may form a complex with components of the TPN mixture. Because the chemical form of the tracer is altered, its distribution in the body will change."	"Source: Mallinckrodt, 2004."	"Question photos/Questions/Exam 1/IMG_1296.jpeg"	"Question photos/Answers/Exam 1/IMG_1204.jpeg"	""	""	""
"exam1-028"	"1"	"28"	"Radiopharmaceuticals"	"Radiopharmaceuticals"	"concept"	"3"	"Dual-isotope gastric emptying studies use which of the following radiopharmaceuticals for each phase of gastric emptying?"	"Liquid phase: [111In] pentetate (DTPA); solid phase: [99mTc] sulfur colloid"	"Liquid phase: [111In] pentetreotide; solid phase: [99mTc] sulfur colloid"	"Liquid phase: [99mTc] sulfur colloid; solid phase: [111In] pentetate (DTPA)"	"Liquid phase: [201Tl] thallous chloride; solid phase: [99mTc] sestamibi"	"Liquid phase: [99mTc] pentetate (DTPA); solid phase: [99mTc] sulfur colloid"	"0"	"Liquid phase: [111In] pentetate (DTPA); solid phase: [99mTc] sulfur colloid"	"When liquid and gastric emptying times are to be determined simultaneously, the solid phase is labeled with 99mTc-sulfur colloid and the liquid phase is mixed with 111In-pentetate (DTPA)."	"Source: Waterstram-Rich and Gilmore, et al., 2017; p. 534."	"Question photos/Questions/Exam 1/IMG_1296.jpeg"	"Question photos/Answers/Exam 1/IMG_1204.jpeg"	""	""	""
"exam1-029"	"1"	"29"	"Patient Care"	"Patient Care"	"concept"	"4"	"Proper placement of a urine collection bag includes:"	"placing it across the patien's lower legs to keep it near the level of the bladder"	"placing it on the stretcher near the patient's feet so it is out of the field of view of the camera"	"discharging the urine collection bag must be done before the exam begins"	"hanging it from an IV pole and raising it above the level of the bladder"	"hanging it from the imaging table so it is lower than the level of the bladder"	"4"	"hanging it from the imaging table so it is lower than the level of the bladder"	"For proper drainage, the urine collection bag must always be lower than the urinary bladder. If it is not lower, the urine may reflux back into the bladder, which may result in a urinary tract infection."	"Source: Adler and Carlton, 2016; p. 238."	"Question photos/Questions/Exam 1/IMG_1296.jpeg"	"Question photos/Answers/Exam 1/IMG_1204.jpeg"	""	""	""
"exam1-030"	"1"	"30"	"Radiopharmaceuticals"	"Radiopharmaceuticals"	"concept"	"5"	"Which of the following radiopharmaceuticals can be used to assess vesicoureteral reflux by the indirect method?"	"[99mTc] pertechnetate"	"[99mTc] sulfur colloid"	"[99mTc] pentetate (DTPA)"	"[99mTc] medronate (MDP)"	"[99mTc] albumin (MAA)"	"2"	"[99mTc] pentetate (DTPA)"	"Radionuclide cystography is used to assess vesicoureteral reflux. This study may be performed by the indirect or the direct method. In the indirect method, a renal agent is administered intravenously. When the tracer has cleared from the kidneys into the bladder, imaging of the ureters and kidneys is performed after the patient voids."	"Source: Waterstram-Rich and Gilmore, et al., 2017; p. 571."	"Question photos/Questions/Exam 1/IMG_1296.jpeg"	"Question photos/Answers/Exam 1/IMG_1204.jpeg"	""	""	""
"exam1-031"	"1"	"31"	"Patient Care"	"Patient Care"	"concept"	"1"	"If 0.02 ug/kg of cholecystokinin is needed for a hepatibiliary study, what volume needs to be drawn for a 175 lb patient with a solution of 10 ug/ml available to draw from?"	"0.115 mL"	"0.129 mL"	"0.134 mL"	"0.149 mL"	"0.159 mL"	"4"	"0.159 mL"	"There are 2.2 lbs per kg. Therefore: How many kg = 175 lbs x 1 kg/2.2 lbs = 79.54 kg How many micrograms of CCK needed = 79.54 kg x 0.02 |g/1 kg = 159 pg total needed for patient How many mL needed = 1.59 ug needed x 1 mL/10 pg = 0.159 mL volume needed for patient."	"Source: Shackett, 2009; p. 423."	"Question photos/Questions/Exam 1/IMG_1296.jpeg"	"Question photos/Answers/Exam 1/IMG_1204.jpeg"	""	""	""
"exam1-032"	"1"	"32"	"Radiopharmaceuticals"	"Radiopharmaceuticals"	"concept"	"2"	"Parenteral administration of a drug or radiopharmaceutical would include all of the following routes except:"	"oral"	"intramuscular"	"subcutaneous"	"intravenous"	"intrathecal"	"0"	"oral"	"The term parenteral means ""other than through the intestine."" is"	"Source: Kowalczyk and Donnett, 1996; p. 170."	"Question photos/Questions/Exam 1/IMG_1296.jpeg"	"Question photos/Answers/Exam 1/IMG_1204.jpeg"	""	""	""
"exam1-033"	"1"	"33"	"Image Production"	"SPECT"	"protocol"	"3"	"The red cell survival test is most often performed on a patient with suspected:"	"hemolytic anemia"	"intestinal malabsorption"	"iron deficiency anemia"	"pernicious anemia"	"gastrointestinal bleeding"	"0"	"hemolytic anemia"	"The red cell survival test is used to study the lifespan of red blood cells in patients with suspected hemolytic anemia. These patients will have a cell lifespan shorter than normal."	"Source: Early and Sodee, 1995; p. 734."	"Question photos/Questions/Exam 1/IMG_1296.jpeg"	"Question photos/Answers/Exam 1/IMG_1204.jpeg"	""	""	""
"exam1-034"	"1"	"34"	"Instrumentation & QC"	"Instrumentation & QC"	"concept"	"4"	"A technologist confirms a referring physician's request for a nuclear medicine procedure for a hospitalized patient by:"	"asking the floor nurse"	"telephoning the patient's physician for confirmation"	"locating the order for the test in the patient's medical record"	"conferring with the nuclear medicine physician"	"asking the patient why s/he came to the nuclear medicine department"	"2"	"locating the order for the test in the patient's medical record"	"The referring physician initiates orders for diagnostic testing and enters those orders in the patient's medical record. It is the technologist's responsibility to confirm the orders for a nuclear medicine test for each patient."	"Source: Waterstram-Rich and Gilmore, et al., 2017; p. 143."	"Question photos/Questions/Exam 1/IMG_1297.jpeg"	"Question photos/Answers/Exam 1/IMG_1204.jpeg"	""	""	""
"exam1-035"	"1"	"35"	"Instrumentation & QC"	"Collimators"	"protocol"	"5"	"Which type of collimator should be used for organ counting during a red cell sequestration study?"	"low-energy, high-sensitivity parallel hole"	"high-energy, low-resolution parallel hole"	"pinhole"	"flat field"	"converging"	"3"	"flat field"	"A probe system equipped with a ffat-field collimator should be used to obtain organ counts. This will allow adequate statistics in reasonable time periods and exclude counts coming from areas outside the region interest."	"Source: Waterstram-Rich and Gilmore, et al., 2017; p. 627."	"Question photos/Questions/Exam 1/IMG_1297.jpeg"	"Question photos/Answers/Exam 1/IMG_1204.jpeg"	""	""	""
"exam1-036"	"1"	"36"	"Patient Care"	"Patient Care"	"concept"	"1"	"If a plasma volume has been determined to be 15 L, which of the following events has most likely occurred?"	"completion of a satisfactory study"	"overhydration of the patient"	"dehydration of the patient"	"patient did not fast for the study"	"infiltration of the tracer"	"4"	"infiltration of the tracer"	"Source: Early and Sodee, 1995; pp. 726-728,"	"Source: Early and Sodee, 1995; pp. 726-728,"	"Question photos/Questions/Exam 1/IMG_1297.jpeg"	"Question photos/Answers/Exam 1/IMG_1204.jpeg"	""	""	""
"exam1-037"	"1"	"37"	"Clinical Procedures"	"Clinical Procedures"	"concept"	"2"	"A biohazard warning label would be found on all of the following except a:"	"contaminated sharps container"	"refrigerator containing potentially infectious material"	"receptacle for contaminated laundry"	"unit of blood released for clinical use"	"uncontaminated sharps container"	"3"	"unit of blood released for clinical use"	"Biohazard warning labels are attached to any container of regulated materials. These include refrigerators, freezers, and anything used to store, transfer, or ship blood or infectious materials. Labels are not required on containers of blood that have been released for clinical use, such as blood transfusion."	"Source: Administration, 1992; pp. 12-13."	"Question photos/Questions/Exam 1/IMG_1297.jpeg"	"Question photos/Answers/Exam 1/IMG_1204.jpeg"	""	""	""
"exam1-038"	"1"	"38"	"Instrumentation & QC"	"Instrumentation & QC"	"calculation"	"4"	"The total blood volume may be calculated by dividing the plasma volume measured with labeled albumin by the:"	"hematocrit"	"plasmacrit"	"corrected hematocrit"	"corrected plasmacrit"	"hemoglobin"	"3"	"corrected plasmacrit"	"The formula for calculating the total blood volume (TBV) based on the plasma volume uses the corrected plasmacrit in the denominator. Correction is needed to account for trapped plasma and to adjust the venous hematorit to an average whole body hematocrit. The formula is: plasma volume TBV = 1 - (HCT x 0.97 x 0.91)"	"Source: Early and Sodee, 1995; p. 728."	"Question photos/Questions/Exam 1/IMG_1297.jpeg"	"Question photos/Answers/Exam 1/IMG_1204.jpeg"	""	""	""
"exam1-039"	"1"	"39"	"Clinical Procedures"	"Clinical Procedures"	"concept"	"4"	"If radioactivity in the circulation from a previous nuclear medicine test is unaccounted for, results of a plasma volume determination will be:"	"falsely decreased"	"falsely elevated"	"positive"	"impossible to predict"	"unaffected"	"0"	"falsely decreased"	"When residual radioactivity is present in the circulation, it appears as if the amount of radioactivity injected has been diluted in a smaller volume than it actually has. When a plasma sample is counted, the counts are relatively high compared with a sample in which the tracer has been diluted in a large volume. Or, consider the formula used to calculate a plasma volume: PV (mL) = VOlume injected x cpm in 1 mL std x dilution (cpm in 1 mL plasma) The higher the counts in the plasma sample, the larger the number in the denominator of the plasma volume formula. Hence, the smaller the calculated plasma volume."	"Source: Early and Sodee, 1995; p. 728."	"Question photos/Questions/Exam 1/IMG_1297.jpeg"	"Question photos/Answers/Exam 1/IMG_1204.jpeg"	""	""	""
"exam1-040"	"1"	"40"	"Clinical Procedures"	"Renal Imaging"	"concept"	"5"	"The recommended amount of captopril to be given orally an hour before renal imaging in a hypertension study is:"	"10-15 mg"	"15-20 mg"	"25-50 mg"	"55-100 mg"	"105-110 mg"	"2"	"25-50 mg"	"25-50 mg tablet, usually given orally 1 hr before hypertension renal study."	"Source: Shackett, 2009; p. 423."	"Question photos/Questions/Exam 1/IMG_1297.jpeg"	"Question photos/Answers/Exam 1/IMG_1205.jpeg"	""	""	""
"exam1-041"	"1"	"41"	"Radiation Safety"	"Radiation Safety"	"concept"	"1"	"Imaging with [111In] pentetreotide routinely includes what area(s) of the body?"	"head and chest"	"chest"	"abdomen"	"head to upper femurs"	"lower extremities"	"3"	"head to upper femurs"	"Imaging with [111In] pentetreotide routinely includes the head to upper femurs, because detection of both the primary tumor and any metastases is the goal of the examination. If indicated, the extremities may also be included."	"Source: SNMMI Procedure Guidelines Committee, 2011."	"Question photos/Questions/Exam 1/IMG_1297.jpeg"	"Question photos/Answers/Exam 1/IMG_1205.jpeg"	""	""	""
"exam1-042"	"1"	"42"	"Radiopharmaceuticals"	"Radiopharmaceuticals"	"image-interpretation"	"5"	"A patient scheduled for scintimammography has symptoms involving her left breast. Which of the following sites is the best choice for injection of the radiopharmaceutical?"	"subcutaneous in the left breast"	"right carotid artery"	"right antecubital area"	"left hand"	"left carotid artery"	"2"	"right antecubital area"	"Bristol-Myers Squibb Medical Imaging, 2004. If the suspected disease is in the left breast, it would be best to use the contralateral side of the body for injection at a site distant from the breast or lymph nodes that may also be involved."	"Source photo: Answers/Exam 1/IMG_1205.jpeg."	"Question photos/Questions/Exam 1/IMG_1297.jpeg"	"Question photos/Answers/Exam 1/IMG_1205.jpeg"	""	""	""
"exam1-043"	"1"	"43"	"Image Production"	"Lung Imaging"	"concept"	"3"	"Based on the net counts data shown here; what is the percentage perfusion to the right lung? 
Right lung: 175,362 
Left lung: 325,672"	"30%"	"35%"	"54%"	"65%"	"77%"	"1"	"35%"	"counts in ROI % activity in RO1 = (total counts in all ROIs) 175,362 cts % activity right lung = (175,362 cts + 325,672 ts) * 100 175,362 cts - × 100 = 35% = 501,034 cts"	"Source: Wells, 1999; p. 253."	"Question photos/Questions/Exam 1/IMG_1297.jpeg"	"Question photos/Answers/Exam 1/IMG_1205.jpeg"	""	""	""
"exam1-044"	"1"	"44"	"Radiopharmaceuticals"	"Generator / Eluate"	"concept"	"4"	"If 375 mCi 99mTc are present on the column of a 99Mo/99mTc generator, and after elution, 342 mCi 99mTc are assayed in the elution vial, the approximate elution efficiency of the generator is:"	"110%"	"91%"	"33%"	"11%"	"5%"	"1"	"91%"	"Elution does not remove all 99mTc present on the generator column. Elution efficiency is expressed as the percentage of 9°99mTc activity on the column that is eluted: 99mTc activity eluted elution efficiency = 99mTc activity on column In this case: 342 mCi elution efficiency = 375 mCi"	"Source: Chilton and Witcofsi; 1986, pp. 57-60."	"Question photos/Questions/Exam 1/IMG_1297.jpeg"	"Question photos/Answers/Exam 1/IMG_1205.jpeg"	""	""	""
"exam1-045"	"1"	"45"	"Clinical Procedures"	"Clinical Procedures"	"concept"	"5"	"250 kilobecquerels are equivalent to how many microcuries?"	"0.25 uCi"	"0.55 uCi"	"6.76 uCi"	"9.25 uCi"	"10.35 uCi"	"2"	"6.76 uCi"	"Conversions between the CGS and SI systems can be accomplished easily if you remember the three following relationships: 1 Ci = 37 GBq 1 mCi = 37 MBq 1 uCi = 3/ KBq Then to convert kilobecquerels to microcuries: 1 uCi - = 6.75 uCi 250 KBq x 37 kBq"	"Source: Wells, 1999; pp. 32-33."	"Question photos/Questions/Exam 1/IMG_1297.jpeg"	"Question photos/Answers/Exam 1/IMG_1205.jpeg"	""	""	""
"exam1-046"	"1"	"46"	"Radiopharmaceuticals"	"Generator / Eluate"	"concept"	"1"	"If a 99Mo/99mTc generator is eluted on Monday at 0600, the maximum 99mTc activity could next be eluted at what time?"	"0600 on Tuesday"	"1200 on Monday"	"1800 on Monday"	"0600 on Wednesday"	"1200 on Tuesday"	"0"	"0600 on Tuesday"	"Maximum 99mTc activity is obtained about 24 hours after the last elution of 99mTc."	"Source: Saha, 2004; p. 71."	"Question photos/Questions/Exam 1/IMG_1298.jpeg"	"Question photos/Answers/Exam 1/IMG_1205.jpeg"	""	""	""
"exam1-047"	"1"	"47"	"Radiation Safety"	"Radiation Safety"	"protocol"	"2"	"According to the NRC, 99Mo contamination in 99mTc eluate must be measured how often?"	"weekly"	"daily"	"only after the first elution"	"yearly"	"after each elution"	"2"	"only after the first elution"	"According to the NRC, 99Mo breakthrough must be measured in the first elution from a 99Mo/99mTc generator."	"Source: U.S. Nuclear Regulatory Commission, 2003 (10 CFR 35.204)."	"Question photos/Questions/Exam 1/IMG_1298.jpeg"	"Question photos/Answers/Exam 1/IMG_1205.jpeg"	""	""	""
"exam1-048"	"1"	"48"	"Radiopharmaceuticals"	"Radiopharmaceuticals"	"protocol"	"3"	"If these results were obtained when 99mTc eluate was assayed for 99Mo breakthrough at 0600, immediately after elution; Which of the following statements about this elution at 1700 is true?
99Mo: 10 uCi
99mTc: 416 mCi"	"The eluate should not be used to label compounds with 99mTc."	"The eluate does not contain sufficient 99mTc activity."	"The eluate does not contain sufficient 99Mo activity."	"The eluate must not be administered to patients."	"The eluate may be administered to patients."	"4"	"The eluate may be administered to patients."	"At 0600, the 99Mo contamination in the eluate is below the maximum allowable limit of 0.15 uCi 99Mo per mCi 99mTc: 10 uCi 99Mo / 416 mCi 99mTc = 0.024 uCi 99Mo/mCi 99mTc. At 1700, both activities are decay-corrected for 11 hours: 99Mo = 10 uCi x 0.891 = 8.9 uCi, and 99mTc = 416 mCi x 0.282 = 117 mCi. The 99Mo concentration is 8.9 uCi / 117 mCi = 0.08 uCi 99Mo/mCi 99mTc. This level is below the NRC maximum allowable limit, so the eluate may be administered to patients at 1700."	"Source: U.S. Nuclear Regulatory Commission, 2003 (10 CFR 35.204), and Wells, 1999; pp. 224-226."	"Question photos/Questions/Exam 1/IMG_1298.jpeg"	"Question photos/Answers/Exam 1/IMG_1205.jpeg"	""	""	""
"exam1-049"	"1"	"49"	"Radiopharmaceuticals"	"Radiopharmaceuticals"	"protocol"	"4"	"A technologist performs an aluminum ion breakthrough test on 99mTc eluate and obtains the following results: when the indicator paper is spotted with aluminum ion solution, a faint red color is observed, but when the paper is spotted with eluate, no color change is observed. These results indicate:"	"absence of radionuclidic impurities in the eluate"	"absence of free [99mTc] pertechnetate"	"the aluminum ion concentration in the eluate is below the U.S. Pharmacopeia (USP) limit"	"the aluminum ion solution contains less aluminum than the eluate"	"the eluate should be discarded"	"2"	"the aluminum ion concentration in the eluate is below the U.S. Pharmacopeia (USP) limit"	"Aluminum is a chemical impurity measured using a colorimetric test with special indicator paper and a reference solution of known aluminum ion concentration. No color change represents an aluminum ion concentration below 10 ug/mL of eluate, the USP limit. Therefore, this eluate may be administered to patients and used to prepare other 99mTc-labeled radiopharmaceuticals."	"Source: Saha, 2004; p. 75, and Eliot, 1990; p. 49."	"Question photos/Questions/Exam 1/IMG_1298.jpeg"	"Question photos/Answers/Exam 1/IMG_1205.jpeg"	""	""	""
"exam1-050"	"1"	"50"	"Radiopharmaceuticals"	"Bone Imaging"	"protocol"	"5"	"All of the following procedures may be performed with [99mTc sulfur colloid except:"	"gastric-emptying study"	"gastroesophageal reflux study"	"gastrointestinal-bleeding localization"	"Meckel's diverticulum localization"	"bone marrow imaging"	"3"	"Meckel's diverticulum localization"	"Gastric emptying and gastroesophageal reflux studies and gastrointestinal bleeding localization all may be performed with 99mTc-sulfur colloid. 99mTc-pertechnetate is used to localize a Meckel's diverticulum."	"Source: Saha, 2004; pp. 320-321."	"Question photos/Questions/Exam 1/IMG_1298.jpeg"	"Question photos/Answers/Exam 1/IMG_1205.jpeg"	""	""	""
"exam1-051"	"1"	"51"	"Radiopharmaceuticals"	"Thyroid Imaging"	"protocol"	"1"	"Based on the day's clinic schedule shown here, the technologist should prepare or order which of the following radiopharmaceuticals?"	"[123I] sodium iodide, [131I] sodium iodide, and [111In] pentetate (DTPA)"	"[111In] oxine (WBC) and [123I] sodium iodide"	"[123I] sodium iodide, [99mTc] sulfur colloid, and [99mTc] macroaggregated albumin"	"[131I] sodium iodide and [111In] chloride"	"[131I] human serum albumin, [131I] sodium iodide, and [99mTc] pertechnetate"	"0"	"[123I] sodium iodide, [131I] sodium iodide, and [111In] pentetate (DTPA)"	"Patient A is scheduled for thyroid uptake and imaging, Patient B for therapy for hyperthyroidism, and Patient C for a cisternogram. The appropriate radiopharmaceutical set is [123I] sodium iodide, [131I] sodium iodide, and [111In] pentetate (DTPA)."	"Source: Early and Sodee, 1999; pp. 627-631."	"Question photos/Questions/Exam 1/IMG_1298.jpeg"	"Question photos/Answers/Exam 1/IMG_1205.jpeg"	"assets/question-bank/retake/exam1-051/e1q51.jpg"	"Graphic for Exam 1, Question 51."	""
"exam1-052"	"1"	"52"	"Instrumentation & QC"	"Lung Imaging"	"concept"	"2"	"If an MAA kit must be reconstituted with 3.5 mL of [99mTc]pertechnetate, what are the consequences if only 2.0 mL are added to the kit?"	"Patients will receive more MAA particles per milliliter of [99mTc] MAA."	"Patients will receive more pertechnetate per milliliter of recommended patient dose."	"Patients will receive the recommended number of particles if the correct activity is administered."	"The resulting perfusion lung images will have the appearance of decreased tracer uptake."	"Patients will receive fewer MAA particles per milliliter of [99mTc] MAA."	"0"	"Patients will receive more MAA particles per milliliter of [99mTc] MAA."	"The volume added to an MAA kit governs the number of particles in each milliliter of radiopharmaceutical and, therefore, the number of particles a patient will receive. For example, if a vial of MAA contains 2 million particles and 2 mL of 99mTc-pertechnetate are added to the vial, there will be approximately 1 million MAA particles in each milliliter. If only 1 mL is added, there will be twice as many particles in each milliliter. Therefore, a patient would receive twice as many particles in a unit dose from the second preparation."	"Source: Wells, 1999; pp. 213-214."	"Question photos/Questions/Exam 1/IMG_1298.jpeg"	"Question photos/Answers/Exam 1/IMG_1206.jpeg"	""	""	""
"exam1-053"	"1"	"53"	"Patient Care"	"Patient Care"	"concept"	"3"	"Reconstituted ""cold"" pyrophosphate is administered to the patient in which red blood cell labeling method(s)?"	"in vitro method"	"both the in vivo method and the modified in vivo method"	"modified in vivo method"	"both the in vitro method and the in vivo method"	"in vivo method"	"1"	"both the in vivo method and the modified in vivo method"	"In both the in vivo and modified in vivo techniques, reconstituted ""cold"" pyrophosphate, containing stannous ion that permits 99mTc-pertechnetate to permeate red cell membranes, is administered intravenously to the patient. In the in vitro method, the entire labeling process takes place outside the patient. A blood sample is collected to which stannous ions are added. After an incubation period, 99mTc-pertechnetate is added to the red cells after they have been isolated from the plasma. After another incubation period, the red cells are washed to remove unbound tracer, reconstituted, and injected back into the patient."	"Source: Waterstram-Rich and Gilmore, et al., 2017; p. 512."	"Question photos/Questions/Exam 1/IMG_1298.jpeg"	"Question photos/Answers/Exam 1/IMG_1206.jpeg"	""	""	""
"exam1-054"	"1"	"54"	"Radiopharmaceuticals"	"Radiopharmaceuticals"	"calculation"	"5"	"Which of the following radiopharmaceutical kit formulations is light-sensitive?"	"sestamibi"	"oxidronate (HDP)"	"mertiatide (MAG3)"	"exametazime (HMPAO)"	"pertechnetate"	"2"	"mertiatide (MAG3)"	"The contents in the mertiatide (MAG3) reaction vial are light-sensitive and must be protected from light."	"Source: Saha, 2004; p. 123."	"Question photos/Questions/Exam 1/IMG_1298.jpeg"	"Question photos/Answers/Exam 1/IMG_1206.jpeg"	""	""	""
"exam1-055"	"1"	"55"	"Radiopharmaceuticals"	"Radiopharmaceuticals"	"image-interpretation"	"3"	"When performing radiochromatography on a radiopharmaceutical sample, the solvent front is located 8.5 cm from the origin and the radiochemical impurity is at the origin. What is the Rf value of the radiochemical impurity?"	"-0.5"	"0"	"1.0"	"8.5"	"0.85"	"1"	"0"	"The Rf value is the distance traveled by a given radiochemical component compared with the solvent front: Rf = distance from origin to radiochemical component / distance from origin to solvent front. In this example, the radiochemical component in question is the radiochemical impurity. Because the impurity remained at the origin, the distance from the origin to the impurity is zero. Thus, the Rf value for the radiochemical impurity is 0 cm / 8.5 cm = 0."	"Source: Saha, 2004; p. 155."	"Question photos/Questions/Exam 1/IMG_1299.jpeg"	"Question photos/Answers/Exam 1/IMG_1206.jpeg"	""	""	""
"exam1-056"	"1"	"56"	"Instrumentation & QC"	"Instrumentation & QC"	"protocol"	"1"	"According to the USP, most 99mTc-labeled radiopharmaceuticals should have a radiochemical purity of at least what percentage to be administered to patients?"	"98%"	"95%"	"90%"	"88%"	"85%"	"2"	"90%"	"U.S. Pharmacopeia, 1990. According to the USP, most 99mTc-labeled radiopharmaceuticals should have a radiochemical purity of at least 90%. 57, a Chilton and Witcofski, 1986; pp. 17-18. The elapsed time between calibration and unit dosage administration is 4 hours (1700-1100). From a decay fact-table from 99mTc, the decay factor for 4 hours is 0.631. The initial concentration is decay-corrected to determine the concentration at 1100: C(t) = C(0) x DF = 11.8 mCi/mL x 0.631 = 7.4 mCi/mL at 1100 Then the volume to be administered is calculated based on the prescribed patient dosage and the concentration at the time of administration: 8 mCi -= 1.1 mL volume = atient dosage 7.4 mCi/mL C(t)"	"Source photo: Answers/Exam 1/IMG_1206.jpeg."	"Question photos/Questions/Exam 1/IMG_1299.jpeg"	"Question photos/Answers/Exam 1/IMG_1206.jpeg"	""	""	""
"exam1-057"	"1"	"57"	"Radiopharmaceuticals"	"Radiopharmaceuticals"	"protocol"	"2"	"A technologist must administer 8 mCi [99mTc] mebrofenin (HIDA) to a patient at 1100. On the basis of this vial label information: 
Calibration 0700, August 4
Total activity 100 mCi
Total volume 8.5 mL
Concentration 11.8 mCi/mL
Expiration 1500, August 4

What volume of [99mTc] mebrofenin (HIDA) should be administered to the patient?"	"1.1 mL"	"0.92 mL"	"0.68 mL"	"0.52 mL"	"0.13 mL"	"0"	"1.1 mL"	"The elapsed time between calibration and unit dosage administration is 4 hours (1700-1100). From a decay factor table for 99mTc, the decay factor for 4 hours is 0.631. The initial concentration is decay-corrected to determine the concentration at 1100: C(t) = C(0) x DF = 11.8 mCi/mL x 0.631 = 7.4 mCi/mL at 1100. The volume to administer is then calculated from the prescribed patient dosage and concentration: 8 mCi / 7.4 mCi/mL = 1.1 mL."	"Source: Chilton and Witcofski, 1986; pp. 17-18."	"Question photos/Questions/Exam 1/IMG_1299.jpeg"	"Question photos/Answers/Exam 1/IMG_1206.jpeg"	""	""	""
"exam1-058"	"1"	"58"	"Radiopharmaceuticals"	"Radiopharmaceuticals"	"protocol"	"3"	"A technologist must administer 37 MBq [201Tl] thallous chloride at 1000 on February 16. On the basis of this vial label information:
Calibration: 1200, February 14
Total activity: 222 MBq
Total volume: 4.0 mL
Concentration: 55.5 MBq/mL
Expiration: 1200, February 17 

what volume should be administered to the patient? "	" 1.0 mL"	"0.96 mL"	"0.84 mL"	"0.44 mL"	"0.23 mL"	"0"	" 1.0 mL"	"The elapsed time between calibration and unit dosage administration is 46 hours (1200 on February 14-1000 on February 16). From a decay factor table for 201Tl, the decay factor for 46 hours is approximately 0.646. The initial concentration is decay-corrected for 46 hours to determine the concentration at 1000 on February 16: C(t) = C(0) x DF = 55.5 MBq/mL x 0.646 = 35.8 MBq/mL at 1000 on 2/16. The volume to be administered is calculated based on the prescribed patient dosage and concentration at the time of administration: 37 MBq / 35.8 MBq/mL = 1.0 mL."	"Source: Wells, 1999; pp. 172-173, 185-186."	"Question photos/Questions/Exam 1/IMG_1299.jpeg"	"Question photos/Answers/Exam 1/IMG_1206.jpeg"	""	""	""
"exam1-059"	"1"	"59"	"Radiopharmaceuticals"	"Radiopharmaceuticals"	"concept"	"4"	"A technologist needs 4 mCi [201Tl] thallous chloride at 0800 on June 29. The label on the radiopharmaceutical vial contains this information: 
Total activity 10.0 mCi
Total volume 5.5 mL
Assay 1200, July 1. 

What volume is required to obtain the necessary activity on June 29?"	"3.6 mL"	"1.35 mL"	"0.74 mL"	"0.28 mL"	"0.13 mL"	"1"	"1.35 mL"	"The elapsed time between calibration and dosage calculation is 52 hours (0800 on June 29-1200 on July 1). In this example, the radiopharmaceutical is being used before the calibration time. Therefore, the initial concentration on June 29 is the unknown, and the known concentration is divided by the decay factor. The concentration on July 1 is 1.8 mCi/mL (10.0 mCi/5.5 mL). C(0) x 0.609 = 1.8 mCi/mL, so C(0) = 1.8 mCi/mL / 0.609 = 2.96 mCi/mL. The required volume is 4.0 mCi / 2.96 mCi/mL = 1.35 mL."	"Source: Wells, 1999; pp. 172-173, 185-186."	"Question photos/Questions/Exam 1/IMG_1299.jpeg"	"Question photos/Answers/Exam 1/IMG_1206.jpeg"	""	""	""
"exam1-060"	"1"	"60"	"Radiopharmaceuticals"	"Radiopharmaceuticals"	"concept"	"5"	"Which radiopharmaceutical is used to label red blood cells with 99mTc?"	"[99mTc] albumin (MAA)"	"[99mTc] pertechnetate"	"[99mTc] sulfur colloid"	"[99mTc] pyrophosphate (PYP)"	"[99mTc] exametazime (HMPAO)"	"1"	"[99mTc] pertechnetate"	"The three methods of labeling red blood cells with 99mTc all use 99mTc-pertechnetate. 99mTc-pertechnetate enters the red blood cell and binds to hemoglobin. Part of the red blood cell labeling process involves administration of a reconstituted ""cold"" pyrophosphate kit to provide the stannous compound necessary for labeling to occur. 99mTc-albumin is a blood-pool agent; that is, it remains in the circulation for a period of time after intravenous injection. It does not bind to the red blood cells. 99mTc-exametazime (HMPAO) is used to label white blood cells."	"Source: Saha, 2004; pp. 116-118."	"Question photos/Questions/Exam 1/IMG_1299.jpeg"	"Question photos/Answers/Exam 1/IMG_1206.jpeg"	""	""	""
"exam1-061"	"1"	"61"	"Radiopharmaceuticals"	"Radiopharmaceuticals"	"concept"	"1"	"Which of the following radiopharmaceuticals is used to label white blood cells with 99mTc?"	"[99mTc] bicisate (ECD)"	"[99mTc] sulfur colloid"	"[99mTc] pertechnetate"	"[99mTc] sestamibi"	"[99mTc] exametazime (HMPAO)"	"4"	"[99mTc] exametazime (HMPAO)"	"99mTc-exametazime (HMPAO) is used to label white blood cells. 99mTc-pertechnetate is used to label red blood cells. 99mTc-bicisate (ECD) is used to demonstrate regional brain perfusion. [99mTc] sestamibi is used for myocardial imaging as well as other applications."	"Source: Saha, 2004; pp. 118-121."	"Question photos/Questions/Exam 1/IMG_1299.jpeg"	"Question photos/Answers/Exam 1/IMG_1207.jpeg"	""	""	""
"exam1-062"	"1"	"62"	"Radiopharmaceuticals"	"Radiopharmaceuticals"	"concept"	"2"	"When [99mTc] exametazime (HMPAO) is used to label white blood cells, which of the following reagents is omitted from its preparation?"	"[99mTc] pertechnetate"	"0.9% sodium chloride"	"heparin"	"methylene blue stabilizer"	"ACD solution"	"3"	"methylene blue stabilizer"	"GE Healthcare, 2006; and Christian, et al., 2016; p. 89. When 99mTc-exametazime (HMPAO) is used to label white blood cells, methylene blue stabilized is omitted from its preparation."	"Source photo: Answers/Exam 1/IMG_1207.jpeg."	"Question photos/Questions/Exam 1/IMG_1299.jpeg"	"Question photos/Answers/Exam 1/IMG_1207.jpeg"	""	""	""
"exam1-063"	"1"	"63"	"Radiation Safety"	"Dose Calibrator QC"	"concept"	"3"	"If 4 millicuries of [201Tl] thallous chloride is the prescribed unit dosage, which of the following dose calibrator measurements, according to the NRC, verifies that a dosage within acceptable limits has been dispensed into the syringe?
a. 3.5 mCi
b. 4.0 mCi
c. 4.3 mCi
d. 4.5 mCi"	"A Only"	"B Only"	"B or C only"	"A, B, or C only"	"A, B, C, or D"	"4"	"A, B, C, or D"	"U.S. Nuclear Regulatory Commission, 2003 (10CFR 35.63). The NRC states that the administered dosage must fall within the prescribed dosage range or may not differ from the prescribed dosage by more than 20%. If the prescribed dosage is 4 mCi, the measured dosage must be between 3.2 and 4.8 mCi (20% of 4 mCi)."	"Source photo: Answers/Exam 1/IMG_1207.jpeg."	"Question photos/Questions/Exam 1/IMG_1299.jpeg"	"Question photos/Answers/Exam 1/IMG_1207.jpeg"	""	""	""
"exam1-064"	"1"	"64"	"Instrumentation & QC"	"Instrumentation & QC"	"concept"	"4"	"In labeling red blood cells with radiochromium, the order of components to be added to the vial containing ACD solution is:"	"radiochromium, ACD, patient blood, ascorbic acid"	"radiochromium, patient blood, ascorbic acid"	"radiochromium, ascorbic acid, patient blood"	"patient blood, radiochromium, ascorbic acid"	"ascorbic acid, radiochromium, patient blood"	"3"	"patient blood, radiochromium, ascorbic acid"	"Radiochromium should not be added to the ACD solution before the patient's blood, because ACD may change the valence of the radiochromium before labeling can take place. Ascorbic acid is added at the end of the labeling procedure to stop the tagging before the blood is returned to the patient."	"Source: Early and Sodee, 1995; p. 733."	"Question photos/Questions/Exam 1/IMG_1300.jpeg"	"Question photos/Answers/Exam 1/IMG_1207.jpeg"	""	""	""
"exam1-065"	"1"	"65"	"Radiopharmaceuticals"	"MAA / Pulmonary Perfusion"	"concept"	"5"	"If a unit dosage of [99mTc] MAA contains 148 MBq and 325,000 particles in 0.75 mL at 1,000, approximately how many particles will be contained in 148 MBq at 1,600?"	"162,500"	"325,000"	"433,333"	"522,000"	"650,000"	"4"	"650,000"	"The concentration at 1000 is: 148 MBQ = 197 MBq/mL 0.75 ml At 1600, after correcting for decay, the concentration is: 197 MBq/mL x 0.5 = 985 MBq/mL Therefore, the volume of a unit dosage at 1600 is: 148 MBq 98.5 MBq/mT, = 15 mL The number of particles in 1 mL remains constant over time and is: 325,000 particles -= 433,333 particles/ml 0.75 mL Therefore, the 1600 dosage contains twice as many particles as the 1000 dosage, because the 1600 dosage contains twice the volume to obtain the same unit dosage of 148 MBq: 433,333 particles/mL x 1.5 ml = 650,000 particles"	"Source: Wells, 1999; p. 213- 214."	"Question photos/Questions/Exam 1/IMG_1300.jpeg"	"Question photos/Answers/Exam 1/IMG_1207.jpeg"	""	""	""
"exam1-066"	"1"	"66"	"Radiation Safety"	"Radiation Safety"	"concept"	"1"	"If a unit dosage of radioactivity contains 45 mCi in 1.2 mL, how many milliliters must be removed so 3.5 mCi remain in the syringe?"	"0.93 mL"	"0.78 mL"	"0.27 mL"	"0.13 mL"	"0.02 mL"	"2"	"0.27 mL"	"Determine the concentration: total activity concentration = total volume = 3.75 mCi/mL Determine the volume that will contain the required activity: 3.5 mCi activity required volume = concentration -=3.75 mCi/ml. = 0.93 ml. Determine the volume that will have to be removed from the syringe: Total volume - volume required = volume to be removed 1.2 mL - 0.93 mL = 0.27 mL"	"Source: Wells, 1999; pp. 197-198."	"Question photos/Questions/Exam 1/IMG_1300.jpeg"	"Question photos/Answers/Exam 1/IMG_1207.jpeg"	""	""	""
"exam1-067"	"1"	"67"	"Radiopharmaceuticals"	"Radiopharmaceuticals"	"concept"	"2"	"If a radiopharmaceutical kit must be reconstituted with 30 mCi contained in 5 mL and the eluate has an activity of 350 mCi in 7 mL, how many milliliters of preservative-free saline must be added?"	"0.6 mL"	"4.4 mL"	"4.9 mL"	"5.2 ml"	"6.0 mL"	"1"	"4.4 mL"	"Determine the concentration of the eluate: 350 mCi concentration = total activity = 7 mL total volume = 50 mCi/mL Determine the volume of 99mTc-pertechnetate needed to obtain the required activity: 30 mCi volume = activity required concentration -= 50 mCi/ml. = 0.6 mL Because the activity must be contained in a specific volume (5 mL), sterile, preservative-free saline must be added to make up the required volume: Reconstituting volume = 99mTc-pertechnetate volume + saline volume Saline volume = reconstituting volume - 99mTc-pertechnetate volume Saline volume = 5 mL - 0.6 mL = 4.4 mL"	"Source: Wells, 1999; pp. 192-193."	"Question photos/Questions/Exam 1/IMG_1300.jpeg"	"Question photos/Answers/Exam 1/IMG_1207.jpeg"	""	""	""
"exam1-068"	"1"	"68"	"Clinical Procedures"	"Clinical Procedures"	"protocol"	"3"	"What is the minimal centrifugation time needed if a protocol specifies 5000 g for 5 min, but the maximum relative centrifugal force that can be obtained is 2500 g?"	"2 min"	"2.5 min"	"7.5 min"	"10 min"	"12.5 min"	"3"	"10 min"	"In this case, the centrifuge cannot provide the necessary relative centrifugal force (RCF) identified in the protocol. However, by adjusting the time, the same degree of centrifugation may be obtained. The relationship is: IG = IG2 where Ti and G, are the minimum time of centrifugation and RCE, respectively, and I, and G, are the alternative time and RCF, respectively. Solving for the alternative time: T,G (5 min) (5000 g) = - = 10 min 2500 g G2"	"Source: Wells, 1999; pp. 166-167."	"Question photos/Questions/Exam 1/IMG_1300.jpeg"	"Question photos/Answers/Exam 1/IMG_1207.jpeg"	""	""	""
"exam1-069"	"1"	"69"	"Radiation Safety"	"Radiation Safety"	"protocol"	"4"	"According to the NRC, imaging rooms should be posted with which of the following signs?"	"No posting is required."	"""Caution: No Food or Drink"""	"""Caution: Radiation Area"""	"""Caution: Radioactive Materials"""	"""Caution: High Radiation Area"""	"3"	"""Caution: Radioactive Materials"""	"The NRC requires restricted areas, such as imaging rooms, to be posted with specific signs depending on the radiation level or radioactive material quantities present. A ""Caution: Radioactive Materials"" sign should be posted in areas where radioactive materials are used or stored in quantities exceeding 10 times the quantities specified in Appendix C to 10 CFR Part 20. Commonly used radionuclides that can require posting include more than 10 mCi of 99mTc, 67Ga, 133Xe, or 201Tl; more than 1 mCi of 111In; or more than 10 uCi of 131I."	"Source: U.S. Nuclear Regulatory Commission, 2003 (10 CFR 20.1902)."	"Question photos/Questions/Exam 1/IMG_1300.jpeg"	"Question photos/Answers/Exam 1/IMG_1207.jpeg"	""	""	""
"exam1-070"	"1"	"70"	"Radiation Safety"	"Radiation Safety"	"concept"	"5"	"Which of the following exposure rates indicate that a package containing radioactive material must have a category III DOT label?"	"At package surface 76 mR/hr & At 1 meter 5.5 mR/hr"	"At package surface 56 mR/hr & At 1 meter 3.5 mR/hr"	"At package surface 22 mR/hr & At 1 meter 0.9 mR/hr"	"At package surface 1.5 mR/hr & At 1 meter 1.0 mR/hr"	"At package surface 0.5 mR/hr & At 1 meter No detectable radiation"	"1"	"At package surface 56 mR/hr & At 1 meter 3.5 mR/hr"	"U.S. Nuclear Regulatory Commission, 2003 (49 CFR 172.403 and 172.436-440). The label types and exposure rate limits for packages containing radioactive materials are: Exposure rate (mR/h) At surface Label category No detectable radiation ≤0.5 Category I (white) ≤50 Category Il (yellow) Category III (yellow) ≤200"	"Source photo: Answers/Exam 1/IMG_1208.jpeg."	"Question photos/Questions/Exam 1/IMG_1300.jpeg"	"Question photos/Answers/Exam 1/IMG_1208.jpeg"	""	""	""
"exam1-071"	"1"	"71"	"Radiation Safety"	"Radiation Safety"	"concept"	"1"	"If a point source produces an exposure rate of 30 mR/hr at a distance of 15 cm, what is the exposure rate at 40 cm from the source?"	"4.2 mR/hr"	"8.5 mR/hr"	"11.2 mR/hr"	"22 mR/hr"	"25 mR/hr"	"0"	"4.2 mR/hr"	"Use the inverse square law: (V,) (D,) = (1)(D)2 where / = intensity at original distance (D,) and ½, = intensity at new distance (D2). In this example: (30 mR/hr) (15 cm)' = (L) (40 cm)2 Isolate the unknown and solve: (30 mR/hr) (15 cm)' 1= (40 cm) = 12= 4.2 mR/hr"	"Source: Wells, 1999; pp. 101-102."	"Question photos/Questions/Exam 1/IMG_1300.jpeg"	"Question photos/Answers/Exam 1/IMG_1208.jpeg"	""	""	""
"exam1-072"	"1"	"72"	"Radiation Safety"	"Radiation Safety"	"concept"	"2"	"If the half-value layer (HVL) for 131I in lead is 0.3 cm, what is the minimum thickness of lead that is required to reduce the exposure rate of an 131I source from 12 mR/hr to less than 2 mR/hr?"	"0.3 cm"	"0.6 cm"	"0.75 cm"	"0.9 cm"	"1.2 cm"	"3"	"0.9 cm"	"Each half-value layer (HVL) will decrease the activity to one-half of the previous activity. No. of HVLs Exposure rate (mR/h) Thus three HVLs are required to decrease the exposure rate to less than or 3 x 0.3 cm = 0.9 cm. 2 mR/h. Hence, the thickness of lead required is three times the HVL,"	"Source: Wells, 1999; pp. 107."	"Question photos/Questions/Exam 1/IMG_1300.jpeg"	"Question photos/Answers/Exam 1/IMG_1208.jpeg"	""	""	""
"exam1-073"	"1"	"73"	"Radiation Safety"	"Radiation Safety"	"protocol"	"3"	"A patient receives a unit dosage of [89Sr] chloride intended for another patient. Which of the following statements about this situation is true?"	"Because the patient received only a unit dosage of 89Sr, no report to the NRC is required."	"According to the NRC, this does not constitute a medical event, but a departmental record should be maintained."	"The situation describes a medical event that has to be reported only to the nuclear medicine supervisor and the authorized user:"	"No report is necessary since it does not reach the dose threshold for reporting."	"The situation describes a medical event requiring notification of the NRC."	"4"	"The situation describes a medical event requiring notification of the NRC."	"U.S. Nuclear Regulatory Commission, 2003 (10 CFR 35.3045), and Siegel, 2004; pp. 58-59. A licensee must notify the NRC of medical events, which are defined as an administration of a licensed material that results in an effective equivalent dose (EDE) greater than 5 Rem, a dose to an organ or tissue that is greater than 50 Rem, or shallow dose exposure (SDE) to the skin greater than 50 Rem because of any of the following: • The total dosage delivered differs from the prescribed dosage by 20% or more. • The total dosage falls outside the prescribed range. • The wrong radioactive drug was administered. • The radioactive drug was administered by the wrong route. Exposure rate (mR/h) • The radioactive dosage was administered to the wrong person. At 1 m No detectable radiation When a medical event (misadministration) occurs, the NRC requires the ≤1.0 licensee to notify the NRC, the referring physician, and the involved indi- ≤10 vidual, unless the referring physician determines, on the basis of medical judgment, that such notification would be harmful to the patient."	"Source photo: Answers/Exam 1/IMG_1208.jpeg."	"Question photos/Questions/Exam 1/IMG_1300.jpeg"	"Question photos/Answers/Exam 1/IMG_1208.jpeg"	""	""	""
"exam1-074"	"1"	"74"	"Radiation Safety"	"Radiation Safety"	"concept"	"4"	"According to NRC regulations, the annual occupational dose limit to the eye is:"	"150 mSv"	"100 mSv"	"75 mSv"	"50 mSv"	"5 mSv"	"0"	"150 mSv"	"U.S. Nuclear Regulatory Commission, 2003 (10 CFR 20.1201), and Siegel, 2004; pp. 28-36. According to the NRC, the annual occupational dose limit to the eye is 15 Rem or 150 mSv."	"Source photo: Answers/Exam 1/IMG_1208.jpeg."	"Question photos/Questions/Exam 1/IMG_1300.jpeg"	"Question photos/Answers/Exam 1/IMG_1208.jpeg"	""	""	""
"exam1-075"	"1"	"75"	"Radiation Safety"	"Radiation Safety"	"protocol"	"5"	"A vial of 133Xe has been decayed in storage for 2 months. When the vial is monitored with a survey meter, the reading is twice the background radiation level. What should the technologist do next?"	"Remove any radiation symbols from the vial, then dispose of it."	"Perform a wipe check."	"Return the vial to storage."	"Vent the radioactivity left in the vial into a fume hood."	"Dispose of the vial as biohazardous waste."	"2"	"Return the vial to storage."	"U.S. Nuclear Regulatory Commission, 2003 (10 CFR 35.92), and Siegel, 2004; pp. 53-54. According to NRC regulations, decay in storage of radioactive materials (40 cm) = requires that the materials remain in storage until the radioactivity is indistinguishable from background radiation, using a survey meter on the most-sensitive scale and without any shielding in place."	"Source photo: Answers/Exam 1/IMG_1208.jpeg."	"Question photos/Questions/Exam 1/IMG_1301.jpeg"	"Question photos/Answers/Exam 1/IMG_1208.jpeg"	""	""	""
"exam1-076"	"1"	"76"	"Radiation Safety"	"Radiation Safety"	"protocol"	"1"	"According to the NRC, wipe tests of areas where radiopharmaceuticals are prepared or administered must be performed:"	"on a reasonable schedule"	"every day on which radiopharmaceuticals are used"	"weekly"	"only if contamination occurs"	"monthly"	"0"	"on a reasonable schedule"	"U.S. Nuclear Regulatory Commission, 2003 (10 CFR 35.70 and 10 CFR 20.1501); Siegel, 2004; pp. 43-46. Exposure rate (mR/h) NRC regulations required a survey of areas where radiopharmaceuticals that require a written directive are prepared or administered. This would include therapeutic radiopharmaceuticals and dosages of 131] greater than 30 uCi. 1.5 As of October 2002, the NRC no longer requires daily surveys and weekly wipe tests. Instead, it allows facilities to establish a survey and wipe test schedule. The schedule must be reasonable, based on the need to determine radiation levels, concentrations or quantities of radioactive materials, and potential radiological hazards."	"Source photo: Answers/Exam 1/IMG_1208.jpeg."	"Question photos/Questions/Exam 1/IMG_1301.jpeg"	"Question photos/Answers/Exam 1/IMG_1208.jpeg"	""	""	""
"exam1-077"	"1"	"77"	"Radiation Safety"	"Radiation Safety"	"concept"	"2"	"What is the measured exposure rate shown on the diagram of the G-M meter depicted here?"	"0.017 mR/hr"	"0.17 mR/hr"	"1.7 mR/hr"	"17 mR/hr"	"170 mR/hr"	"1"	"0.17 mR/hr"	"The measured exposure rate is the product of the number indicated by the needle on the meter and the scale. In this example, the reading on the meter is 1.7 on a scale of 0.1. Thus, 1.7 mR/hr x 0.1 = 0.17 mR/hr."	"Source: Thompson, et al., 1994; pp. 32-33."	"Question photos/Questions/Exam 1/IMG_1301.jpeg"	"Question photos/Answers/Exam 1/IMG_1208.jpeg"	"assets/question-bank/retake/exam1-077/e1q77.jpg"	"Graphic for Exam 1, Question 77."	""
"exam1-078"	"1"	"78"	"Radiation Safety"	"Radiation Safety"	"protocol"	"3"	"When opening packages containing radioactive material, which of the following steps should be performed first?"	"Perform a survey using Geiger counter."	"Wipe-test the package receiving area."	"Put on disposable gloves."	"Wipe-test the package for contamination."	"Verify the package contents against the packing slip."	"2"	"Put on disposable gloves."	"Because it has not been determined that the package is free of contamination, gloves should be put on before the package or its contents are handled."	"Source: 1996; p. 196."	"Question photos/Questions/Exam 1/IMG_1301.jpeg"	"Question photos/Answers/Exam 1/IMG_1208.jpeg"	""	""	""
"exam1-079"	"1"	"79"	"Radiation Safety"	"Radiation Safety"	"concept"	"4"	"During cleanup of a radioactive spill, decontamination of the area must continue until wipe checks reveal that:"	"The exposure rate of the area is less than 3 mRem/hr."	"The exposure rate of the area cannot be distinguished from background activity."	"The contamination is reduced to a small area."	"No one would receive the maximum allowable total effective dose equivalent (TEDE) if he/she remained in the area."	"No more contamination can be removed from the area."	"4"	"No more contamination can be removed from the area."	"Decontamination of a radioactive spill should continue until the residual radioactivity is below the action level set by the licensee or until no further contamination can be removed by cleaning the area. If residual radioactivity is present after thorough decontamination, the area should be covered as a reminder for personnel to limit their time in that area."	"Source: Waterstram-Rich and Gilmore, et al., 2017; p. 125."	"Question photos/Questions/Exam 1/IMG_1301.jpeg"	"Question photos/Answers/Exam 1/IMG_1209.jpeg"	""	""	""
"exam1-080"	"1"	"80"	"Radiation Safety"	"Radiation Safety"	"concept"	"5"	"Personnel must wear a radiation monitoring device during work hours if they are:"	"exposed to radiation at any time during work hours"	"exposed to radiation above background levels"	"likely to exceed 10% of the annual maximum allowable occupational exposure"	"likely to exceed the annual maximum allowable occupational exposure"	"a radiologic technologist"	"2"	"likely to exceed 10% of the annual maximum allowable occupational exposure"	"U.S. Nuclear Regulatory Commission, 2003 (10 CFR 20.1502); Siegel, 2004; pp. 29-36. The NRC requires monitoring of occupationally exposed individuals it they are likely to exceed 10% of the annual allowable limit for external exposure or internal uptake."	"Source photo: Answers/Exam 1/IMG_1209.jpeg."	"Question photos/Questions/Exam 1/IMG_1301.jpeg"	"Question photos/Answers/Exam 1/IMG_1209.jpeg"	""	""	""
"exam1-081"	"1"	"81"	"Radiation Safety"	"Radiation Safety"	"concept"	"1"	"A patient can be released after receiving a therapeutic radiopharmaceutical if no other individual is likely to receive an exposure dose, from being exposed to the patient, exceeding how many Rems?"	"0.5 Rem"	"0.7 Rem"	"2.5 Rem"	"5.0 Rem"	"7.0 Rem"	"0"	"0.5 Rem"	"U.S. Nuclear Regulatory Commission, 2003 (10 CFR 35.75). According to the NRC, an individual who has received a therapeutic dosage of radiopharmaceutical can be released if no other individual is likely to receive a total effective dose equivalent (TEDE) exceeding 0,5 Rem (5 mSv) as a result of contact with the person who received the radiopharmaceutical."	"Source photo: Answers/Exam 1/IMG_1209.jpeg."	"Question photos/Questions/Exam 1/IMG_1301.jpeg"	"Question photos/Answers/Exam 1/IMG_1209.jpeg"	""	""	""
"exam1-082"	"1"	"82"	"Radiation Safety"	"Radiation Safety"	"protocol"	"2"	"If a source of radioactive contamination produces an exposure rate of 3 mR/hr, how long will it take for the exposure rate to drop to a background exposure rate of 0.05 mR/hr?"	"5 half-lives"	"6 half-lives"	"7 half-lives"	"8 half-lives"	"9 half-lives"	"1"	"6 half-lives"	"For each half-life that passes, the activity decreases to half of the previous activity. Exposure rate (mR/h) No. of half-lives After 6 half-lives, the original activity has decreased to background activity."	"Source: Christian, et al., 2016; p. 10-12."	"Question photos/Questions/Exam 1/IMG_1301.jpeg"	"Question photos/Answers/Exam 1/IMG_1209.jpeg"	""	""	""
"exam1-083"	"1"	"83"	"Radiation Safety"	"Radiation Safety"	"concept"	"3"	"According to the NRC, records of surveys must be retained for how many years?"	"as long as the facility's license is in effect"	"7 years"	"5 years"	"4 years"	"3 years"	"4"	"3 years"	"U.S. Nuclear Regulatory Commission, 2003 (10 CFR 20.2103); Siegel, 2004; p. 55. According to the NRC, the results of all surveys must be retained for three years."	"Source photo: Answers/Exam 1/IMG_1209.jpeg."	"Question photos/Questions/Exam 1/IMG_1301.jpeg"	"Question photos/Answers/Exam 1/IMG_1209.jpeg"	""	""	""
"exam1-084"	"1"	"84"	"Radiation Safety"	"Radiation Safety"	"concept"	"4"	"Which of the following materials is recommended for shielding syringes containing positron-emitting radionuclides?"	"lead"	"tungsten"	"gold"	"steel"	"plastic-lined lead"	"1"	"tungsten"	"Tungsten is recommended, because it will absorb more radiation than the same thickness of lead."	"Source: Christian, et al., 2016; p. 354."	"Question photos/Questions/Exam 1/IMG_1301.jpeg"	"Question photos/Answers/Exam 1/IMG_1209.jpeg"	""	""	""
"exam1-085"	"1"	"85"	"Radiation Safety"	"Radiation Safety"	"protocol"	"5"	"If a nuclear medicine technologist needs a diagnostic x-ray, how should this exposure be included in his/her occupational exposure record?"	"The technologist should wear his/her radiation dosimeter during the x-ray examination."	"The exposure from the x-ray examination must not be included in the occupational exposure record"	"The RSO will supply a separate dosimeter for the technologist to wear during the x-ray examination."	"A pocket dosimeter should be used."	"The RSO will estimate the probable exposure and add it to the technologist's permanent record"	"1"	"The exposure from the x-ray examination must not be included in the occupational exposure record"	"Only radiation exposure directly related to the practice of nuclear medicine as an occupation is recorded in the individual's dosimetry record. Personal diagnostic and therapeutic exposures are not included."	"Source: Saha, 2004; p. 221."	"Question photos/Questions/Exam 1/IMG_1302.jpeg"	"Question photos/Answers/Exam 1/IMG_1209.jpeg"	""	""	""
"exam1-086"	"1"	"86"	"Instrumentation & QC"	"Dose Calibrator QC"	"protocol"	"1"	"According to the standard of practice, if the results of a dose calibrator geometric variation test demonstrate that the measured values exceed the values by 12-15%, the technologist should:"	"Replace the instrument."	"Use a correction factor to determine true activities."	"Perform a chi-square analysis."	"Use the actual dose calibrator activity readings."	"Have the instrument repaired."	"1"	"Use a correction factor to determine true activities."	"U.S. Nuclear Regulatory Commission, 2003 (10 CFR 35.60); Siegel, 2004; pp. 50-52; and Saha, 2004; pp. 70-71. The NRC requires that dose calibrators be tested for proper function according to nationally recognized standards. The standard of practice dictates that the measured activity should be within 10% of the expected activity when the instrument is tested for linearity. If the instrument exceeds this level of error, a correction factor should be calculated and applied to all measurements in the affected activity range."	"Source photo: Answers/Exam 1/IMG_1209.jpeg."	"Question photos/Questions/Exam 1/IMG_1302.jpeg"	"Question photos/Answers/Exam 1/IMG_1209.jpeg"	""	""	""
"exam1-087"	"1"	"87"	"Instrumentation & QC"	"Dose Calibrator QC"	"calculation"	"5"	"A technologist measures a 57Co standard in a dose calibrator on the following settings: 57Co, 99mTc, 123I, 131I, 133Xe, and 201Tl, and then calculates the percentage difference between the calculated and measured activities. The technologist is assessing:"	"constancy"	"chi-square analysis"	"linearity"	"geometric variation"	"accuracy"	"0"	"constancy"	"Using a long-lived source, a reading is obtained for each of the commonly used preset buttons on the dose calibrator. Although this does not provide an accurate (true) reading, it shows whether the instrument is performing with precision (reproducibility). The reading should be within + 10% of the expected decay-corrected reading."	"Source: Bernier, et al., 1994; p. 80-81."	"Question photos/Questions/Exam 1/IMG_1302.jpeg"	"Question photos/Answers/Exam 1/IMG_1209.jpeg"	""	""	""
"exam1-088"	"1"	"88"	"Image Production"	"SPECT"	"protocol"	"3"	"A'37Cs reference standard is counted daily with a scintillation spectrometer, using the same gain, window, and high volage setting. On the basis of these data:"	"Net counts per minute Use the spectrometer for clinical studies. Arrange for repair of the instrument."	"Date"	"12,555 Change the gain setting."	"July 15 Change the fine gain setting."	"12,534 July 16 12,613 July 17 10,678 July 20 on July 20, the technologist should: Recalibrate the operating voltage."	"4"	"12,534 July 16 12,613 July 17 10,678 July 20 on July 20, the technologist should: Recalibrate the operating voltage."	"Voltage may drift slightly from one day to the next, causing the gamma ray spectrum to shift to the right or left, out of the preset window. From the data, it appears that this is what may have happened. Before using the instrument for clinical studies or sending it for repair, the technologist should recalibrate the operating voltage by observing the counting rate at the most recent voltage setting and voltages settings just above and below that setting. If the counting rate increases when counts are obtained off the original operating voltage, the voltage should be adjusted until a maximum counting rate is reached. The voltage at which a maximum count- Exposure rate (mR/h) ing rate is obtained is the new operating voltage. If there is significant voltage fluctuation from day to day, the instrument should be serviced. 1.5 0.75"	"Source: Early and Sodee, 1995; pp. 158-162."	"Question photos/Questions/Exam 1/IMG_1302.jpeg"	"Question photos/Answers/Exam 1/IMG_1209.jpeg"	"assets/question-bank/retake/exam1-088/e1q88.jpg"	"Graphic for Exam 1, Question 88."	""
"exam1-089"	"1"	"89"	"Instrumentation & QC"	"Dose Calibrator QC"	"protocol"	"4"	"According to the standard of practice, how often should dose calibrator linearity testing be performed?"	"annually"	"quarterly"	"monthly"	"daily"	"hourly"	"1"	"quarterly"	"Dose calibrator linearity should be performed quarterly."	"Source: Waterstram-Rich and Gilmore, et al., 2017; p. 255."	"Question photos/Questions/Exam 1/IMG_1302.jpeg"	"Question photos/Answers/Exam 1/IMG_1209.jpeg"	""	""	""
"exam1-090"	"1"	"90"	"Instrumentation & QC"	"Uniformity QC"	"image-interpretation"	"5"	"To repair the non-uniformity demonstrated on the intrinsic uniformity image shown here:"	"the service engineer will need to: Replace the crystal."	"Redo reference map calibration."	"Repair the collimator."	"Replace a photomultiplier tube."	"Replace the x, y localization board."	"3"	"Replace a photomultiplier tube."	"The round photopenic area corresponds to failure of a single photomultiplier tube. Damage to the crystal would appear more irregular. Because this is an intrinsic flood, the collimator is not in place. However, collimator or damage would also have an irregular appearance. Failure of the x,y localization hardware or software would result in a misshapen flood image."	"Source: Early and Sodee, 1995; p. 262."	"Question photos/Questions/Exam 1/IMG_1302.jpeg"	"Question photos/Answers/Exam 1/IMG_1209.jpeg"	"assets/question-bank/retake/exam1-090/e1q90.jpg"	"Graphic for Exam 1, Question 90."	""
"exam1-091"	"1"	"91"	"Instrumentation & QC"	"Dose Calibrator QC"	"concept"	"1"	"Which of the following sources is the most appropriate for assessing dose calibrator constancy?"	"137Cs"	"57CO"	"125I"	"131I"	"99mTc"	"0"	"137Cs"	"The reference source used for monitoring dose calibrator constancy must be long-lived to permit comparison of measured and predicted activities over an extended period. 57Co (half-life = 270 days) and 137Cs (half-life = 30 years) are sufficiently long-lived to meet this criterion."	"Source: Early and Sodee, 1995; p. 214."	"Question photos/Questions/Exam 1/IMG_1302.jpeg"	"Question photos/Answers/Exam 1/IMG_1209.jpeg"	""	""	""
"exam1-092"	"1"	"92"	"Image Production"	"Image Production"	"concept"	"2"	"Which of the following statements about the effect of the filter-cutoff frequency is true?"	"The lower the cutoff frequency, the smoother the image."	"The higher the cutoff frequency, the noisier the image."	"Adjusting the cutoff frequency will not affect image appearance."	"The cutoff frequency cannot be adjusted after the image has been acquired."	"The lower the cutoff frequency, the noisier the image."	"4"	"The lower the cutoff frequency, the noisier the image."	"The cutoff frequency of a filter determines which frequencies are passed unchanged and which are altered or suppressed. Lowering the cutoft firequeney eliminates more of the high-frequency signal that gives the image its sharp detail. As more of the high frequencies are removed, the image becomes smoother or less detailed, eventually decreasing resolution."	"Source: Early and Sodee, 1995; p. 214."	"Question photos/Questions/Exam 1/IMG_1302.jpeg"	"Question photos/Answers/Exam 1/IMG_1209.jpeg"	""	""	""
"exam1-093"	"1"	"93"	"Instrumentation & QC"	"Collimators"	"concept"	"3"	"Temporal resolution is related to which of the following acquisition parameters?"	"percentage energy window"	"matrix size"	"framing rate"	"collimator"	"crystal size"	"2"	"framing rate"	"Temporal resolution is the ability to demonstrate changes in radiopharmaceutical distribution over time. Therefore, this is a factor in dynamic and multiple-gated acquisitions, both of which acquire data in sequential frames. The framing rate is the acquisition time per frame (for example, 20 sec/frame). If the framing rate is too long, changes in radiopharmaceutical distribution can be missed. If the framing rate is too short, too few counts will be acquired in each frame and the resolution of the images may be affected."	"Source: Lee, 2005; p. 153."	"Question photos/Questions/Exam 1/IMG_1302.jpeg"	"Question photos/Answers/Exam 1/IMG_1210.jpeg"	""	""	""
"exam1-094"	"1"	"94"	"Image Production"	"Bone Imaging"	"concept"	"4"	"It would be appropriate to apply temporal smoothing in which of the following studies?"	"gated-equilibrium cardiac function study"	"SPECT study of the brain"	"SPECT study of the liver"	"thyroid image"	"whole-body bone image"	"0"	"gated-equilibrium cardiac function study"	"Temporal smoothing is used in dynamic studies to produce a gradual variation in counts and smoother motion from one frame to the next. Therefore, it is useful in gated studies, but it is not useful in static imaging, such as thyroid or whole-body images or nongated SPECT."	"Source: Early and Sodee, 1995; p. 235."	"Question photos/Questions/Exam 1/IMG_1303.jpeg"	"Question photos/Answers/Exam 1/IMG_1210.jpeg"	""	""	""
"exam1-095"	"1"	"95"	"Image Production"	"Image Production"	"concept"	"5"	"If an image is acquired into a 128 x 128 matrix on a scintillation camera with a 350 mm diameter field of view, what are the dimensions of each pixel?"	"2.73 x 2.73 mm"	"3.14 × 3.14 mm"	"5.92 x 5.92 mm"	"6.51 x 6.51 mm"	"7.83 x 7.83 mm"	"0"	"2.73 x 2.73 mm"	"Pixel size is determined by the matrix dimensions and the size of the field of view. pixel size (mm) = diameter of field of view (mm) number of pixels In this example: 350 mm - = 2.73 mm 128 pixels 128 matrix are 2.73 x 2.73 mm. Because pixels are square, the dimensions of each pixel in this 128 x"	"Source: Madsen, 1994; p. 5."	"Question photos/Questions/Exam 1/IMG_1303.jpeg"	"Question photos/Answers/Exam 1/IMG_1210.jpeg"	""	""	""
"exam1-096"	"1"	"96"	"Radiation Safety"	"Dose Calibrator QC"	"protocol"	"1"	"Which of the following instruments should be used to determine whether all removable contamination has been eliminated?"	"Geiger-Mueller counter"	"well counter"	"dose calibrator"	"uptake probe"	"cutie pie (ionization chamber)"	"1"	"well counter"	"When Geiger counter readings no longer decrease as the cleanup progresses, a wipe test, which is measured in a well counter, is performed. If the wipe test shows activity does not exceed background levels, then all removable contamination has been eliminated. If nonremovable activity remains, shielding of the spill area may be necessary."	"Source: Bernier, et al., 1994; p. 189."	"Question photos/Questions/Exam 1/IMG_1303.jpeg"	"Question photos/Answers/Exam 1/IMG_1210.jpeg"	""	""	""
"exam1-097"	"1"	"97"	"Image Production"	"Image Production"	"concept"	"2"	"Which of the following matrix sizes and acquisition modes would be most appropriate for a blood flow study of the feet?"	"64 x 64 word"	"64 x 64 byte"	"256 x 256 byte"	"256 x 256 word"	"512 x 512 byte"	"1"	"64 x 64 byte"	"A blood-flow study of the feet would be acquired at a framing rate of 2-4 sec/frame, so few counts would be obtained in each frame. Therefore, a small matrix must be used: 64 x 64. Because there will be few counts per frame, byte mode will be adequate, since it can store up to 255 counts per pixel. In word mode, about 65,000 counts can be acquired for each pixel; however, twice as much computer storage space is needed. Because this level of activity will not be present, it is wasteful—but not harmful—to use word mode."	"Source: Lee, 2005; pp. 8-10, 93-95."	"Question photos/Questions/Exam 1/IMG_1303.jpeg"	"Question photos/Answers/Exam 1/IMG_1210.jpeg"	""	""	""
"exam1-098"	"1"	"98"	"Instrumentation & QC"	"Uniformity QC"	"protocol"	"3"	"A daily uniformity flood for a scintillation camera should contain a minimum of how many counts?"	"10,000"	"1-2 million"	"3-5 million"	"6-10 million"	"20-30 million"	"2"	"3-5 million"	"For a small-field-of-view camera, 3 million counts should be acquired; for a large field of view, 5 million counts should be obtained. More counts are required as the crystal becomes larger to ensure a minimum of 10,000 counts per pixel. This minimizes the effect of noise and assures an adequate count density so uniformity can be accurately evaluated."	"Source: Hines, et al., 2000; p. 385."	"Question photos/Questions/Exam 1/IMG_1303.jpeg"	"Question photos/Answers/Exam 1/IMG_1210.jpeg"	""	""	""
"exam1-099"	"1"	"99"	"Instrumentation & QC"	"Thyroid Imaging"	"concept"	"4"	"As a pinhole collimator is moved farther away from the thyroid, how will it affect the image?"	"The gland will appear larger."	"The image will be flipped."	"The gland will appear smaller."	"There is no change in size or orientation."	"Right and left are reversed."	"2"	"The gland will appear smaller."	"As pinhole collimator is moved from a source, the image of the source number of pixels becomes smaller. As it is moved closer, the image becomes larger."	"Source: Waterstram-Rich and Gilmore, et al., 2017; p. 262."	"Question photos/Questions/Exam 1/IMG_1303.jpeg"	"Question photos/Answers/Exam 1/IMG_1210.jpeg"	""	""	""
"exam1-100"	"1"	"100"	"Instrumentation & QC"	"Dose Calibrator QC"	"protocol"	"5"	"During geometric variation testing of a dose calibrator, activity in a 1 mL syringe measures 253 uCi when the expected reading is 212 uCi. Which of the following correction factors should be applied to the measured reading?"	"23.3"	"4.1"	"1.19"	"0.84"	"0.51"	"3"	"0.84"	"When the geometric variation varies from the expected by more than 10%, a correction factor must be calculated and applied whenever that configuration and activity range are measured. Correction factor = expected activity / actual activity. For this example, 212 uCi / 253 uCi = 0.84."	"Source: Wells, 1999; p. 127."	"Question photos/Questions/Exam 1/IMG_1303.jpeg"	"Question photos/Answers/Exam 1/IMG_1210.jpeg"	""	""	""
"exam2-001"	"2"	"1"	"Clinical Procedures"	"Bone Imaging"	"protocol"	"1"	"Static bone imaging is routinely performed how long after tracer administration to an adult?"	"30 min"	"1 hr"	"2-3 hr"	"24 hr"	"48 hr"	"2"	"2-3 hr"	"Static bone imaging performed with a labeled diphosphonate compound is routinely performed 2-3 hr after tracer administration."	"Source: Early and Sodee, 1995; p. 345."	"Question photos/Questions/Exam 2/IMG_1129.jpeg"	"Question photos/Answers/Exam 2/IMG_1211.jpeg"	""	""	""
"exam2-002"	"2"	"2"	"Clinical Procedures"	"Bone Imaging"	"concept"	"2"	"Which of the following structures normally does not appear as areas of increased activity on the bone images of adults?"	"phalanges"	"glenoid fossa"	"sternoclavicular joints"	"vertebrae column"	"anterior iliac crests"	"0"	"phalanges"	"On bone images of adults, areas of normally increased tracer activity include all those listed, as well as the sacroiliac, hip, and acromioclavicular joints and vertebral column."	"Source: Early and Sodee, 1995; p. 348."	"Question photos/Questions/Exam 2/IMG_1129.jpeg"	"Question photos/Answers/Exam 2/IMG_1211.jpeg"	""	""	""
"exam2-003"	"2"	"3"	"Image Production"	"Bone Imaging"	"concept"	"3"	"Which of the following conditions is visualized on a bone image as a photopenic area?"	"fracture of the vertebrae column"	"tracer infiltration"	"acute myocardial infarction"	"osteomyelitis"	"attenuation"	"4"	"attenuation"	"A photopenic area is one in which a smaller number of photons is visualized—a ""cold"" spot. A material that absorbs photons may cause an attenuation artifact—an area of falsely decreased tracer concentration. Jewelry, pocket contents, belt buckles, prostheses, and pacemakers are examples of objects that commonly cause photopenic areas on bone images. Tracer concentration is increased in the area of dose infiltration, acute myocardial infarction, and osteomyelitis."	"Source: Waterstram-Rich and Gilmore, et al., 2017; pp. 284-285."	"Question photos/Questions/Exam 2/IMG_1129.jpeg"	"Question photos/Answers/Exam 2/IMG_1211.jpeg"	""	""	""
"exam2-004"	"2"	"4"	"Image Production"	"Lung Imaging"	"concept"	"4"	"It is safe to block a portion of the pulmonary circulation with MAA particles in patients with suspected pulmonary emboli because the:"	"number of injected particles is too small to cause harm"	"particles are made from albumin isolated from human serum"	"particles are rapidly phagocytized by lung macrophages"	"number of injected particles blocks only a small number of precapillary arterioles"	"albumin is denatured before it is made into particles"	"3"	"number of injected particles blocks only a small number of precapillary arterioles"	"Source: Waterstram-Rich and Gilmore, et al., 2017; p. 476. Less than 1% of the precapillary arterioles are blocked with the MAA particles; therefore, there is no adverse effect on the patient."	"Source: Waterstram-Rich and Gilmore, et al., 2017; p. 476. Less than 1% of the precapillary arterioles are blocked with the MAA particles; therefore, there is no adverse effect on the patient."	"Question photos/Questions/Exam 2/IMG_1129.jpeg"	"Question photos/Answers/Exam 2/IMG_1212.jpeg"	""	""	""
"exam2-005"	"2"	"5"	"Radiopharmaceuticals"	"Lung Imaging"	"concept"	"5"	"A nebulizer is used to administer which of the following lung ventilation radiopharmaceuticals?"	"[81mKr] gas"	"[133Xe] gas"	"[99mTc] pentetate (DTPA)"	"[99mTc] macroaggregated albumin"	"[99mTc] pertechnetate"	"2"	"[99mTc] pentetate (DTPA)"	"A nebulizer is a device that uses ultrasound or pressure to create airborne (aerosol) particles from a liquid. [99mTc] pentetate (DTPA) is introduced into the nebulizer in liquid form. When the nebulizer is activated, the liquid is converted into small radioactive droplets that are inhaled by the patient through tubing connected to the nebulizer."	"Source: Early and Sodee, 1995; p. 461."	"Question photos/Questions/Exam 2/IMG_1130.jpeg"	"Question photos/Answers/Exam 2/IMG_1212.jpeg"	""	""	""
"exam2-006"	"2"	"6"	"Radiation Safety"	"Radiation Safety"	"concept"	"1"	"Which of the following radiopharmaceuticals may be used to image acute deep vein thrombosis in the lower extremities?"	"[99mTc] sulfur colloid"	"[99mTc] macroaggregated albumin"	"[131I] iobenguane (MIBG)"	"[111In] oxyquinoline (WBC)"	"[99mTc] arcitumomab (CEA)"	"1"	"[99mTc] macroaggregated albumin"	"[99mTc] MAA is used to image acute deep-vein thrombosis in the lower extremities."	"Source: Shackett, 2009; p. 94."	"Question photos/Questions/Exam 2/IMG_1130.jpeg"	"Question photos/Answers/Exam 2/IMG_1212.jpeg"	""	""	""
"exam2-007"	"2"	"7"	"Radiopharmaceuticals"	"MAA / Pulmonary Perfusion"	"image-interpretation"	"3"	"In performing radionuclide venography with [99mTc] MAA, the radiopharmaceutical is administered at what site?"	"dorsal veins on top of each foot"	"either femoral vein"	"metacarpal vein"	"either basilic vein"	"antecubital area of either arm"	"0"	"dorsal veins on top of each foot"	"The tracer is introduced into the deep venous system of the legs. Therefore, the tracer is administered into the dorsal vein of each foot."	"Source: Early and Sodee, 1995; p. 430."	"Question photos/Questions/Exam 2/IMG_1130.jpeg"	"Question photos/Answers/Exam 2/IMG_1212.jpeg"	""	""	""
"exam2-008"	"2"	"8"	"Radiopharmaceuticals"	"Bone Imaging"	"concept"	"3"	"After total thyroidectomy, total-body imaging with radioiodine normally will demonstrate tracer concentration in which of the following areas?"	"liver, lungs, and bones"	"salivary glands, stomach, and bladder"	"liver, salivary glands, stomach, and lungs"	"bladder, liver, and brain"	"GI tract, bladder, and bones"	"1"	"salivary glands, stomach, and bladder"	"The salivary glands and saliva in the mouth, the gastric mucosa and its secretions into the intestine, and the urinary bladder are sites that normally concentrate radioiodine. Concentrations in other sites indicate areas of functioning thyroid metastases."	"Source: Early and Sodee, 1995; p. 635."	"Question photos/Questions/Exam 2/IMG_1130.jpeg"	"Question photos/Answers/Exam 2/IMG_1212.jpeg"	""	""	""
"exam2-009"	"2"	"9"	"Image Production"	"Thyroid Imaging"	"concept"	"4"	"A parathyroid adenoma will concentrate which of the following radiopharmaceuticals?"	"[123I] sodium iodide"	"[99mTc] pertechnetate"	"[99mTc] sestamibi"	"[99mTc] pertechnetate or [99mTc] sestamibi"	"[99mTc] filtered sulfur colloid"	"2"	"[99mTc] sestamibi"	"Of the radiopharmaceuticals listed, only [99mTc] sestamibi concentrates in parathyroid tissue. A computer subtraction technique using [99mTc] pertechnetate and [201Tl] thallous chloride has been used to image the parathyroids. [99mTc] pertechnetate concentrates in the thyroid, whereas [201Tl] thallous chloride localizes in both thyroid and parathyroid tissue. In this technique, the [99mTc] pertechnetate image is subtracted from the 201Tl image. The resulting image demonstrates 201Tl concentration in the parathyroids."	"Source: Early and Sodee, 1995; p. 635."	"Question photos/Questions/Exam 2/IMG_1130.jpeg"	"Question photos/Answers/Exam 2/IMG_1212.jpeg"	""	""	""
"exam2-010"	"2"	"10"	"Instrumentation & QC"	"Instrumentation & QC"	"concept"	"5"	"When positioning a patient for an LAO view of a gated equilibrium ventricular function study, tilting the camera detector toward the patient's feet separates which two structures?"	"left ventricle and aorta"	"right ventricular and aorta"	"left ventricle and left atrium"	"left and right ventricles"	"left and right atria"	"2"	"left ventricle and left atrium"	"The left atrium is partially hidden by the aorta and pulmonary artery. Tilting the detector caudally and visually brings the left atrium out from under these structures and separates it from the left ventricle."	"Source: Rowell, 1992; pp. 28-29."	"Question photos/Questions/Exam 2/IMG_1130.jpeg"	"Question photos/Answers/Exam 2/IMG_1212.jpeg"	""	""	""
"exam2-011"	"2"	"11"	"Radiopharmaceuticals"	"Radiopharmaceuticals"	"concept"	"1"	"Which tracer is excreted primarily via the hepatobiliary system?"	"[99mTc] pyrophosphate (PYP)"	"[99mTc] exametazime (HMPAO)"	"[99mTc] medronate (MDP)"	"[99mTc] sestamibi"	"[201Tl] thallous chloride"	"3"	"[99mTc] sestamibi"	"[99mTc] sestamibi is excreted through the hepatobiliary system."	"Source: Roy, et al., 1991; p. 363."	"Question photos/Questions/Exam 2/IMG_1130.jpeg"	"Question photos/Answers/Exam 2/IMG_1212.jpeg"	""	""	""
"exam2-012"	"2"	"12"	"Patient Care"	"Cardiac Imaging"	"concept"	"2"	"A cardiac stress test requires the placement of how many electrodes on the patient's body?"	"3"	"6"	"10"	"12"	"15"	"2"	"10"	"A cardiac stress test requires a 12-lead ECG tracing, which uses 10 electrodes attached to the patient. For exercise testing, the two arm leads are positioned over the left and right supraclavicular areas, the two leg leads go over the left and right lower quadrants of the abdomen, and six chest leads are placed around the heart."	"Source: English, et al., 1993; pp. 40-42."	"Question photos/Questions/Exam 2/IMG_1130.jpeg"	"Question photos/Answers/Exam 2/IMG_1212.jpeg"	""	""	""
"exam2-013"	"2"	"13"	"Radiopharmaceuticals"	"Bone Imaging"	"concept"	"3"	"Visualization of bone marrow uptake on a [99mTc] sulfur colloid liver/spleen image is most likely the result of which of the following?"	"improper colloid particle size"	"insufficient tracer circulation time"	"overactive pituitary gland"	"overactive bone marrow"	"liver dysfunction"	"4"	"liver dysfunction"	"Bone marrow uptake is visualized on liver/spleen images when severe liver dysfunction, such as advanced cirrhosis, is present. In such cases, the spleen has a markedly increased concentration of tracer, and the skeleton (ribs, vertebrae, sternum, etc.) is visualized as a result of increased tracer uptake in the bone marrow."	"Source: Early and Sodee, 1995; pp. 489-490."	"Question photos/Questions/Exam 2/IMG_1130.jpeg"	"Question photos/Answers/Exam 2/IMG_1212.jpeg"	""	""	""
"exam2-014"	"2"	"14"	"Clinical Procedures"	"Hepatobiliary Imaging"	"concept"	"4"	"During hepatobiliary imaging, which structure will not be visualized if cystic duct obstruction is present?"	"gallbladder"	"common bile duct"	"stomach"	"small intestine"	"common hepatic duct"	"0"	"gallbladder"	"If cystic duct obstruction is present, the tracer will be unable to enter the gallbladder. The cystic duct is the passage between the common bile duct and the gallbladder."	"Source: Waterstram-Rich and Gilmore, et al., 2017; pp. 541, 546."	"Question photos/Questions/Exam 2/IMG_1130.jpeg"	"Question photos/Answers/Exam 2/IMG_1212.jpeg"	""	""	""
"exam2-015"	"2"	"15"	"Radiopharmaceuticals"	"Radiopharmaceuticals"	"protocol"	"5"	"How long after the administration of [99mTc] pertechnetate does imaging begin for the localization of a Meckel's diverticulum?"	"10 min"	"15-20 min"	"1 hr"	"immediately"	"delayed imaging 2-3 hr"	"3"	"immediately"	"For localization of a Meckel's diverticulum, imaging begins immediately after administration of the tracer."	"Source: Waterstram-Rich and Gilmore, et al., 2017; p. 541."	"Question photos/Questions/Exam 2/IMG_1130.jpeg"	"Question photos/Answers/Exam 2/IMG_1212.jpeg"	""	""	""
"exam2-016"	"2"	"16"	"Radiopharmaceuticals"	"Cardiac Imaging"	"concept"	"1"	"All of the following 99mTc-labeled radiopharmaceuticals may be appropriate for performing a left-to-right cardiac shunt examination using the first-pass method except:"	"pertechnetate"	"thallous chloride"	"sestamibi"	"tetrofosmin (MPI)"	"pentetate (DTPA)"	"1"	"thallous chloride"	"First-pass cardiac studies to identify or quantify left-to-right shunts are performed with radiopharmaceuticals that can be administered in small volumes of 20-25 mCi. Recommended tracers include [99mTc] pentetate (DTPA), [99mTc] sestamibi, or [99mTc] tetrofosmin (MPI) and pertechnetate."	"Source: Crawford and Husain, 2011; pp. 89, 92."	"Question photos/Questions/Exam 2/IMG_1130.jpeg"	"Question photos/Answers/Exam 2/IMG_1212.jpeg"	""	""	""
"exam2-017"	"2"	"17"	"Radiopharmaceuticals"	"Radiopharmaceuticals"	"concept"	"2"	"The glomerular filtration rate (GFR) is measured with which of the following radiopharmaceuticals?"	"[99mTc] sulfur colloid"	"[99mTc] pentetate (DTPA)"	"[99mTc] gluceptate"	"[99mTc] mertiatide (MAG3)"	"[99mTc] succimer (DMSA)"	"1"	"[99mTc] pentetate (DTPA)"	"Determination of the glomerular filtration rate (GFR) requires an agent that is completely filtered by the glomeruli. [99mTc] pentetate (DTPA) is handled only by glomerular filtration."	"Source: Early and Sodee, 1995; p. 590."	"Question photos/Questions/Exam 2/IMG_1131.jpeg"	"Question photos/Answers/Exam 2/IMG_1212.jpeg"	""	""	""
"exam2-018"	"2"	"18"	"Radiopharmaceuticals"	"Radiopharmaceuticals"	"image-interpretation"	"5"	"Radionuclide cystography is performed by the direct method using which of the following radiopharmaceuticals?"	"[99mTc] pentetate (DTPA) or [99mTc] medronate (MDP)"	"[99mTc] pertechnetate or [99mTc] pentetate (DTPA)"	"[99mTc] pertechnetate or [99mTc] mertiatide (MAG3)"	"[99mTc] gluceptate or [99mTc] sulfur colloid"	"[99mTc] pertechnetate or [99mTc] sulfur colloid"	"4"	"[99mTc] pertechnetate or [99mTc] sulfur colloid"	"Direct radionuclide cystography is performed by instilling [99mTc] pertechnetate, or [99mTc] sulfur colloid, into the urinary bladder. Imaging is performed as the bladder is filling and emptying."	"Source: Bernier, et al., 1994; p. 355."	"Question photos/Questions/Exam 2/IMG_1131.jpeg"	"Question photos/Answers/Exam 2/IMG_1212.jpeg"	""	""	""
"exam2-019"	"2"	"19"	"Image Production"	"Image Production"	"image-interpretation"	"3"	"Filtered [99mTc] sulfur colloid is required for which of the following examinations?"	"gastroesophageal reflux"	"gastric emptying"	"lymphoscintigraphy"	"brain imaging"	"LeVeen shunt patency"	"2"	"lymphoscintigraphy"	"Although all procedures listed may be performed with [99mTc] sulfur colloid, only lymphoscintigraphy requires that sulfur colloid be filtered to remove the larger particles. Particle size affects the migration of the tracer through the soft tissue to the lymph system."	"Source: Dunnwald, et al., 1999; p. 110."	"Question photos/Questions/Exam 2/IMG_1131.jpeg"	"Question photos/Answers/Exam 2/IMG_1212.jpeg"	""	""	""
"exam2-020"	"2"	"20"	"Radiation Safety"	"Radiation Safety"	"protocol"	"5"	"A patient with a nasogastric tube in place is transferred to the nuclear medicine department for an imaging procedure. The technologist should:"	"Confirm physician orders for transfer and reestablish suction if required."	"Remove the nasogastric tube because it will interfere with the imaging procedure."	"Use the nasogastric tube to administer the radiopharmaceutical."	"Cancel the study because the presence of a nasogastric tube precludes any imaging procedure being performed."	"Clean the nasogastric tube for use during study."	"0"	"Confirm physician orders for transfer and reestablish suction if required."	"Nasogastric tubes are used for gastric decompression. A physician must order the transfer and interruption of suction. The technologist may be required to reestablihh suction upon the patient's arrival in the department."	"Source: Adler and Carlton, 2016; p. 247."	"Question photos/Questions/Exam 2/IMG_1131.jpeg"	"Question photos/Answers/Exam 2/IMG_1212.jpeg"	""	""	""
"exam2-021"	"2"	"21"	"Clinical Procedures"	"Clinical Procedures"	"concept"	"1"	"The appearance of what structure indicates the beginning of the venous phase of a cerebral blood flow study?"	"anterior cerebral arteries"	"carotid arteries"	"nasopharynx"	"superior sagittal sinus"	"circle of Willis"	"3"	"superior sagittal sinus"	"In a normal cerebral flow study, the first phase is the arterial phase, indicated by activity in the carotid and anterior cerebral arteries. The capillary phase is followed by the venous phase, indicated by activity in the superior sagittal sinus."	"Source: Bernier, et al., 1994; pp. 250, 261."	"Question photos/Questions/Exam 2/IMG_1131.jpeg"	"Question photos/Answers/Exam 2/IMG_1212.jpeg"	""	""	""
"exam2-022"	"2"	"22"	"Instrumentation & QC"	"Instrumentation & QC"	"image-interpretation"	"3"	"In performing cisternography, the purpose of acquiring the first image over the lower thoracic/lumbar spine is to ascertain:"	"the site of tracer administration"	"the flow rate of the cerebral spinal fluid"	"a pressure reading of the cerebrospinal fluid"	"that the spinal cord was not damaged during tracer administration"	"that the tracer was not infiltrated"	"4"	"that the tracer was not infiltrated"	"The injection site should be imaged first to confirm that the tracer has not infiltrated outside the subarachnoid space. Re-injections may be required if infiltration is confirmed and no activity is visualized in the basal cisterns by 2-3 hr after tracer administration."	"Source: Bernier, et al., 1994; p. 217."	"Question photos/Questions/Exam 2/IMG_1131.jpeg"	"Question photos/Answers/Exam 2/IMG_1213.jpeg"	""	""	""
"exam2-023"	"2"	"23"	"Instrumentation & QC"	"Thyroid Imaging"	"protocol"	"3"	"On Wednesday, a patient had a 123I thyroid study performed, a 123I plasma volume is ordered to be performed on Thursday. Which of the following statements about the situation is correct?"	"The 123I will not interfere with the plasma volume determination."	"The blood volume determination should be postponed until the 123I is decayed."	"A baseline plasma sample should be collected before performing the plasma volume."	"131I instead of 125I-human serum albumin should be used for the plasma volume determination."	"123I instead of 125I-human serum albumin should be used for the plasma volume determination."	"2"	"A baseline plasma sample should be collected before performing the plasma volume."	"A blood sample collected before the t25-albumin is injected can provide the background present in the patient's plasma. This will permit counts from the plasma sample containing 13% to be corrected for any residual 123I, and the plasma volume can be performed in a timely fashion without ordering a special tracer."	"Source: Early and Sodee, 1995; p. 728."	"Question photos/Questions/Exam 2/IMG_1131.jpeg"	"Question photos/Answers/Exam 2/IMG_1213.jpeg"	""	""	""
"exam2-024"	"2"	"24"	"Clinical Procedures"	"Bone Imaging"	"concept"	"4"	"[89Sr] chloride is used to treat which of the following conditions?"	"bone cancer"	"bone pain"	"rheumatoid arthritis"	"malignant effusions"	"polycythemia vera"	"1"	"bone pain"	"89Sr-chloride is used to relieve bone pain resulting from skeletal metastases."	"Source: Early and Sodee, 1995; p. 754."	"Question photos/Questions/Exam 2/IMG_1131.jpeg"	"Question photos/Answers/Exam 2/IMG_1213.jpeg"	""	""	""
"exam2-025"	"2"	"25"	"Clinical Procedures"	"Clinical Procedures"	"protocol"	"5"	"Whole-body imaging with [131I] sodium iodide is optimally performed how long after tracer administration?"	"12 hr"	"48-72 hr"	"96 hr"	"128 hr"	"greater than 128 hr"	"1"	"48-72 hr"	"Although 131I whole-body imaging may be performed as early as 24 hr post-administration, optimum images are obtained at 48-72 hr after tracer administration."	"Source: Waterstram-Rich and Gilmore, et al., 2017; p. 447."	"Question photos/Questions/Exam 2/IMG_1131.jpeg"	"Question photos/Answers/Exam 2/IMG_1213.jpeg"	""	""	""
"exam2-026"	"2"	"26"	"Patient Care"	"Patient Care"	"concept"	"1"	"A patient undergoing an imaging procedure indicates to the technologist that a seizure is impending. The most appropriate action for the technologist is to:"	"Instruct the patient to breathe deeply to help increase oxygen levels in the brain."	"Ignore the patient's concerns because the timing of seizures cannot be predicted."	"Stop the imaging procedure and have the patient lie on the floor with a pillow supporting the head."	"Increase the number of physical restraints on the patient to prevent patient movement and injury."	"Instruct the patient to hold their breath for as long as they can."	"2"	"Stop the imaging procedure and have the patient lie on the floor with a pillow supporting the head."	"A seizure patient may experience a warning that a seizure is about to occur. The technologist should assist the patient to the floor and away from objects that may injure the patient during the seizure. A pillow will cushion the patient's head from the floor."	"Source: Adler and Carlton, 2016; p. 270."	"Question photos/Retake Photos/IMG_1311.jpeg"	"Question photos/Answers/Exam 2/IMG_1213.jpeg"	""	""	""
"exam2-027"	"2"	"27"	"Clinical Procedures"	"Clinical Procedures"	"protocol"	"2"	"After administration of 111In pentetreotide, which areas of the body should be imaged?"	"anterior and posterior whole body"	"anterior and posterior abdomen"	"anterior and posterior pelvis"	"anterior, posterior, and laterals of head and neck"	"anterior and posterior chest"	"0"	"anterior and posterior whole body"	"SNMMI Procedure Guidelines Committee, 2011. c) 8- Because the purpose of 'In-penetrotide imaging is to visualize the unknown primary site of the cancer or demonstrate the extent of the disease, anterior and posterior whole-body images should be performed."	"Source photo: Answers/Exam 2/IMG_1213.jpeg."	"Question photos/Questions/Exam 2/IMG_1131.jpeg"	"Question photos/Answers/Exam 2/IMG_1213.jpeg"	""	""	""
"exam2-028"	"2"	"28"	"Radiopharmaceuticals"	"Radiopharmaceuticals"	"concept"	"3"	"Which of the following is the initial positioning for visualizing gastrointestinal bleeding with labeled red blood cells?"	"xiphoid in middle of field of view"	"symphysis pubis in middle of field of view"	"lower border of liver and spleen at top of field of view"	"lower esophagus at top of field of view"	"bladder in the top field of view"	"2"	"lower border of liver and spleen at top of field of view"	"the Red blood cells labeled with [99mTc] pertechnetate are used for demonstrating intermittent lower gastrointestinal (GI) bleeding. The area between the xiphoid and symphysis pubis must be included in the field of view to visualize bleeding in the lower GI tract. aust"	"Source: Early and Sodee, 1995; p. 517."	"Question photos/Questions/Exam 2/IMG_1132.jpeg"	"Question photos/Answers/Exam 2/IMG_1213.jpeg"	""	""	""
"exam2-029"	"2"	"29"	"Radiopharmaceuticals"	"Cardiac Imaging"	"protocol"	"4"	"Which of the following tracers is preferred if a first-pass stress and rest cardiac function examination are to be performed on a patient?"	"[99mTc] pertechnetate"	"[99mTc] medronate (MDP)"	"[99mTc] microaggregated albumin"	"[99mTc] sestamibi"	"[99mTc] pentetate (DTPA)"	"4"	"[99mTc] pentetate (DTPA)"	"y be lent. Any high-flux radiopharmaceutical that is not trapped in the lungs could be used to perform a first-pass cardiac function study. However, if stress and rest examinations are to be performed, it would be best to perform the two studies in as short a time interval as possible. Therefore, a radiopharmaceutical that clears the blood quickly and does not concentrate in The areas that would interfere with the second first-pass study is indicated. Of the tracers listed, only (wc] pentetate (DTPA) meets these criteria. ity in"	"Source: Early and Sodee, 1995; p. 378."	"Question photos/Questions/Exam 2/IMG_1132.jpeg"	"Question photos/Answers/Exam 2/IMG_1213.jpeg"	""	""	""
"exam2-030"	"2"	"30"	"Radiopharmaceuticals"	"Radiopharmaceuticals"	"concept"	"5"	"Patient preparation for breast imaging with [99mTc] sestamibi includes which of the following?"	"no caffeine 4 hours before study"	"fasting for 8 hr before tracer administration"	"discontinuation of any medications"	"explanation of the procedure"	"consumption of a fatty meal"	"3"	"explanation of the procedure"	"There is no patient preparation for breast imaging with [99mTc] sestamibi except explanation of the procedure to the patient. Waterstram-Rich and Gilmore, et al.,"	"Source: Peller, et al., 1996; pp. 198-203."	"Question photos/Questions/Exam 2/IMG_1132.jpeg"	"Question photos/Answers/Exam 2/IMG_1213.jpeg"	""	""	""
"exam2-031"	"2"	"31"	"Image Production"	"SPECT"	"concept"	"1"	"Historically, a Schilling test may be ordered for a patient with suspected:"	"hemolytic anemia"	"multiple myeloma"	"pernicious anemia"	"lymphocytic anemia"	"iron deficiency anemia"	"2"	"pernicious anemia"	"The Schilling test is used to measure the absorption of vitamin B12 in patients with unexplained anemia. Pernicious anemia is a vitamin B deficiency resulting from lack of intrinsic factor."	"Source: Waterstram-Rich and Gilmore, et al., 2017; pp. 628-629."	"Question photos/Questions/Exam 2/IMG_1132.jpeg"	"Question photos/Answers/Exam 2/IMG_1213.jpeg"	""	""	""
"exam2-032"	"2"	"32"	"Radiation Safety"	"Lung Imaging"	"concept"	"2"	"Data derived from a first-pass cardiac examination and a region of interest drawn over the lung are used to generate the pulmonary timeactivity curve shown here. Time in Seconds The arrow indicates:"	"first pass of activity through the lungs"	"second pass of activity through the lungs"	"third pass of activity through the lungs"	"activity returning prematurely to the lungs"	"activity returning from the systemic circulation"	"3"	"activity returning prematurely to the lungs"	"The arrow indicates tracer returning prematurely to the lungs, an indication of a left-to-right cardiac shunt. Some of the blood on the left side of the heart is being directed back to the right side of the heart, returning to the lungs rather than being ejected out of the left ventricle into the systemic circulation."	"Source: Crawford and Husain, 2011; p. 92."	"Question photos/Questions/Exam 2/IMG_1132.jpeg"	"Question photos/Answers/Exam 2/IMG_1213.jpeg"	"assets/question-bank/retake/exam2-032/e2q32.jpg"	"Graphic for Exam 2, Question 32."	""
"exam2-033"	"2"	"33"	"Clinical Procedures"	"Clinical Procedures"	"image-interpretation"	"5"	"The proper route of administration for a lymphoscintigraphy exam is an/a:"	"intravenous injection"	"orally"	"intrathecal injection"	"intramuscular"	"subcutaneous injection"	"4"	"subcutaneous injection"	"Subcutaneous injections are needed for a lymphoscintigraphy to determine the sentinel lymph node."	"Source: Shackett, 2009; p. 166."	"Question photos/Questions/Exam 2/IMG_1132.jpeg"	"Question photos/Answers/Exam 2/IMG_1213.jpeg"	""	""	""
"exam2-034"	"2"	"34"	"Patient Care"	"Patient Care"	"concept"	"4"	"A patient's plasmacrit may be determined by:"	"multiplying the patient's hematocrit by 0.9"	"adding the decimal hematocrit to 1"	"finding the ratio of plasma volume to red blood cell volume"	"dividing 1 by the decimal hematocrit"	"subtracting the decimal hematocrit from 1"	"4"	"subtracting the decimal hematocrit from 1"	"The hematocrit represents the portion of the blood made up of cellular components, and the plasmacrit represents the fluid portion. Together, they comprise the total blood volume. Thus, the sum of the hematocrit and the plasmacrit, each expressed in decimal form, is equal to 1."	"Source: Waterstram-Rich and Gilmore, et al., 2017; p. 620."	"Question photos/Questions/Exam 2/IMG_1132.jpeg"	"Question photos/Answers/Exam 2/IMG_1213.jpeg"	""	""	""
"exam2-035"	"2"	"35"	"Image Production"	"Image Production"	"concept"	"5"	"During a red cell sequestration study, counts are obtained from all of the following organs except the:"	"kidneys"	"spleen"	"atria of heart"	"liver"	"ventricles of heart"	"0"	"kidneys"	"Sequestration sites for red blood cells include the liver and spleen. Cardiac counts are used as a standard. Renal areas are not counted."	"Source: Waterstram-Rich and Gilmore, et al., 2017; pp. 526-527."	"Question photos/Questions/Exam 2/IMG_1132.jpeg"	"Question photos/Answers/Exam 2/IMG_1213.jpeg"	""	""	""
"exam2-036"	"2"	"36"	"Instrumentation & QC"	"Instrumentation & QC"	"image-interpretation"	"5"	"In performing a plasma volume with 125I-albumin, three blood samples are collected at varying times after tracer administration and counted. These counts vs. time are plotted as a semilog graph. The purpose of this graph is to:"	"give a visual representation of the data"	"obtain the half-time clearance value used in the calculations"	"correct for leakage of the radiopharmaceutical"	"show the decay of the radionuclide"	"indicate the correct bioroute"	"2"	"correct for leakage of the radiopharmaceutical"	"There is leakage of the labeled albumin from the vascular system. The multiple blood samples provide the information needed to estimate the leakage rate and determine the plasma counts before any leakage occurred. The plasma counts at zero-time are extrapolated from the graph. Klingensmith, 1990-1995; pp. 49-51."	"Source: Early and Sodee, 1995; pp. 727-728."	"Question photos/Questions/Exam 2/IMG_1132.jpeg"	"Question photos/Answers/Exam 2/IMG_1213.jpeg"	""	""	""
"exam2-037"	"2"	"37"	"Patient Care"	"Thyroid Imaging"	"concept"	"2"	"Patient preparation for a thyroid uptake test may include discontinuation of anti-thyroid medications. Which of the following is one of these anti-thyroid drugs?"	"Synthroid"	"potassium perchlorate"	"propylthiouracil"	"thyroxine"	"Lugol's solution"	"2"	"propylthiouracil"	"Propylthiouracil is an antithyroid medication that may be discontinued before thyroid uptake testing, depending on the protocol and physician instructions."	"Source photo: IMG_1213.jpeg."	"Question photos/Questions/Exam 2/IMG_1132.jpeg"	"Question photos/Answers/Exam 2/IMG_1213.jpeg"	""	""	""
"exam2-038"	"2"	"38"	"Patient Care"	"Patient Care"	"protocol"	"3"	"During a radiochromium red cell mass determination, an infusion set may be used to place a needle in the patient's antecubital vein. To maintain the patency of the infusion set tubing, what substance should be injected into the infusion set tubing?"	"a chelating agent"	"normal saline"	"ACD solution"	"heparin"	"bacteriostatic water"	"3"	"heparin"	"Injection of about 0.5 mL of heparin is sufficient to maintain the patency of the infusion set tubing used during a red cell mass determination."	"Source: Early and Sodee, 1995; p. 728."	"Question photos/Questions/Exam 2/IMG_1133.jpeg"	"Question photos/Answers/Exam 2/IMG_1213.jpeg"	""	""	""
"exam2-039"	"2"	"39"	"Radiopharmaceuticals"	"Radiopharmaceuticals"	"concept"	"4"	"A gastric-emptying study uses which of the following radiopharmaceutical?"	"[99mTc] medronate (MDP)"	"[99mTc] disida (HIDA)"	"[99mTc] pyrophosphate (PYP)"	"[99mTc] Macroaggregated Albumin"	"[99mTc] sulfur colloid"	"4"	"[99mTc] sulfur colloid"	"Gastric emptying studies involve combining [99mTc] sulfur colloid with eggs."	"Source: Shackett, 2009; p. 110."	"Question photos/Questions/Exam 2/IMG_1133.jpeg"	"Question photos/Answers/Exam 2/IMG_1214.jpeg"	""	""	""
"exam2-040"	"2"	"40"	"Radiopharmaceuticals"	"Radiopharmaceuticals"	"concept"	"5"	"In the case of insulinoma, which of the following radiopharmaceuticals may cause hypoglycemia?"	"[111In] white blood cells"	"[99mTc] sestamibi"	"[67Ga] citrate"	"[111In] pentetreotide"	"[18F] fluorodeoxyglucose"	"3"	"[111In] pentetreotide"	"[111In] pentetreotide binds to somatostatin receptors in certain tumors. In the case of suspected insulinoma, there is a potential for inducing severe hypoglycemia. For this reason, an intravenous infusion of glucose should be readily available."	"Source: SNMMI Procedure Guidelines Committee, 2011."	"Question photos/Questions/Exam 2/IMG_1133.jpeg"	"Question photos/Answers/Exam 2/IMG_1214.jpeg"	""	""	""
"exam2-041"	"2"	"41"	"Clinical Procedures"	"Bone Imaging"	"protocol"	"1"	"Which of the following structures is normally visualized on an image performed with [18F] fluorodeoxyglucose?"	"thyroid"	"brain"	"pituitary gland"	"pancreas"	"bone"	"1"	"brain"	"SNMMI Procedure Guidelines Committee, 2011. Structures normally visualized on an image performed with [18F]FDG include the brain, myocardium, liver, spleen, intestines, kidneys, and urine in the bladder. SNMMI Procedure Guidelines"	"Source photo: Answers/Exam 2/IMG_1214.jpeg."	"Question photos/Questions/Exam 2/IMG_1133.jpeg"	"Question photos/Answers/Exam 2/IMG_1214.jpeg"	""	""	""
"exam2-042"	"2"	"42"	"Clinical Procedures"	"Clinical Procedures"	"concept"	"2"	"The [14C] urea (H Pylori) breath test is used to:"	"detect the presence of peptic ulcers"	"detect delayed gastric emptying"	"detect the presence of Helicobacter pylori bacteria"	"rule out Zollinger-Ellison syndrome"	"identify gastric cancers"	"2"	"detect the presence of Helicobacter pylori bacteria"	"Committee, 2011. The [14C]urea (H Pylori) breath test is used to detect the presence of Helicobacter pylori bacteria. All patients with duodenal ulcers and 80% of patients with non-drug-induced gastric ulcers are infected with H. pylori. The test may be used to initially diagnose the presence of infection, as well as for follow-up after treatment."	"Source photo: Answers/Exam 2/IMG_1214.jpeg."	"Question photos/Questions/Exam 2/IMG_1133.jpeg"	"Question photos/Answers/Exam 2/IMG_1214.jpeg"	""	""	""
"exam2-043"	"2"	"43"	"Patient Care"	"Thyroid Imaging"	"concept"	"3"	"On the basis of these data:"	"Time 32%"	"0900 44% 51%"	"Capsule"	"0900 60%"	"Background 1500 Thyroid 1500 Thigh what is the patient's thyroid uptake at 1500 if a [123I] sodium iodide capsule administered to the patient is used as the standard? 87%"	"3"	"0900 60%"	"In this instance, the capsule that is administered to the patient is first counted as the standard. The counts in the patient's thyroid are compared with the counts in the standard to determine the percent of radioiodine uptake. Because the patient's thyroid is not counted until 6 hr after the measurement of the capsule, the capsule counts collected at 0900 must be decay-corrected for 6 hr. It will be assumed that room background remains about the same over the 6-hr period. To decay-correct the capsule counts, multiply the capsule counts by the 6-hr decay factor for 23T: 216,789 cpm x 0.73 = 158,256 cpm Then, calculate the thyroid uptake using the following formula: standard cpm - bkg cpm % thyroid uptake = thyroid cpm - thigh cpm 94,954 cpm - 521 cpm 158,256 cpm - 92 cpm - x 100 = 94,433 cpm 158, 164 cpm = 60%"	"Source: Wells, 1999; pp. 256-257."	"Question photos/Questions/Exam 2/IMG_1133.jpeg"	"Question photos/Answers/Exam 2/IMG_1214.jpeg"	"assets/question-bank/retake/exam2-043/e2q43.jpg"	"Graphic for Exam 2, Question 43."	""
"exam2-044"	"2"	"44"	"Radiation Safety"	"Generator / Eluate"	"calculation"	"4"	"If the elution efficiency of a 99Mo/99mTc generator is 96% and 11.7 MBq 99mTc is present on the column, approximately how much activity will be removed during elution?"	"0.46 MBq"	"11.2 MBq"	"11.7 MBq"	"12.2 MBq"	"14.5 MBq"	"1"	"11.2 MBq"	"Elution efficiency is expressed as the percentage of 99mTc on the column 99mTc activity eluted that is eluted. alution efficiency = 99mTc activity on column Thus: 99mTc activity eluted = elution efficiency x 99mTc activity on column = 0.96 x 11.7 MBq = 11.2 MBq"	"Source: Chilton and Witcofski, 1986; pp. 57-60."	"Question photos/Questions/Exam 2/IMG_1133.jpeg"	"Question photos/Answers/Exam 2/IMG_1214.jpeg"	""	""	""
"exam2-045"	"2"	"45"	"Radiopharmaceuticals"	"Generator / Eluate"	"concept"	"5"	"A dry column generator is eluted with 5 mL of saline, and the eluate containing 863 mCi is collected into a 10 mL evacuated vial. What is the concentration of the eluate?"	"172.6 mCi/mL"	"86.3 mCi/mL"	"57.5 mCi/mL"	"5.79 mCi/mL"	"3.58 mCi/mL"	"0"	"172.6 mCi/mL"	"For a dry-column generator, the eluate volume is equal to the saline volume used to elute the generator. In this example: 863 mCi = 172.6 mCi/ml concentration = 5 mL Using an evacuated vial with a volume larger than the saline volume causes air to be pulled over the column, completely removing any saline, hence the name dry-column generator."	"Source: Saha, 2004; pp. 69-70."	"Question photos/Questions/Exam 2/IMG_1133.jpeg"	"Question photos/Answers/Exam 2/IMG_1214.jpeg"	""	""	""
"exam2-046"	"2"	"46"	"Radiopharmaceuticals"	"Generator / Eluate"	"protocol"	"1"	"If no eluate is obtained during generator elution, the technologist should next:"	"disassemble the generator to determine the cause"	"attempt elution with another evacuated elution vial"	"check the generator tubing for kinks or leaks"	"add more saline to the generator column"	"contact the generator manufacturer"	"1"	"attempt elution with another evacuated elution vial"	"Loss of vacuum from the elution vial is most likely the cause of this problem and the easiest to rule out. Checking the tubing may cause increased radiation exposure to the technologist because the column shielding meets only U.S. DOT requirements for shipping radioactive materials—additional shielding is usually required around the generator to decrease radiation exposure to individuals in its vicinity. Also, changing tubing is not practical, because it will compromise the sterility of the generator components. Adding more saline probably will not force the first saline volume from the column. A vacuum is needed to draw the liquid from the column. Contacting the manufacturer first may delay resolution of an easily solvable problem."	"Source: Eliot, 1990; p. 50."	"Question photos/Questions/Exam 2/IMG_1133.jpeg"	"Question photos/Answers/Exam 2/IMG_1214.jpeg"	""	""	""
"exam2-047"	"2"	"47"	"Radiation Safety"	"Radiation Safety"	"protocol"	"2"	"According to the NRC, records of 99Mo concentration in 99mTc eluate must be maintained for how long?"	"1 year"	"2 years"	"3 years"	"5 years"	"10 years"	"2"	"3 years"	"The NRC requires that records of 99Mo concentrations in 99mTc eluates be retained for 3 years."	"Source: U.S. Nuclear Regulatory Commission, 2003 (10 CFR 35.2204)."	"Question photos/Questions/Exam 2/IMG_1133.jpeg"	"Question photos/Answers/Exam 2/IMG_1214.jpeg"	""	""	""
"exam2-048"	"2"	"48"	"Radiation Safety"	"Generator / Eluate"	"concept"	"3"	"According to the NRC, the concentration of what radionuclidic Counts/min impurity must be determined after the first elution of a 99Mo/99mTc Time generator? "	"Al3+"	"99Mo"	"free pertechnetate"	"99mTc-NaCl"	"99Tc"	"1"	"99Mo"	"Commission, 2003 (10 CFR 35.204). Aluminum is a chemical impurity and not subject to regulation by the NRC. Free pertechnetate is [99mTc] pertechnetate that is not bound to - × 100 another compound. 99mTc is eluted from a generator as [99mTc] pertechnetate. 99Mo is a radionuclidic impurity, a radionuclide other than the × 100 desired one, in 99mTc eluate. According to NRC regulations, its concentration must be determined in the first elution of a 99Mo/99mTc generator. - x 100"	"Source: Saha, 2004; p. 75; U.S. Nuclear Regulatory"	"Question photos/Questions/Exam 2/IMG_1133.jpeg"	"Question photos/Answers/Exam 2/IMG_1214.jpeg"	""	""	""
"exam2-049"	"2"	"49"	"Radiopharmaceuticals"	"Bone Imaging"	"protocol"	"4"	"Based on this day's clinic schedule:"	"Procedure [99mTc] macroaggregated albumin"	"Patient [99mTc] mebrofenin (HIDA) [99mTc] medronate (MDP)"	"Renal function study"	"Patient A [99mTc] mertiatide (MAG3)"	"Total body bone image Patient B Meckel's diverticulum localization Patient C Hepatobiliary study Patient D the technologist should prepare or order all of the following radiopharmaceuticals except: [99mTc] pertechnetate"	"0"	"Procedure [99mTc] macroaggregated albumin"	"The technologist does not have to order or prepare [99mTc] macroaggregated albumin, the agent used to perform perfusion lung imaging. A renal function study may be performed with [99mTc] mertiatide (MAG3), bone imaging with (Pme] medronate (MDP), Meckel s diverticulum localization ith [99mTc] pertechnetate, and a hepatobiliarystudy with (?rc) mebrofenin (HIDA). 99mTc activity eluted - × 100"	"Source: Schwarz, et al., 1997; pp. 167-172."	"Question photos/Questions/Exam 2/IMG_1134.jpeg"	"Question photos/Answers/Exam 2/IMG_1214.jpeg"	"assets/question-bank/retake/exam2-049/e2q49.jpg"	"Graphic for Exam 2, Question 49."	""
"exam2-050"	"2"	"50"	"Radiation Safety"	"Radiation Safety"	"protocol"	"5"	"According to NRC regulations, records of written directives must be maintained for how long?"	"1 years"	"3 years"	"5 years"	"10 years"	"indefinitely"	"1"	"3 years"	"U.S. Nuclear Regulatory Commission, 2003 (10 CFR 35.2040). The NRC requires that records of written directives be maintained for three years."	"Source photo: Answers/Exam 2/IMG_1215.jpeg."	"Question photos/Questions/Exam 2/IMG_1134.jpeg"	"Question photos/Answers/Exam 2/IMG_1215.jpeg"	""	""	""
"exam2-051"	"2"	"51"	"Radiopharmaceuticals"	"Renal Imaging"	"protocol"	"1"	"Which of the following radiopharmaceuticals should be prepared if a renal function study is being performed to determine the glomerular filtration rate?"	"[99mTc] gluceptate"	"[99mTc] mertiatide (MAG3)"	"[99mTc] pentetate (DTPA)"	"[99mTc] succimer (DMSA)"	"[99mTc] sulfur colloid"	"2"	"[99mTc] pentetate (DTPA)"	"[99mTc] pentetate (DTPA) is the renal agent used to determine glomerular filtration rate because it is handled by the kidneys solely by glomerular filtration. It is neither bound to protein nor secreted by the renal tubules as are other renal agents."	"Source: Saha, 2004; p. 284."	"Question photos/Questions/Exam 2/IMG_1134.jpeg"	"Question photos/Answers/Exam 2/IMG_1215.jpeg"	""	""	""
"exam2-052"	"2"	"52"	"Radiopharmaceuticals"	"Radiopharmaceuticals"	"protocol"	"2"	"What is the final concentration of the [99mTc] sulfur colloid if the maximum activity is prepared with the following reagents?"	"Reaction vial"	"Lyophilized thiosulfate mixture 47.0 mCi/mL"	"sulfur colloid kit"	"Syringe I 42.7 mCi/mL 365 mCi/mL"	"1.6 mL acid Syringe Il 1.6 mL buffer Maximum activity to be added 400 mCi 99mTc volume to be added 1.0-3.0 mL [99mTc] Pertechnetate Concentration 75.5 mCi/mL Total volume 15 mL • 75.5 mCi/mL 23.6 mCi/mL"	"3"	"Syringe I 42.7 mCi/mL 365 mCi/mL"	"The maximum activity that can be prepared from this kit is equal to: maximum reconstituting volume x 99mTc concentration maximum activity = 3 mL x 75.5 mCi/mL = 226.5 mCi To calculate the concentration of the kit, note that the reaction vial contains lyophilized reagents with no appreciable volume. Hence, the total volume in the kit is the sum of the [99mTc] pertechnetate volume and the volumes in the two syringes: total activity in preparation concentration = total vol in preparation maximum activity to be prepared = 5m TC vol + vol to be prepared in syringes 1 + II 226.5 mCi - = 36.5 mCi/mL 3 mL + 1.6 mL + 1.6 mL"	"Source: Wells, 1999; pp. 183, 192-193."	"Question photos/Questions/Exam 2/IMG_1134.jpeg"	"Question photos/Answers/Exam 2/IMG_1215.jpeg"	"assets/question-bank/retake/exam2-052/e2q52.jpg"	"Graphic for Exam 2, Question 52."	""
"exam2-053"	"2"	"53"	"Image Production"	"Image Production"	"concept"	"3"	"Heating is required during the preparation of all of the following 99mTc-labeled radiopharmaceuticals except:"	"filtered sulfur colloid"	"bicisate (ECD)"	"sestamibi"	"sulfur colloid"	"mertiatide (MAG3)"	"1"	"bicisate (ECD)"	"Heating is required for the preparation of [99mTc] mertiatide (MAG3), [99mTc] sestamibi, and [99mTc] sulfur colloid. The preparation of [99mTc] bicisate (ECD) requires 30-min incubation at room temperature."	"Source: Saha, 2004; pp. 114-115, 121-123."	"Question photos/Questions/Exam 2/IMG_1134.jpeg"	"Question photos/Answers/Exam 2/IMG_1215.jpeg"	""	""	""
"exam2-054"	"2"	"54"	"Radiopharmaceuticals"	"Generator / Eluate"	"calculation"	"5"	"To calculate the yield of a 99Mo/99mTc generator, in what sequence should the following steps be performed?"	"A, B, C, D, E"	"E, B, D, A, C"	"D, B, E, C, A"	"A, E, B, D, C"	"B, E, A, D, C"	"1"	"E, B, D, A, C"	"Generator yield—amount of 99mTc that may be eluted from a 99Mo/99mTc generator-— is calculated by using decay equations that determine the amount of 99mTc formed from the decay of 99Mo at any given time. The sequence for calculating the generator yield is as follows:"	"Source: Chilton and Witcofski, 1986; pp. 54-61."	"Question photos/Questions/Exam 2/IMG_1134.jpeg"	"Question photos/Answers/Exam 2/IMG_1215.jpeg"	"assets/question-bank/retake/exam2-054/e2q54.jpg"	"Graphic for Exam 2, Question 54."	""
"exam2-055"	"2"	"55"	"Radiopharmaceuticals"	"Radiopharmaceuticals"	"image-interpretation"	"3"	"When performing radiochromatography on a radiopharmaceutical sample, the locations of the radiochemical components on the chromatography strip are as shown here. What is the R, value of hydrolyzed-reduced 99mTc if the solvent front is 12.6 cm from the origin?"	"Radiochemical component 0.003"	"Distance from origin 0.012 0.20 2.0"	"Hydrolyzed-reduced 99mTc"	"2.5 cm"	"[99mTc] pertechnetate 12.6 cm 99mTc-labeled radiopharmaceutical 0 cm 4.8"	"3"	"2.5 cm"	"The R, value is the distance traveled by a given radiochemical component compared with the solvent front: distance from origin to radiochemical component distance from origin to to solvent front R, = - In this instance, the R, value for the hydrolyzed-reduced 99mTc is: 1.2 cm R, = 2.5 cm = 0.20"	"Source: Saha, 2004; p. 155."	"Question photos/Questions/Exam 2/IMG_1134.jpeg"	"Question photos/Answers/Exam 2/IMG_1215.jpeg"	"assets/question-bank/retake/exam2-055/e2q55.jpg"	"Graphic for Exam 2, Question 55."	""
"exam2-056"	"2"	"56"	"Radiopharmaceuticals"	"Radiopharmaceuticals"	"concept"	"1"	"All of the following units are expressions of radiopharmaceutical specific activity except:"	"uCi/mg"	"kBq/mL"	"Ci/g"	"MBq/mol"	"mCi/ug"	"1"	"kBq/mL"	"Specific activity is defined as the amount of radioactivity per unit mass of a radionuclide or labeled compound and is expressed in units of radioactivity per mass. Megabecquerels per mole (MBq/mole), Ci/g, and uCi/mg are units of specific activity. Kilobecquerels per milliliter (kBq/mL) is an expression of concentration, the amount of radioactivity per unit volume."	"Source: Saha, 2004; p. 59."	"Question photos/Questions/Exam 2/IMG_1134.jpeg"	"Question photos/Answers/Exam 2/IMG_1215.jpeg"	""	""	""
"exam2-057"	"2"	"57"	"Radiopharmaceuticals"	"Radiopharmaceuticals"	"concept"	"2"	"A technologist needs 1 mCi [111In] chloride at 0900 on May 18. The label on the radiopharmaceutical vial contains the following information:
Total activity 3.0 mCi
Total volume 3.0 mL
Assay 1200, May 21. 

What volume is required to obtain the necessary activity on May 18?"	"0.48 mL"	"0.69 mL"	"1.41 mL"	"1.78 mL"	"2.1 mL"	"0"	"0.48 mL"	"The elapsed time between calibration and dose calculation is three days (May 18-21). In this instance, the radiopharmaceutical is being used before the calibration time. Therefore, the initial concentration on May 18 is the unknown, and the known concentration is divided by the decay factor. The concentration on May 21 is 1.0 mCi/mL (3.0 mCi/3.0 mL): C(O) x 0.480 = 1.0 mCi/mL C(0) = 10 mCi/ml. = 2.1 mCi/mL 0.480 - = 36.5 mCi/mL Then, determine the required volume: 1.0 mCi = 0.48 mL volume = activity required - = 2.1 mCi/mL C(t)"	"Source: Wells, 1999; pp. 179-181, 185-186."	"Question photos/Questions/Exam 2/IMG_1135.jpeg"	"Question photos/Answers/Exam 2/IMG_1215.jpeg"	""	""	""
"exam2-058"	"2"	"58"	"Radiopharmaceuticals"	"Radiopharmaceuticals"	"calculation"	"3"	"If 25 uCi of a radiopharmaceutical are to be administered for each kilogram of body weight, approximately how much activity should be administered to a child weighing 15.5 kg?"	"65 mCi"	"28 mCi"	"11 mCi"	"1.6 mCi"	"0.39 mCi"	"4"	"0.39 mCi"	"Calculate the total activity to be administered to the patient based on body weight: 15.5 kg x 25 uCi/kg = 3875 uCi None of the options match this answer unless it is expressed in millicuries. Thus, mCi •= 0.39 mCi 3875 uCi x 1000 uCi"	"Source: Wells, 1999; pp. 32-33."	"Question photos/Questions/Exam 2/IMG_1135.jpeg"	"Question photos/Answers/Exam 2/IMG_1215.jpeg"	""	""	""
"exam2-059"	"2"	"59"	"Instrumentation & QC"	"Dose Calibrator QC"	"concept"	"4"	"For labeling red blood cells, the prescribed adult dosage of [99mTc] pertechnetate is 925 MBq +/- 10%. Which of the following dose calibrator readings obtained from the syringe containing the patient dosage would verify that the prescribed activity was dispensed?"	"21 mCi"	"28 mCi"	"20 mCi"	"29 mCi"	"25.5 mCi"	"4"	"25.5 mCi"	"925 MBq = 25 mCi -= 25 mC 925 MBq × 37MB The prescribed dosage is expressed as a range, 10% of 925 MBq or 25 mCi: 0.10 0.10 x 25 mCi = 2.5 mCi Therefore, the prescribed range is 22.5 mCi (25 mCi - 25 mCi) to 27,5 mCi (25 mCi + 2.5 mCi). Any dose calibrator reading between 22.5 mCi and 275 mCi verifies that the prescribed activity was withdrawn into the syringe."	"Source: Wells, 1999; pp. 32-33."	"Question photos/Questions/Exam 2/IMG_1135.jpeg"	"Question photos/Answers/Exam 2/IMG_1215.jpeg"	""	""	""
"exam2-060"	"2"	"60"	"Radiopharmaceuticals"	"Radiopharmaceuticals"	"concept"	"5"	"When red blood cells are labeled with 99mTc using the in vivo method, in what order are the reagents injected into the patient?"	"Stannous pyrophosphate and [99mTc] pertechnetate are administered at the same time."	"Stannous pyrophosphate is administered 15-30 min before [99mTc] pertechnetate."	"Stannous pyrophosphate is administered 2-3 hr before [99mTc] pertechnetate."	"[99mTc] Pertechnetate is administered 15-30 min before stannous pyrophosphate."	"[99mTc] pertechnetate is administered 2-3 hr before Stannous pyrophosphate."	"1"	"Stannous pyrophosphate is administered 15-30 min before [99mTc] pertechnetate."	"Reconstructed stannous pyrophosphate must be administered first. This step, sometimes referred to as ""pretinning,"" permits [99mTc] pertechnetate to enter the red blood cells."	"Source: Saha, 2004; pp. 116-118."	"Question photos/Questions/Exam 2/IMG_1135.jpeg"	"Question photos/Answers/Exam 2/IMG_1216.jpeg"	""	""	""
"exam2-061"	"2"	"61"	"Radiopharmaceuticals"	"Radiopharmaceuticals"	"concept"	"1"	"If the following reagents are available, what volume of each reagent must be added together to prepare 20 mCi of [99mTc] succimer (DMSA)?"	"Succimer (DMSA) kit 2.0 mL 2.5 mL"	"Use 1 part by volume to 2 parts of 2.2 mL succimer (DMSA) reagent: [99mTc] pertechnetate 1.0 mL 0.5 mL"	"[99mTc] Pertechnetate 0.75 mL 0.5 mL"	"20 mCi/mL 1.0 mL 1.0 mL"	"Concentration: 10 mL Total volume: 99mTc volume: Succimer (DMSA) volume: 4.5 mL 0.5 mL"	"4"	"Concentration: 10 mL Total volume: 99mTc volume: Succimer (DMSA) volume: 4.5 mL 0.5 mL"	"Because the total activity to be prepared is known, it is easiest to calculated the volume of [99mTc] pertechnetate. The volume of [99mTc] pertechnetate is equal to activity desired 20 mCi = 20 mCi/ml = 1.0 mG concentratin of 99mTc Then, determine the volume of succimer (DMSA) reagent needed. If 1.0 mL = 2 parts, then 1 part must equal half of that, or 0.5 mL."	"Source: Wells, 1999; pp. 192-193."	"Question photos/Questions/Exam 2/IMG_1135.jpeg"	"Question photos/Answers/Exam 2/IMG_1216.jpeg"	"assets/question-bank/retake/exam2-061/e2q61.jpg"	"Graphic for Exam 2, Question 61."	""
"exam2-062"	"2"	"62"	"Radiopharmaceuticals"	"Radiopharmaceuticals"	"concept"	"2"	"Venipuncture materials labeled with which of the following expiration dates may be used safely on August 10, 2017?

A. July 31, 2017
B. August 31, 2017 
C. September 30, 2017
D. October 1, 2018 "	"D only"	"C or D only"	"B or C only"	"B, C, or D only"	"A, B, C, or D"	"3"	"B, C, or D only"	"Material that has passed its expiration date should not be used with patients. In the case of venipuncture materials, the sterility of the materials may be compromised."	"Source: Adler and Carlton, 2016; p. 285."	"Question photos/Questions/Exam 2/IMG_1135.jpeg"	"Question photos/Answers/Exam 2/IMG_1216.jpeg"	""	""	""
"exam2-063"	"2"	"63"	"Radiation Safety"	"Dose Calibrator QC"	"concept"	"3"	"According to NRC regulations, all of the following information must appear in the record of 99Mo concentration measurements except:"	"dose calibrator make and model"	"date of measurement"	"name of the individual making the measurement"	"ratio of 99Mo to 99mTc activities"	"time of measurement"	"0"	"dose calibrator make and model"	"U.S. Nuclear Regulatory Commission, 2003 (10 CFR 35.2204). Records of 99Mo concentration measurements must contain the ratio of 99Mo to 99mTc, time and date of the measurement, and name of the individual making the measurement."	"Source photo: Answers/Exam 2/IMG_1216.jpeg."	"Question photos/Questions/Exam 2/IMG_1135.jpeg"	"Question photos/Answers/Exam 2/IMG_1216.jpeg"	""	""	""
"exam2-064"	"2"	"64"	"Radiation Safety"	"Radiation Safety"	"protocol"	"4"	"According to the NRC, a written directive must be prepared for administration of which of the following radiopharmaceuticals?"	"1 mCi [111In] oxine (WBC)"	"5 mCi [201Tl] chloride"	"10 mCi [67Ga] citrate"	"5 mCi [131I] sodium iodide"	"30 mCi [99mTc] sestamibi"	"3"	"5 mCi [131I] sodium iodide"	"U.S. Nuclear Regulatory Commission, 2003 (10 CFR 35.40). According to the NRC, a written directive is required for any dosage of [131I] sodium iodide greater than 30 uCi or for any therapy dosage of an unsealed byproduct material."	"Source photo: Answers/Exam 2/IMG_1216.jpeg."	"Question photos/Retake Photos/IMG_1312.jpeg"	"Question photos/Answers/Exam 2/IMG_1216.jpeg"	""	""	""
"exam2-065"	"2"	"65"	"Instrumentation & QC"	"Instrumentation & QC"	"concept"	"5"	"If 99mTc eluate has to be diluted to prepare other 99mTc-labeled products, the correct diluent is which of the following?"	"sterile saline containing 0.2% thiosulfate"	"preservative-free isotonic saline"	"bacteriostatic saline"	"distilled water"	"sterile water"	"1"	"preservative-free isotonic saline"	"If 99mTc eluate needs to be diluted to prepare other 99mTc-labeled products, the correct diluent is preservative-free isotonic saline. Preservatives may act as oxidizing agents that reverse the effect of reducing agents in kits. The reducing agents are necessary to make 99mTc more chemically active so it will bind to the compound being labeled."	"Source: Saha, 2004; p. 182; Chilton and Witcofski, 1986; p. 62. "	"Question photos/Questions/Exam 2/IMG_1136.jpeg"	"Question photos/Answers/Exam 2/IMG_1216.jpeg"	""	""	""
"exam2-066"	"2"	"66"	"Clinical Procedures"	"Clinical Procedures"	"protocol"	"1"	"A unit dosage of [67Ga] citrate calibrated for 0800 on July 9 contains 5 mCi in 2.6 mL. If 3 mCi are needed on July 10 at 0800, what volume should be retained in the syringe?"	"2.7 mL"	"1.9 mL"	"1.5 mL"	"1.3 mL"	"1.1 mL"	"1"	"1.9 mL"	"Decay-correct the total activity for 24 hr (July 9, 0800, to July 10, 0800 = 24 hr): 5 mCi x 0.808 = 4 mCi Determine the concentration: total activity concentration = = 4.0 mCi = 1.54 mCi/mL. total volume 2.6 mL Determine the volume that will contain the required activity and will have to be retained in the syringe: 3.0 mCi activity required = 1.9 mCi/mL volume = 1.54 mCi/mL concentration"	"Source: Wells, 1999; pp. 197-198."	"Question photos/Questions/Exam 2/IMG_1136.jpeg"	"Question photos/Answers/Exam 2/IMG_1216.jpeg"	""	""	""
"exam2-067"	"2"	"67"	"Radiopharmaceuticals"	"Generator / Eluate"	"concept"	"2"	"If a 2.5Ci 99Mo/99mTc generator is estimated to contain 268 mCi of [99mTc] pertechnetate, but 198 mCi are eluted, what is the approximate elution efficiency of the generator?"	"94%"	"85%"	"74%"	"58%"	"11%"	"2"	"74%"	"The elution efficiency of a generator is expressed as a percentage of the estimated amount of [99mTc] pertechnetate on the generator column compared to what is actually collected in the elution vial. 198 mCi/268 mCi x 100% = ~74%"	"Source: Wells, 1999; pp. 218-219."	"Question photos/Questions/Exam 2/IMG_1136.jpeg"	"Question photos/Answers/Exam 2/IMG_1216.jpeg"	""	""	""
"exam2-068"	"2"	"68"	"Clinical Procedures"	"Lung Imaging"	"concept"	"3"	"What is the volume contained in the syringe shown here?"	"Plunger Piston 14 mL"	"Final edge of plunger piston 2.0 mL"	"3.8 mL"	"4.0 mL"	"4.6 mL"	"1"	"Final edge of plunger piston 2.0 mL"	"The volume of a solution in a syringe is measured at the edge of the plunger's stopper, where the calibration mark aligns with the edge of the stopper."	"Source: Lile, et al., 2003; p. 273."	"Question photos/Questions/Exam 2/IMG_1136.jpeg"	"Question photos/Answers/Exam 2/IMG_1216.jpeg"	"assets/question-bank/retake/exam2-068/e2q68.jpg"	"Graphic for Exam 2, Question 68."	""
"exam2-069"	"2"	"69"	"Clinical Procedures"	"Clinical Procedures"	"concept"	"4"	"Which of the following federal (U.S.) agencies regulates the packaging and transport of radioactive materials?"	"United States Pharmacopeia"	"Environmental Protection Agency"	"Department of Transportation"	"Nuclear Regulatory Commission"	"Food and Drug Administration"	"2"	"Department of Transportation"	"U.S. Nuclear Regulatory Commission, 2003 (49 CFR 172 and 173). The U.S. Department of Transportation (DOT) regulates the packaging and transport of radioactive materials. NRC regulations follow DOT requirements."	"Source photo: Answers/Exam 2/IMG_1216.jpeg."	"Question photos/Questions/Exam 2/IMG_1136.jpeg"	"Question photos/Answers/Exam 2/IMG_1216.jpeg"	""	""	""
"exam2-070"	"2"	"70"	"Radiation Safety"	"Radiation Safety"	"concept"	"5"	"Which of the following exposure rates indicate that a package containing radioactive material must be labeled with a Category II DOT label? Table columns: package surface exposure rate; exposure rate at 1 m."	"75 mR/hr at the package surface; 6.5 mR/hr at 1 m"	"65 mR/hr at the package surface; 5.5 mR/hr at 1 m"	"52 mR/hr at the package surface; 2.2 mR/hr at 1 m"	"35 mR/hr at the package surface; 1.0 mR/hr at 1 m"	"0.6 mR/hr at the package surface; no detectable radiation at 1 m"	"3"	"35 mR/hr at the package surface; 1.0 mR/hr at 1 m"	"U.S. Nuclear Regulatory Commission, 2003 (49 CFR 172.403 and 172.436-440). The label types and exposure rate limits for packages containing radioactive materials are: Exposure rate (mR/h Label category At surface At 1 mete Category I (white) ≤0.5 No detectable radiation Category Il (yellow) ≤50 ≤1.0 Category III (yellow) ≤200 ≤10"	"Source photo: Answers/Exam 2/IMG_1216.jpeg."	"Question photos/Retake Photos/IMG_1313.jpeg"	"Question photos/Answers/Exam 2/IMG_1216.jpeg"	"assets/question-bank/retake/exam2-070/e2q70.jpg"	"Graphic for Exam 2, Question 70."	""
"exam2-071"	"2"	"71"	"Clinical Procedures"	"Clinical Procedures"	"concept"	"1"	"If the radiation intensity of a point source at 0.5 m measures 36 mR/hr, at what distance will the intensity be halved?"	"7.1 m"	"5.3 m"	"2.2 m"	"1.1 m"	"0.7 m"	"4"	"0.7 m"	"Use the inverse square law: (L)(D)° = (()(D)2 where I, = intensity at original distance (D,) and /, = intensity at new distance (D,). In this example: (36 mR/hr) (0.5 m)' = (18 mR/hr) (D,)2 Isolate the unknown and solve: (D,) * = (36 mR/hr) (0.5 m)3 18 mR/hr TI = 0.5 m' Take the square root of each side: D2 = 0.7 m = 4.0 mCi = 1.54 mCi/mL. 2.6 mL"	"Source: Wells, 1999; pp. 101-102."	"Question photos/Questions/Exam 2/IMG_1136.jpeg"	"Question photos/Answers/Exam 2/IMG_1216.jpeg"	""	""	""
"exam2-072"	"2"	"72"	"Radiation Safety"	"Radiation Safety"	"concept"	"2"	"If the HVL of 60Co in lead is 1.25 cm, what percentage of 60Co photons is absorbed from a 60Co source shielded with 2.5 cm of lead?"	"75%"	"50%"	"35%"	"27.5%"	"25%"	"0"	"75%"	"If 1.25 cm of lead is one HVL, then twice that thickness is two HVLs. Each HVL absorbs 50% of the photons and allows 50% to be transmitted. After two HVLs, 25% is transmitted and 75% is absorbed."	"Source: Bernier, et al., 1994; pp. 14-16."	"Question photos/Questions/Exam 2/IMG_1136.jpeg"	"Question photos/Answers/Exam 2/IMG_1216.jpeg"	""	""	""
"exam2-073"	"2"	"73"	"Radiation Safety"	"Radiation Safety"	"concept"	"3"	"According to the NRC, a written directive is required for the administration of all of the following radiopharmaceuticals except:"	"35 mCi [131I] sodium iodide"	"15 mCi [32P] sodium chromate"	"15 mCi [32P] sodium phosphate"	"10 mCi [89Sr] chloride"	"20 mCi [18F] FDG"	"4"	"20 mCi [18F] FDG"	"U.S. Nuclear Regulatory Commission, 2003 (10 CFR 35.40). The NRC requires a written directive before administration of 131I in quantities greater than 30 mCi and any other unsealed byproduct material that is used for therapy. [32P] sodium phosphate and [89Sr] chloride are used for therapy, whereas [18F]FDG is used for diagnostic purposes."	"Source photo: Answers/Exam 2/IMG_1217.jpeg."	"Question photos/Questions/Exam 2/IMG_1136.jpeg"	"Question photos/Answers/Exam 2/IMG_1217.jpeg"	""	""	""
"exam2-074"	"2"	"74"	"Radiation Safety"	"Radiation Safety"	"concept"	"4"	"According to NRC regulations, the annual occupational dose limit for any organ or tissue other than the eye is:"	"50 mSv"	"5 mSv"	"15 Rem"	"35 Rem"	"50 Rem"	"4"	"50 Rem"	"U.S. Nuclear Regulatory Commission, 2003 (10 CFR 20.1201), and Siegel, 2004; pp. 28-36. According to the NRC, the annual occupational dose limit to any organ or tissue, other than the eye, is 50 Rem or 500 mSv."	"Source photo: Answers/Exam 2/IMG_1217.jpeg."	"Question photos/Questions/Exam 2/IMG_1136.jpeg"	"Question photos/Answers/Exam 2/IMG_1217.jpeg"	""	""	""
"exam2-075"	"2"	"75"	"Radiation Safety"	"Renal Imaging"	"concept"	"5"	"According to NRC regulations, which of the following cannot be disposed of in the sewage system?"	"unused [123I] sodium iodide capsules"	"feces from a patient who received [131I] therapy"	"spit from an aerosol [99mTc] pentetate (DTPA)"	"urine from a renal test"	"disposable diaper of a child who has received [67Ga]"	"0"	"unused [123I] sodium iodide capsules"	"U.S. Nuclear Regulatory Commission, 2003 (10 CFR 20.2003). According to NRC regulations, only patient excreta are exempt from any limits when discarded into the sewage system. Disposal limits for other radioactive waste are based on the solubility and rate of waste water discharge from a facility."	"Source photo: Answers/Exam 2/IMG_1217.jpeg."	"Question photos/Questions/Exam 2/IMG_1136.jpeg"	"Question photos/Answers/Exam 2/IMG_1217.jpeg"	""	""	""
"exam2-076"	"2"	"76"	"Radiation Safety"	"Radiation Safety"	"protocol"	"1"	"In performing a room survey with a G-M counter, the technologist should first:"	"perform a battery check on the counter"	"calibrate the unit"	"measure each area designated on the survey diagram"	"perform a wipe test on each designated area"	"measure the room background"	"0"	"perform a battery check on the counter"	"To ensure that the batteries are functional, a battery check should be performed immediately before taking any measurements with a survey meter."	"Source: Thompson, et al., 1994; p. 32."	"Question photos/Questions/Exam 2/IMG_1137.jpeg"	"Question photos/Answers/Exam 2/IMG_1217.jpeg"	""	""	""
"exam2-077"	"2"	"77"	"Radiation Safety"	"Radiation Safety"	"concept"	"2"	"What is the maximum exposure rate that can be measured with the G-M meter shown here?"	"50,000 mR/hr"	"5,000 mR/hr"	"500 mR/hr"	"50 mR/hr"	"5 mR/hr"	"3"	"50 mR/hr"	"The needle will register 5 for a full-scale deflection on this meter. The maximum scale is 10. The maximum exposure rate that could be measured is the product of the number at full deflection and the maximum scale. Thus, 5 mR/hr x 10 = 50 mR/hr"	"Source: Thompson, et al., 1994; pp. 32-33."	"Question photos/Questions/Exam 2/IMG_1137.jpeg"	"Question photos/Answers/Exam 2/IMG_1217.jpeg"	"assets/question-bank/retake/exam2-077/e2q77.jpg"	"Graphic for Exam 2, Question 77."	""
"exam2-078"	"2"	"78"	"Radiation Safety"	"Radiation Safety"	"protocol"	"3"	"A technologist monitors the empty carton from a shipment of [131I] sodium iodide. The container measures 0.08 mR/hr, and room background measures 0.07 mR/hr. The technologist should next:"	"Notify the RSO."	"Dispose of the container as radioactive waste."	"Wipe test the container for removable contamination."	"Obliterate any radiation symbols and dispose of the container in regular trash."	"Notify the NRC."	"3"	"Obliterate any radiation symbols and dispose of the container in regular trash."	"The exposure rate of the packing material is approximately the same as room background, so the carton may be disposed of in the regular trash after any radiation symbols are removed or obliterated."	"Source: Christian, et al., 2004; p. 196."	"Question photos/Questions/Exam 2/IMG_1137.jpeg"	"Question photos/Answers/Exam 2/IMG_1217.jpeg"	""	""	""
"exam2-079"	"2"	"79"	"Radiation Safety"	"Radiation Safety"	"concept"	"4"	"According to NRC regulations, in what areas can radioxenon be administered?"	"in any room that can be closed off with doors"	"only in rooms that have xenon alarm systems"	"only in imaging rooms that can be negatively pressurized"	"in any room where a G-M detector is available to use"	"only in imaging rooms that can be positively pressurized"	"2"	"only in imaging rooms that can be negatively pressurized"	"U.S. Nuclear Regulatory Commission, 2003 (10 CFR 20.1701). NRC regulations require facilities to use facility design and procedures that will minimize the potential for contamination to the extent practicable. Rooms in which radioxenon is used should be tested to determine the amount of time required for evacuation of gas from the room after cm) to be a gas spill. A negative air pressure exhaust system would be necessary to draw the xenon out of the room without spreading it to adjacent areas. 12.5 87.5"	"Source photo: Answers/Exam 2/IMG_1217.jpeg."	"Question photos/Questions/Exam 2/IMG_1137.jpeg"	"Question photos/Answers/Exam 2/IMG_1217.jpeg"	""	""	""
"exam2-080"	"2"	"80"	"Instrumentation & QC"	"Dose Calibrator QC"	"concept"	"5"	"When can a decay factor be used to calibrate a unit dosage in place of measuring the dosage in a dose calibrator?"	"A dose calibrator must be used to measure every dosage."	"only if the same size and type syringe is used"	"only if a unit dosage was not manipulated after preparation and calibration"	"only if the dosage contains less than 1 mCi activity"	"only if the dosage contains 99mTc"	"2"	"only if a unit dosage was not manipulated after preparation and calibration"	"According to NRC regulations, a unit dosage can be calibrated before administration by direct calibration using a dose calibrator, or by applying a decay factor to the original activity if the dosage has not been manipulated or adjusted after it was originally prepared and calibrated."	"Source: U.S. Nuclear Regulatory Commission, 2003 (10 CFR 35.63), Siegel, 2004; pp. 50-51, and Waterstram-Rich and Gilmore, et al."	"Question photos/Questions/Exam 2/IMG_1137.jpeg"	"Question photos/Answers/Exam 2/IMG_1217.jpeg"	""	""	""
"exam2-081"	"2"	"81"	"Radiation Safety"	"Thyroid Imaging"	"protocol"	"1"	"A patient received 5 mCi of [131I] sodium iodide for treatment of hyperthyroidism. The patient should adhere to all of the following instructions except:"	"Minimize close contact with others."	"Remain at home at least 30 days."	"Use separate personal utensils for first week after therapy."	"Drink plenty of liquids."	"Wash hands after using the toilet."	"1"	"Remain at home at least 30 days."	"Patients should be given instructions to follow for 3-7 days that will minimize spread of contamination and radiation exposure to others."	"Source: Waterstram-Rich and Gilmore, et al., 2017; p. 122."	"Question photos/Questions/Exam 2/IMG_1137.jpeg"	"Question photos/Answers/Exam 2/IMG_1217.jpeg"	""	""	""
"exam2-082"	"2"	"82"	"Radiation Safety"	"Radiation Safety"	"protocol"	"2"	"After a 99mTc spill, decontamination procedures have not been able to remove all of the spilled material. If the current exposure rate is 32 mR/hr, how long will it take for the exposure rate to drop to 2 mR/hr?"	"24 hr"	"18 hr"	"12 hr"	"8 hr"	"4 hr"	"0"	"24 hr"	"For each half-life that passes, the activity decreases to half of the previous activity. In this case, four half-lives are required for the activity to drop to the specified level. If each half-life is 6 hr, the total time required is 24 hr."	"Source: U.S. Nuclear Regulatory Commission, 2017; pp. 10-12."	"Question photos/Questions/Exam 2/IMG_1137.jpeg"	"Question photos/Answers/Exam 2/IMG_1217.jpeg"	""	""	""
"exam2-083"	"2"	"83"	"Instrumentation & QC"	"Instrumentation & QC"	"concept"	"3"	"If a patient must be hospitalized in isolation after receiving a high activity of 131I, which of the following signs must be placed on the door of the isolation room?"	"""Authorized Personnel Only"""	"""Caution: Airborne Radioactivity"""	"""Reverse Isolation Procedures Required"""	"Length of time a visitor may stay in the room"	"Sign-in sheet to record name and age of each visitor"	"3"	"Length of time a visitor may stay in the room"	"If a person is hospitalized after administration of a therapeutic dosage of iodine-131, the room signage must indicate the length of time a visitor may stay."	"Source: U.S. Nuclear Regulatory Commission, 2003 (10 CFR 35.315)."	"Question photos/Questions/Exam 2/IMG_1137.jpeg"	"Question photos/Answers/Exam 2/IMG_1217.jpeg"	""	""	""
"exam2-084"	"2"	"84"	"Radiation Safety"	"Radiation Safety"	"concept"	"4"	"How soon after a medical event has occurred must the NRC be notified?"	"written report within 24 hr"	"telephone notification within 72 hr"	"telephone notification no later than the following calendar day"	"written report within 30 calendar days"	"written report within 5 regular work days"	"2"	"telephone notification no later than the following calendar day"	"U.S. Nuclear Regulatory Commission, 2003 (10 CFR 35.3545). NRC regulations state that the NRC Operations Center must be notified of a medical event (error, misadministration) no later than the next calendar day. U.S. Nuclear Regulatory Commission,"	"Source photo: Answers/Exam 2/IMG_1217.jpeg."	"Question photos/Questions/Exam 2/IMG_1137.jpeg"	"Question photos/Answers/Exam 2/IMG_1217.jpeg"	""	""	""
"exam2-085"	"2"	"85"	"Radiation Safety"	"Radiation Safety"	"concept"	"5"	"According to the NRC, written instructions must be provided to a patient who has received radionuclide therapy when:"	"the patient is a female of childbearing age"	"the patient resides with children younger than 18 years of age"	"the patient is under the age of 18 years old"	"every patient must receive instructions, regardless of dosage"	"another individual may receive an exposure greater than 0.1 Rem (1 mSv) from the patient"	"4"	"another individual may receive an exposure greater than 0.1 Rem (1 mSv) from the patient"	"2003 (10 CFR 35.75). NRC regulations state that written instructions for precautions must be provided to the patient or the patient's parent or guardian if any individual is likely to exceed 0.1 Rem (1 mSv) exposure from the therapy patient."	"Source photo: Answers/Exam 2/IMG_1217.jpeg."	"Question photos/Questions/Exam 2/IMG_1137.jpeg"	"Question photos/Answers/Exam 2/IMG_1217.jpeg"	""	""	""
"exam2-086"	"2"	"86"	"Radiation Safety"	"Dose Calibrator QC"	"concept"	"1"	"Which of the following statements about the shielding method of performing a dose calibrator linearity test is true?"	"The linearity check must be done over a 24 hr period."	"Only a few microcuries of radioactivity are needed to perform the test."	"Linearity must be tested more frequently if this method is used."	"A different source activity is required for each shield combination."	"When the shields are first used, the decay method must be used to confirm their accuracy."	"4"	"When the shields are first used, the decay method must be used to confirm their accuracy."	"To ensure that the shields will give accurate results, the decay method must be performed at the same time the shields are first used."	"Source: Saha, 2004; p. 71."	"Question photos/Questions/Exam 2/IMG_1138.jpeg"	"Question photos/Answers/Exam 2/IMG_1217.jpeg"	""	""	""
"exam2-087"	"2"	"87"	"Instrumentation & QC"	"Dose Calibrator QC"	"calculation"	"5"	"The following dose calibrator constancy test results were obtained with a 57Co reference source: 57Co setting measured 56.6 uCi, calculated 57.8 uCi; 99mTc setting measured 59.2 uCi, calculated 58.7 uCi; 123I setting measured 46.9 uCi, calculated 51.7 uCi; 201Tl setting measured 47.9 uCi, calculated 53.5 uCi. Which of the following measured values fall within the limits according to the standard of practice?"	"57Co, 99mTc, 123I"	"57Co, 201Tl"	"99mTc, 123I, 201Tl"	"57Co, 99mTc"	"57Co, 99mTc, 123I, 201Tl"	"0"	"57Co, 99mTc, 123I"	"U.S. Nuclear Regulatory Commission, 2003 (10 CFR 35.60); Siegel, 2004; pp. 50-52; and Saha, 2004; p. 70. The NRC requires that dose calibrators be tested for proper functioning according to nationally recognized standards. The standard of practice requires the measured value to be within +10% of the calculated value. In this example, the measured values for Co, 99mTc, and 231 are within that limit. The measured value for 201Tl, however, varies by more than 10% of the calculated value. 0.10 (53.5 uCi) = 5.35 uCi The measured value at the 2'T1 setting could vary from 48.15 uCi to 58.85 uCi and be within the prescribed limit. However, the measured value is outside this range."	"Source photo: Answers/Exam 2/IMG_1218.jpeg."	"Question photos/Retake Photos/IMG_1314.jpeg"	"Question photos/Answers/Exam 2/IMG_1218.jpeg"	"assets/question-bank/retake/exam2-087/e2q87.jpg"	"Graphic for Exam 2, Question 87."	""
"exam2-088"	"2"	"88"	"Clinical Procedures"	"Clinical Procedures"	"image-interpretation"	"3"	"Based on the graph shown here, the full width at half maximum (FWHM) is:"	"2500 cpm"	"680 keV"	"7500 cpm"	"50 keV"	"500 cpm"	"3"	"50 keV"	"The full width at half maximum (FWHM) is defined as the width of the photopeak, expressed in keV, at one-half of the maximum or peak counts. This value is used to determine the energy resolution of a scintillation counter. The FVVI-IM is determined by calculating 50% of the highest count obtained. In this example, 50% of 15,000 cpm is 7,500 cpm. Then, a horizontal line is drawn from one side of the photopeak to the other at the 50% point. At the two places on each side of the graph where the horizontal intersects with the graph, a vertical line is dropped to the x-axis. The FWHM is calculated by subtracting the larger value from the smaller. In this example, the width of the photopeak is 50 keV (705-655 keV)."	"Source: Wells, 1999; pp. 129-130."	"Question photos/Retake Photos/IMG_1315.jpeg"	"Question photos/Answers/Exam 2/IMG_1218.jpeg"	"assets/question-bank/retake/exam2-088/e2q88.jpg"	"Graphic for Exam 2, Question 88."	""
"exam2-089"	"2"	"89"	"Instrumentation & QC"	"Dose Calibrator QC"	"concept"	"4"	"To perform a constancy test on a dose calibrator that is being used in a general nuclear medicine imaging department, the best choice of radionuclide settings on which to count the reference standard would include which of the following?"	"123I, 125I, 131I"	"125I, 57Co, 137Cs"	"99mTc, 201Tl, 137Cs"	"57Co, 137Cs, 131I"	"99mTc, 201Tl, 123I"	"4"	"99mTc, 201Tl, 123I"	"After the long-lived reference is read on its setting, the same source should be used to obtain a reading on each commonly used radionuclide setting. 99mTc, 201Tl, 123I, and 131I are commonly used radionuclides, whereas 125I is used infrequently. 57Co and 137Cs are reference standards that are counted only on a daily basis."	"Source: Early and Sodee, 1995; p. 214."	"Question photos/Questions/Exam 2/IMG_1138.jpeg"	"Question photos/Answers/Exam 2/IMG_1218.jpeg"	""	""	""
"exam2-090"	"2"	"90"	"Instrumentation & QC"	"Instrumentation & QC"	"calculation"	"5"	"The scintillation camera quality control image shown here was obtained with which of the following transmission phantoms?"	"4-quadrant bar"	"orthogonal hole"	"Moiré phantom"	"parallel-line equal-space (PLES)"	"Hine-Duley"	"1"	"orthogonal hole"	"The linearity/resolution image was obtained with an orthogonal-hole phantom."	"Source: Bernier, et al., 1994; p. 813."	"Question photos/Questions/Exam 2/IMG_1138.jpeg"	"Question photos/Answers/Exam 2/IMG_1218.jpeg"	"assets/question-bank/retake/exam2-090/e2q90.jpg"	"Graphic for Exam 2, Question 90."	""
"exam2-091"	"2"	"91"	"Instrumentation & QC"	"Dose Calibrator QC"	"calculation"	"3"	"The following data were obtained during a dose calibrator accuracy test: 57Co calculated value 80.6 uCi, measured value 71.0 uCi; 137Cs calculated value 62.3 uCi, measured value 55.9 uCi. On the basis of these results, which of the following statements is true?"	"The wrong radionuclides were used to perform this test."	"The instrument should be repaired or replaced."	"Too much radioactivity was used to perform this test. Energy (keV)"	"The instrument accurately measures radionuclides of different energies."	"Insufficient radioactivity was used to perform this test."	"1"	"The instrument should be repaired or replaced."	"The standard of practice for performing a dose calibrator accuracy test calls for the use of at least two long-lived reference sources. The measured value should be within 10% of the calculated value. If the instrument fails to meet this standard, it should be repaired or replaced."	"Source: Bernier, et al., 1994; p. 80."	"Question photos/Questions/Exam 2/IMG_1138.jpeg"	"Question photos/Answers/Exam 2/IMG_1218.jpeg"	"assets/question-bank/retake/exam2-091/e2q91.jpg"	"Graphic for Exam 2, Question 91."	""
"exam2-092"	"2"	"92"	"Image Production"	"Image Production"	"concept"	"2"	"Which of the following is a high-pass filter?"	"Ramp"	"Hanning"	"Parzen"	"Newcomer"	"Butterworth"	"0"	"Ramp"	"The ramp filter is a high-pass filter; that is, it permits high frequencies to pass through while altering the lower frequencies. This suppresses the star artifact created during filtered backprojection and increases resolution. However, it has little effect on statistical noise, so a low-pass filter, such as Butterworth, Hanning, or Parzen, must be used to eliminate some of this noise, thereby smoothing the image. Early and Sodee, 1995; pp. 260-261,"	"Source: Early and Sodee, 1995; pp. 245-248, and Powsner and Powsner, 1998; pp. 126-128."	"Question photos/Questions/Exam 2/IMG_1138.jpeg"	"Question photos/Answers/Exam 2/IMG_1218.jpeg"	""	""	""
"exam2-093"	"2"	"93"	"Instrumentation & QC"	"Uniformity QC"	"concept"	"3"	"In quantitating scintillation camera detector uniformity, the central field of view (CFOV) is defined as the diameter of the useful field of view (UFOV) times:"	"0.95"	"0.75"	"0.33"	"0.25"	"0.15"	"1"	"0.75"	"The UFOV is measured first, then the CFOV is defined as a circle with a diameter that is 75% of the UFOV diameter."	"Source: Early and Sodee, 1995; pp. 260-261, 267."	"Question photos/Questions/Exam 2/IMG_1139.jpeg"	"Question photos/Answers/Exam 2/IMG_1218.jpeg"	""	""	""
"exam2-094"	"2"	"94"	"Clinical Procedures"	"Clinical Procedures"	"concept"	"4"	"When the heart rate is 95 beats/min, what is the length of an average R-R interval?"	"0.63 sec"	"1 sec"	"1.6 sec"	"1.9 sec"	"2.5 sec"	"0"	"0.63 sec"	"If the patient's heart rate is 95 beats per minute, then each heart beat or R-R interval is: 60 sec = 0.63 sec/beat 95 beats"	"Source: Lee, 2005; pp. 151-152."	"Question photos/Questions/Exam 2/IMG_1139.jpeg"	"Question photos/Answers/Exam 2/IMG_1218.jpeg"	""	""	""
"exam2-095"	"2"	"95"	"Image Production"	"Image Production"	"concept"	"5"	"To perform pixel calibration, two capillary sources are placed on the camera surface 15 cm apart. From an image acquired using a 128 x 128 matrix, an activity profile is generated on the computer. If the profile shows that there are 45 pixels between the two activity peaks, the pixel size is:"	"0.02 cm"	"0.12 cm"	"0.20 cm"	"0.33 cm"	"0.42 cm"	"3"	"0.33 cm"	"The following calculation is used when using the point source or line source method for pixel calibration: distance between sources pixel size = number of pixels beween activity profile peaks In this example: 15 cm = 0.33 cm 45 pixels"	"Source: Wells, 1999; p. 159."	"Question photos/Questions/Exam 2/IMG_1139.jpeg"	"Question photos/Answers/Exam 2/IMG_1218.jpeg"	""	""	""
"exam2-096"	"2"	"96"	"Instrumentation & QC"	"Instrumentation & QC"	"concept"	"1"	"Coincidence loss is likely to occur when using a well counter if the:"	"energy of the radionuclide is below 50 keV"	"energy of the radionuclide is above 300 keV"	"activity of the source is below 1 uCi"	"activity of the source is above 2 mCi"	"activity of the source is between 1 uCi and 1 mCi"	"3"	"activity of the source is above 2 mCi"	"With activities in the millicurie range and sometimes much lower; photons are striking the well counter crystal at very short intervals. The instrument is in deadtime while many photons are interacting with the crystal. These photons will not be counted and are therefore ""lost."""	"Source: Early and Sodee, 1995; pp. 197-202."	"Question photos/Questions/Exam 2/IMG_1139.jpeg"	"Question photos/Answers/Exam 2/IMG_1218.jpeg"	""	""	""
"exam2-097"	"2"	"97"	"Image Production"	"Image Production"	"protocol"	"2"	"To assure a maximum error of 2% at the 95% confidence level, all samples that are measured in a well counter should be counted for a time interval that produces at least:"	"7,500 counts"	"5,000 counts"	"1,000 cpm"	"500 cpm"	"10,000 counts"	"4"	"10,000 counts"	"The 95% confidence level is most commonly used in nuclear medicine. To determine the minimum counts (N) needed to assure a maximum given percent error, the following equation is used: % error = (2) (100%) In this example: 2% = (2) (100%) VN"	"Source: Wells, 1999; pp. 81-82."	"Question photos/Questions/Exam 2/IMG_1139.jpeg"	"Question photos/Answers/Exam 2/IMG_1218.jpeg"	""	""	""
"exam2-098"	"2"	"98"	"Instrumentation & QC"	"Dose Calibrator QC"	"concept"	"3"	"If a 137Cs source used to determine constancy of a dose calibrator was originally calibrated to contain 200 uCi on June 1, 1998, what would be the expected activity of the source on June 1, 2002 (1 year decay factor of 0.977; 2 year decay factor of 0.955)?"	"182.4 uCi"	"185.0 uCi"	"186.6 uCi"	"191.0 uCi"	"195.4 uCi"	"0"	"182.4 uCi"	"When the decay factor for a desired time is not available, a combination of decay factors can be used to obtain the correct one. In this case, the 2-year decay factor is multiplied by itself to obtain the 4-year decay factor. The original activity is then multiplied by the decay factor to obtain the expected activity: 0.955 x 0.955 x 200 uCi = 182.4 uCi."	"Source: Wells, 1999; p. 173."	"Question photos/Questions/Exam 2/IMG_1139.jpeg"	"Question photos/Answers/Exam 2/IMG_1218.jpeg"	""	""	""
"exam2-099"	"2"	"99"	"Instrumentation & QC"	"Dose Calibrator QC"	"calculation"	"1"	"A 57Co source used to determine dose calibrator constancy was originally calibrated to contain 325.8 uCi 35 days ago. If the source is measured today, the dose calibrator reading must fall within what range of activities to meet the accepted standard?"	"238.2-357 uCi"	"258.0-337.6 uCi"	"268.0-327.6 uCi"	"280.3-342.7 uCi"	"271.5-331.9 uCi"	"2"	"268.0-327.6 uCi"	"The 35-day decay factor can be determined by multiplying the 30-day factor by the 5-day factor: 0.926 x 0.987 = 0.914. The expected activity is 325.8 uCi x 0.914 = 297.8 uCi. Dose calibrator constancy readings should be within +/-10% of the calculated value, so the acceptable range is 268.0-327.6 uCi."	"Source: provided retake photo IMG_1316; answer/explanation page not available in the supplied answer-photo set."	"Question photos/Retake Photos/IMG_1316.jpeg"	""	""	""	""
"exam2-100"	"2"	"100"	"Instrumentation & QC"	"Dose Calibrator QC"	"calculation"	"1"	"It has been determined that a correction factor of 1.15 must be used when a 5 mL syringe containing about 25 mCi is measured in a particular dose calibrator. If a unit dosage activity reads 26.2 mCi, what is the true activity?"	"22.7 mCi"	"25.1 mCi"	"30.1 mCi"	"40.1 mCi"	"47.4 mCi"	"2"	"30.1 mCi"	"Apply the dose calibrator correction factor to the displayed activity: 26.2 mCi x 1.15 = 30.13 mCi, which rounds to 30.1 mCi."	"Source: provided retake photo IMG_1316; answer/explanation page not available in the supplied answer-photo set."	"Question photos/Retake Photos/IMG_1316.jpeg"	""	""	""	""
"exam3-001"	"3"	"1"	"Clinical Procedures"	"Bone Imaging"	"protocol"	"1"	"Static bone imaging is performed several hours after tracer administration to permit:"	"maximum tracer uptake in the skeleton"	"tracer clearance from normal bone tissue"	"tracer clearance from sites of infiltration"	"blood clearance of excess tracer"	"tracer clearance from the kidneys"	"3"	"blood clearance of excess tracer"	"Maximum skeletal uptake of [99mTc] medronate (MDP) and [99mTc] oxidronate (HDP) occurs within 45 min after tracer administration, and imaging is to allow the excess circulating tracer to be cleared from the blood by the kidneys. Such clearance is necessary to increase the target (bone):non-target (soft tissue) ratio for an optimal image. Early and Sodee, 1995; pp. 348, 354,"	"Source: Early and Sodee, 1995; p. 345."	"Question photos/Questions/Exam 3/IMG_1140.jpeg"	"Question photos/Answers/Exam 3/IMG_1220.jpeg"	""	""	""
"exam3-002"	"3"	"2"	"Clinical Procedures"	"Bone Imaging"	"concept"	"2"	"For which of the following clinical indications would limited bone imaging (""spot"" views) be most appropriate?"	"Rule out skeletal metastases."	"Evaluate Paget's disease."	"Evaluate temporomandibular joint pain."	"With history of child abuse, rule out occult fractures."	"Rule out kidney stones."	"2"	"Evaluate temporomandibular joint pain."	"Paget's disease, skeletal metastases, and occult fractures may be widespread, so total-body bone imaging is indicated. Temporomandibular joint pain is localized, making spot views most appropriate."	"Source: Early and Sodee, 1995; pp. 348, 354, 359, 361."	"Question photos/Questions/Exam 3/IMG_1140.jpeg"	"Question photos/Answers/Exam 3/IMG_1220.jpeg"	""	""	""
"exam3-003"	"3"	"3"	"Image Production"	"Bone Imaging"	"concept"	"3"	"Three or four-phase bone imaging is particularly useful when which of the following conditions is suspected?"	"osteomyelitis"	"osteoporosis"	"skeletal metastases"	"stress fracture"	"compound fracture"	"0"	"osteomyelitis"	"Early images are important in diagnosing inflammatory conditions such as osteomyelitis. The flow study, the first phase of a multiphase bone image, is important in demonstrating increased blood flow to the affected area. In osteomyelitis, tracer concentration remains increased throughout the other phases."	"Source: Waterstram-Rich and Gilmore, et al., 2017; pp. 589-590."	"Question photos/Questions/Exam 3/IMG_1140.jpeg"	"Question photos/Answers/Exam 3/IMG_1220.jpeg"	""	""	""
"exam3-004"	"3"	"4"	"Clinical Procedures"	"Lung Imaging"	"protocol"	"4"	"The standard views performed in a lung perfusion study are:"	"anterior and posterior only"	"posterior and obliques only"	"anterior, posterior, and lateral of the affected lung"	"laterals and obliques only"	"anterior, posterior, laterals, and obliques"	"4"	"anterior, posterior, laterals, and obliques"	"At least six views should be performed in a lung perfusion study: anterior, posterior, right and left laterals, and right and left posterior obliques. Some authors recommend eight standard views: these plus right and left anterior obliques."	"Source: Waterstram-Rich and Gilmore, et al., 2017; p. 479; Early and Sodee, 1995."	"Question photos/Questions/Exam 3/IMG_1140.jpeg"	"Question photos/Answers/Exam 3/IMG_1220.jpeg"	""	""	""
"exam3-005"	"3"	"5"	"Patient Care"	"Patient Care"	"concept"	"5"	"Upon completion of an imaging procedure, the patient sits up quickly and complains of dizziness and feeling faint. The most appropriate action for the technologist would be to:"	"Have the patient stand and walk around the room."	"Check vital signs."	"Have the patient lie down again."	"Talk with the patient and have the patient breathe slowly and deeply."	"Ask the patient if they have a family history of syncope."	"3"	"Talk with the patient and have the patient breathe slowly and deeply."	"Initial feelings of dizziness and faintness when going from a recumbent to an upright position may be the result of a slight drop in blood pressure that occurs when the patient moves too quickly. To help minimize the severity of this orthostatic hypotension, the patient should be encouraged to talk and breathe slowly and deeply. Symptoms should subside within a few minutes. If they do not, the technologist should seek medical help for the patient. c Early and Sodee, 1995; pp. 461-462. To perform a ventilation study with [99mTc] pentetate (DTPA) aerosol, the liquid tracer is placed into the nebulizer, where it is broken up into small airborne particles that are inhaled by the patient. The patient is connected to the nebulizer with tubing and a face mask or mouthpiece. After inhalation of the tracer, the patient is disconnected from the delivery apparatus. Then, the patient is imaged. Because the particles remain where they have been deposited for a period of time, the same views that are acquired for the perfusion images may be acquired for the ventilation images. The nebulizer, tubing, and face mask or mouthpiece all are contaminated with [99mTc] pentetate (DTPA) and must be handled as radioac-"	"Source: Adler and Carlton, 2016; p. 154."	"Question photos/Questions/Exam 3/IMG_1140.jpeg"	"Question photos/Answers/Exam 3/IMG_1220.jpeg"	""	""	""
"exam3-006"	"3"	"6"	"Radiopharmaceuticals"	"Lung Imaging"	"concept"	"1"	"All of the following statements about performing a lung ventilation study with [99mTc] pentetate (DTPA) aerosol are true, except:"	"Multiple projections may be obtained with one dose of tracer."	"The patient is disconnected from the nebulizer after inhalation of the aerosol. "	"The patient is imaged while inhaling particles from the nebulizer."	"The face mask, tubing, and nebulizer must be disposed of as radioactive waste."	"Some residual tracer may be present in the esophagus."	"2"	"The patient is imaged while inhaling particles from the nebulizer."	"For an aerosol ventilation study, the patient inhales the aerosol and is then imaged after the inhalation phase; the patient is not normally imaged while actively inhaling particles from the nebulizer."	"Source photo: IMG_1220.jpeg."	"Question photos/Questions/Exam 3/IMG_1140.jpeg"	"Question photos/Answers/Exam 3/IMG_1220.jpeg"	""	""	""
"exam3-007"	"3"	"7"	"Radiation Safety"	"Lung Imaging"	"concept"	"2"	"The purpose of wrapping the legs with elastic bandages before performing a radionuclide venogram with [99mTc] MAA is to:"	"distend the veins in the feet"	"prevent blood clots from traveling to the lung"	"suppress superficial circulation"	"trap the tracer in the lower extremities"	"increase low blood pressure in the patient"	"2"	"suppress superficial circulation"	"The purpose of radionuclide venography is to demonstrate the presence of thrombi in the deep veins of the legs and pelvis (internal iliacs). Therefore, elastic bandages are used to wrap the legs between the ankles and knees to divert blood flow from the superficial circulation to the deep venous system."	"Source: Bernier, et al., 1994; pp. 299-300."	"Question photos/Questions/Exam 3/IMG_1140.jpeg"	"Question photos/Answers/Exam 3/IMG_1220.jpeg"	""	""	""
"exam3-008"	"3"	"8"	"Radiopharmaceuticals"	"Radiopharmaceuticals"	"protocol"	"3"	"When the radiation level coming from a radioiodine therapy patient in isolation is measured, it should be measured:"	"every day"	"every day at the same time"	"at the same distance from the patient each time"	"every day and at the same distance from the patient each time"	"at different distances from the patient each time"	"3"	"every day and at the same distance from the patient each time"	"Radiation levels from a radioiodine therapy patient should be monitored daily using the same instrument and counting geometry each time, including the same measurement distance."	"Source: Waterstram-Rich and Gilmore, et al., 2017; p. 451-453."	"Question photos/Questions/Exam 3/IMG_1140.jpeg"	"Question photos/Answers/Exam 3/IMG_1221.jpeg"	""	""	""
"exam3-009"	"3"	"9"	"Patient Care"	"Patient Care"	"concept"	"4"	"The function of a draw sheet is to provide:"	"support for the patient during a stretcher to bed transter"	"warmth to the patient during the procedure"	"protection from infectious disease"	"patient privacy during an imaging procedure"	"an activity for the patient during transfer"	"0"	"support for the patient during a stretcher to bed transter"	"The draw sheet is the one on which the patient is lying and is used for transferring the patient from stretcher to imaging table. Waterstram-Rich and Gilmore, et al.,"	"Source: Adler and Carlton, 2016; pp. 157-159."	"Question photos/Questions/Exam 3/IMG_1140.jpeg"	"Question photos/Answers/Exam 3/IMG_1221.jpeg"	""	""	""
"exam3-010"	"3"	"10"	"Radiopharmaceuticals"	"Radiopharmaceuticals"	"protocol"	"5"	"A gated equilibrium ventricular function study can be performed with which of the following 99mTc-labeled tracers?"	"[99mTc] pentetate (DTPA)"	"[99mTc] medronate (MDP)"	"[99mTc] human serum albumin"	"[99mTc] pyrophosphate (PYP)"	"[99mTc] macroaggregated albumin"	"2"	"[99mTc] human serum albumin"	"An equilibrium ventricular function study requires a radiopharmaceutical that remains in the blood pool. Many departments label the patient's red blood cells with [99mTc] pertechnetate, but other facilities prefer the immediate availability of [99mTc] albumin (MAA). Currently, [99mTc] albumin (MAA) is available only outside the United States."	"Source: Waterstram-Rich and Gilmore, et al., 2017; p. 512."	"Question photos/Questions/Exam 3/IMG_1140.jpeg"	"Question photos/Answers/Exam 3/IMG_1221.jpeg"	""	""	""
"exam3-011"	"3"	"11"	"Instrumentation & QC"	"Instrumentation & QC"	"concept"	"1"	"Which of the following diagrams is a correctly labeled representative slice of the horizontal long axis of the left ventricular myocardium?"	"apex"	"septum"	"septum lateral wall base B superior wall"	"base"	"lateral wall septum inferior wall"	"2"	"septum lateral wall base B superior wall"	"All of the diagrams are correctly labeled cross-sectional slices of the heart: (1) transaxial, (b) short axis, (c) horizontal long axis, and (d) vertical long axis."	"Source: Crawford and Husain, 2011; p. 40."	"Question photos/Questions/Exam 3/IMG_1141.jpeg"	"Question photos/Answers/Exam 3/IMG_1221.jpeg"	"assets/question-bank/retake/exam3-011/e3q11.jpg"	"Graphic for Exam 3, Question 11."	""
"exam3-012"	"3"	"12"	"Radiopharmaceuticals"	"Radiopharmaceuticals"	"calculation"	"5"	"Stress-rest myocardial imaging performed with [99mTc] sestamibi requires two administrations of tracer, because the tracer:"	"does not redistribute once it has been taken up by the myocardium"	"rapidly washes out of the myocardium after administration"	"has too short a half-life to permit delayed imaging"	"must be administered immediately after its preparation"	"has a fast biological half-life"	"0"	"does not redistribute once it has been taken up by the myocardium"	"[99mTc] sestamibi is taken up into the myocardium in proportion to blood flow. It is taken into the myocardial cells, bound, and retained in the myocardium. Therefore, it does not redistribute the way [201Tl] thallous chloride does, making it necessary to administer tracer for both the stress and rest portions of the examination."	"Source: Crawford and Husain, 2011; p. 8."	"Question photos/Questions/Exam 3/IMG_1141.jpeg"	"Question photos/Answers/Exam 3/IMG_1221.jpeg"	""	""	""
"exam3-013"	"3"	"13"	"Clinical Procedures"	"Hepatobiliary Imaging"	"concept"	"3"	"In a normal hepatobiliary study, which of the following structures will not be visualized?"	"liver"	"common bile duct"	"spleen"	"gallbladder"	"intestines"	"2"	"spleen"	"Hepatobiliary agents are cleared from the blood by the hepatocytes in the liver. The tracer is cleared from the hepatocytes into the common bile duct and gallbladder, and from there into the small intestine."	"Source: Early and Sodee, 1995; pp. 505-506."	"Question photos/Questions/Exam 3/IMG_1141.jpeg"	"Question photos/Answers/Exam 3/IMG_1221.jpeg"	""	""	""
"exam3-014"	"3"	"14"	"Patient Care"	"Hepatobiliary Imaging"	"concept"	"4"	"In preparation for hepatobiliary imaging, patients are required to fast to:"	"prevent renal uptake of the tracer"	"enhance liver uptake of the tracer"	"minimize the risk of radioactive emesis"	"avoid stimulating the gallbladder"	"avoid gastric interterence"	"3"	"avoid stimulating the gallbladder"	"Ingestion of food may cause the gallbladder to contract, potentially causing a false-positive result; that is, the gallbladder is not visualized. While the gallbladder is contracting, tracer will not be able to flow into it."	"Source: Early and Sodee, 1995; p. 504."	"Question photos/Questions/Exam 3/IMG_1141.jpeg"	"Question photos/Answers/Exam 3/IMG_1221.jpeg"	""	""	""
"exam3-015"	"3"	"15"	"Radiopharmaceuticals"	"Radiopharmaceuticals"	"concept"	"5"	"To determine the patency of a LeVeen shunt, the radiopharmaceutical is administered into:"	"a vein"	"the circle of Willis"	"the intrathecal space"	"the shunt tubing"	"the peritoneal cavity"	"4"	"the peritoneal cavity"	"The physician performs an intraperitoneal injection of the tracer."	"Source: Early and Sodee, 1995; pp. 528-529."	"Question photos/Questions/Exam 3/IMG_1141.jpeg"	"Question photos/Answers/Exam 3/IMG_1221.jpeg"	""	""	""
"exam3-016"	"3"	"16"	"Instrumentation & QC"	"Instrumentation & QC"	"concept"	"1"	"Which of the following is the correct patient/camera positioning for imaging a transplanted kidney?"	"Patient position Supine, Camera Placement Anterior"	"Patient position Upright, Camera Placement Posterior"	"Patient position Upright, Camera Placement Anterior"	"Patient position Supine, Camera Placement Posterior"	"Patient position Supine, Camera Placement Oblique"	"0"	"Patient position Supine, Camera Placement Anterior"	"A transplanted kidney is placed in the iliac fossa. Therefore, a transplanted kidney should be imaged with the patient supine and the camera placed anteriorly over the pelvis."	"Source: Early and Sodee, 1995; p. 587."	"Question photos/Questions/Exam 3/IMG_1141.jpeg"	"Question photos/Answers/Exam 3/IMG_1221.jpeg"	""	""	""
"exam3-017"	"3"	"17"	"Instrumentation & QC"	"Renal Imaging"	"calculation"	"4"	"In performing an effective renal plasma flow determination, the injection site should be imaged to:"	"quantitate the amount of tracer deposited at the injection site"	"calculate the amount of injected activity"	"rule out tracer infiltration"	"correct the kidney transit time of the tracer"	"correct the urinary output graph"	"2"	"rule out tracer infiltration"	"Because an ERPF is a quantitative study, any tracer infiltration will invalidate the calculated ERPF values. Therefore, it is essential to confirm that the entire amount of activity was injected into the circulatory system."	"Source: Rowell, 1992; p. 41."	"Question photos/Questions/Exam 3/IMG_1141.jpeg"	"Question photos/Answers/Exam 3/IMG_1221.jpeg"	""	""	""
"exam3-018"	"3"	"18"	"Patient Care"	"Renal Imaging"	"image-interpretation"	"5"	"Radionuclide cystography performed by the direct method requires which of the following?"	"intravenous injection of the tracer"	"use of a renal agent"	"administration of furosemide"	"catheterization of the patient"	"calculation of the ERPF"	"3"	"catheterization of the patient"	"Direct radionuclide cystography requires that the patient be catheterized and the bladder drained. The tracer is then instilled into the bladder with saline. Although [99mTc] pentetate (DTPA), a renal agent, may be used, itis not required. [99mTc] sulfur colloid or [99mTc] pertechnetate may be used."	"Source: Bernier, et al., 1994; p. 355."	"Question photos/Questions/Exam 3/IMG_1141.jpeg"	"Question photos/Answers/Exam 3/IMG_1221.jpeg"	""	""	""
"exam3-019"	"3"	"19"	"Radiopharmaceuticals"	"Radiopharmaceuticals"	"concept"	"4"	"All of the following conditions may demonstrate uptake of 111In-labeled leukocytes except:"	"osteomyelitis"	"pulmonary embolism"	"dental abscess"	"ostomy site"	"fever of unknown origin"	"1"	"pulmonary embolism"	"Leukocytes accumulate in areas of infection or inflammation. Thus, they would accumulate at ostomy sites, in osteomyelitis, and in dental abscesses."	"Source: Early and Sodee, 1995; pp. 702-709."	"Question photos/Questions/Exam 3/IMG_1141.jpeg"	"Question photos/Answers/Exam 3/IMG_1221.jpeg"	""	""	""
"exam3-020"	"3"	"20"	"Patient Care"	"Patient Care"	"concept"	"5"	"Signs/symptoms that a patient is going into anaphylactic shock include all of the following except:"	"skin splotches"	"pallor"	"restlessness"	"tachycardia"	"hot, dry skin"	"4"	"hot, dry skin"	"Pale, cold, clammy skin is characteristic of shock. The patient may also exhibit restlessness and tachycardia."	"Source: Adler and Carlton, 2016; p. 262."	"Question photos/Questions/Exam 3/IMG_1141.jpeg"	"Question photos/Answers/Exam 3/IMG_1221.jpeg"	""	""	""
"exam3-021"	"3"	"21"	"Radiopharmaceuticals"	"Radiopharmaceuticals"	"concept"	"1"	"Which of the following radiopharmaceuticals crosses the intact blood-brain barrier?"	"[99mTc] pertechnetate"	"[99mTc] gluceptate"	"[99mTc] pentetate (DTPA)"	"[99mTc] bicisate (ECD)"	"[99mTc] sulfur colloid"	"3"	"[99mTc] bicisate (ECD)"	"[99mTc] gluceptate, [99mTc] pentetate (DTPA), and [99mTc] pertechnetate cross the blood-brain barrier only if disease has caused a disruption in the barrier. Therefore, these agents remain in the blood pool unless there is a disruption in the blood-brain barrier. [99mTc] bicisate (ECD) and [99mTc] exametazime (HMPAO) normally cross the blood-brain barrier and are taken up in brain tissue in proportion to blood flow."	"Source: Early and Sodee, 1995; p. 560."	"Question photos/Questions/Exam 3/IMG_1141.jpeg"	"Question photos/Answers/Exam 3/IMG_1221.jpeg"	""	""	""
"exam3-022"	"3"	"22"	"Radiopharmaceuticals"	"MAA / Pulmonary Perfusion"	"concept"	"2"	"The patency of ventriculoperitoneal shunts may be assessed with which of the following tracers?"	"[111In] chloride"	"[99mTc] MAA"	"[99mTc] bicisate (ECD)"	"[99mTc] pertechnetate"	"[99mTc] pentetate (DTPA)"	"3"	"[99mTc] pertechnetate"	"A ventriculoperitoneal shunt is designed to treat hydrocephalus by directing excess cerebral spinal fluid into the peritoneal cavity, where it is absorbed into the circulation. The patency of the shunt can be ascertained by injecting a tracer; typically [99mTc] pertechnetate, into the shunt tubing and imaging the movement of the tracer down the tube into the peritoneum. Because of the short duration of this examination, mTc may be used."	"Source: Mettler and Guiberteau, 1991; p. 74."	"Question photos/Questions/Exam 3/IMG_1143.jpeg"	"Question photos/Answers/Exam 3/IMG_1221.jpeg"	""	""	""
"exam3-023"	"3"	"23"	"Instrumentation & QC"	"Instrumentation & QC"	"concept"	"3"	"According to the FDA, written informed consent must be obtained to administer which of the following radiopharmaceuticals?"	"[123I] sodium iodide"	"[99mTc] sestamibi"	"[131I] sodium iodide"	"[99mTc] bicisate (ECD)"	"[125I] sodium iodide"	"2"	"[131I] sodium iodide"	"Written consent must be ohtained for anv radionharmacentical that is investigational. These drugs are referred to as investigational new drigs (INDs). All of the radiopharmaceuticals cited in this publication have been approved by the FDA for clinical use. That is, their new drug authonztion (NDA) has been approved, and they are referred to as NDA drugs."	"Source: Saha, 2004; p. 204."	"Question photos/Questions/Exam 3/IMG_1143.jpeg"	"Question photos/Answers/Exam 3/IMG_1221.jpeg"	""	""	""
"exam3-024"	"3"	"24"	"Instrumentation & QC"	"Bone Imaging"	"concept"	"4"	"Patient preparation for [89Sr] chloride therapy includes all of the following except:"	"nuclear medicine bone imaging"	"complete blood count"	"discontinuation of pain medication"	"renal function studies"	"correlated physical exam"	"2"	"discontinuation of pain medication"	"Elgazzar and Maxon, 1993. Patient preparation for [89Sr] chloride therapy includes total-body bone imaging to demonstrate increased tracer uptake in painful metastatic sites, a complete blood count to confirm adequate platelet and white blood cell counts, and renal function studies because the major route of tracer excretion is through the kidneys."	"Source photo: Answers/Exam 3/IMG_1222.jpeg."	"Question photos/Questions/Exam 3/IMG_1143.jpeg"	"Question photos/Answers/Exam 3/IMG_1222.jpeg"	""	""	""
"exam3-025"	"3"	"25"	"Radiation Safety"	"Thyroid Imaging"	"concept"	"5"	"Patient preparation for 131I therapy for thyroid cancer includes all of the following except:"	"ruling out pregnancy"	"diet restrictions"	"reviewing isolation requirements"	"discontinuing breast-feeding"	"administering oral potassium iodide"	"4"	"administering oral potassium iodide"	"In preparation for 131I therapy for thyroid cancer, the patient will have to be instructed about the requirements and limitations associated with being in isolation. If the patient is female, a pregnancy test must be performed immediately before the radioiodine is administered. Pregnancy is an absolute contraindication to 1131I therapy. If the woman is breast-feeding, she must discontinue this activity. Oral potassium iodide may be administered to personnel who are exposed to airborne radioiodine as a means of preventing tracer uptake in the thyroid gland."	"Source: Steves, 1999; pp. 272-280."	"Question photos/Questions/Exam 3/IMG_1143.jpeg"	"Question photos/Answers/Exam 3/IMG_1222.jpeg"	""	""	""
"exam3-026"	"3"	"26"	"Radiation Safety"	"Radiation Safety"	"concept"	"1"	"One verification method used to ensure that the correct radiopharmaceutical is being administered is to check the label found on the vial. The best times to check this label would include all of the following except:"	"before the vial is removed from the shelf"	"before the radiopharmaceutical is dispensed"	"after the vial is placed back on the shelf"	"after the radiopharmaceutical is administered to the patient"	"after the syringe shield is added"	"3"	"after the radiopharmaceutical is administered to the patient"	"Verification should be done before injection, and the label should be checked when the radiopharmaceutical is removed from the shelf, when it is dispensed, and when it is returned to the shelf."	"Source: Adler and Carlton, 2016; p. 287."	"Question photos/Questions/Exam 3/IMG_1143.jpeg"	"Question photos/Answers/Exam 3/IMG_1222.jpeg"	""	""	""
"exam3-027"	"3"	"27"	"Radiopharmaceuticals"	"Radiopharmaceuticals"	"protocol"	"2"	"When dual-radionuclide myocardial perfusion imaging is performed, which of the following tracers are used for stress and which for rest?"	"Stress: [99mTc] sestamibi; Rest: [99mTc] teboroxime (MPI)"	"Stress: [201Tl] thallous chloride; Rest: [99mTc] sestamibi"	"Stress: [99mTc] sestamibi; Rest: [201Tl] thallous chloride"	"Stress: [99mTc] sestamibi; Rest: [99mTc] labeled red blood cells"	"Stress: [99mTc] sestamibi; Rest: [99mTc] sulfur colloid"	"2"	"Stress: [99mTc] sestamibi; Rest: [201Tl] thallous chloride"	"The dual-radionuclide myocardial perfusion imaging protocol used [99mTc] sestamibi for stress imaging and [201Tl] thallous chloride for rest imaging. [99mTc] tetrofosmin (MPI) may be used in place of [99mTc] sestamibi. The dual-radionuclide protocol shortens the time that patients spend in the imaging department and is useful for evaluating myocardial ischemia and viability."	"Source: Crawford and Husain, 2011; p. 33."	"Question photos/Retake Photos/IMG_1318.jpeg"	"Question photos/Answers/Exam 3/IMG_1222.jpeg"	""	""	""
"exam3-028"	"3"	"28"	"Radiopharmaceuticals"	"Radiopharmaceuticals"	"protocol"	"3"	"If [99mTc] sulfur colloid is administered to demonstrate gastrointestinal bleeding, the bleeding can be best visualized how long after the radiopharmaceutical is administered?"	"20-30 min"	"10-15 min"	"45 min-1 hr"	"Anytime up to 24 hr"	"Anytime up to 48 hr"	"1"	"10-15 min"	"[99mTc] sulfur colloid is cleared from the blood and localized in the liver and spleen within 15 min of administration. Therefore, to demonstrate gastrointestinal bleeding with this tracer, it will have to occur while the tracer is still circulating."	"Source: Early and Sodee, 1995; p. 518."	"Question photos/Questions/Exam 3/IMG_1143.jpeg"	"Question photos/Answers/Exam 3/IMG_1222.jpeg"	""	""	""
"exam3-029"	"3"	"29"	"Clinical Procedures"	"Cardiac Imaging"	"concept"	"4"	"Which of the following areas is the recommended injection site for a cardiac first-pass study?"	"axillary vein"	"cephalic vein"	"median basilic vein"	"dorsal vein"	"carotid vein"	"2"	"median basilic vein"	"A cardiac first-pass study requires a bolus injection technique to demonstrate each of the cardiac chambers separately. Therefore, a large peripheral vein, such as the median antecubital or external jugular, is needed."	"Source: Farrell, et al., 2016; pp. 33-34."	"Question photos/Questions/Exam 3/IMG_1143.jpeg"	"Question photos/Answers/Exam 3/IMG_1222.jpeg"	""	""	""
"exam3-030"	"3"	"30"	"Radiopharmaceuticals"	"Radiopharmaceuticals"	"concept"	"5"	"Patient preparation for a 131I therapy includes:"	"a low-iodine diet for 1 week before the therapy"	"a high-iodine diet for 1 week before the therapy"	"a low-carbohydrate diet for 3 days before the therapy"	"not consuming any salt for 1 week before the therapy"	"not consuming potassium for 1 week before the therapy"	"0"	"a low-iodine diet for 1 week before the therapy"	"Patient preparation for 1131I therapy includes a low iodine diet for 1 week prior to therapy to help increase the ability of the thyroid gland or metastatic cancer as a whole to uptake the radioactive 131I versus stable iodine. This will allow for a better uptake of the I3l]. e"	"Source: Shackett, 2009; p. 319."	"Question photos/Questions/Exam 3/IMG_1143.jpeg"	"Question photos/Answers/Exam 3/IMG_1222.jpeg"	""	""	""
"exam3-031"	"3"	"31"	"Radiopharmaceuticals"	"Infection Imaging"	"concept"	"1"	"For a 67Ga infection imaging, the proper route of administration of the radiopharmaceutical is what?"	"by inhalation"	"intramuscularly"	"orally"	"intravenously"	"intrathecal"	"3"	"intravenously"	"The proper route of administration for ""Ga infection imaging is intravenously."	"Source: Shackett, 2009; p. 104."	"Question photos/Questions/Exam 3/IMG_1143.jpeg"	"Question photos/Answers/Exam 3/IMG_1222.jpeg"	""	""	""
"exam3-032"	"3"	"32"	"Radiopharmaceuticals"	"Radiopharmaceuticals"	"protocol"	"2"	"Which of the following statements best describes the preferred injection and blood sampling site(s) when performing a plasma volume study?"	"Place a butterfly needle in an antecubital vein for injection of the radiopharmaceutical and subsequent blood sampling."	"Intravenous injection should be performed in an antecubital vein, and subsequent blood samples should be obtained from the same vein."	"Intravenous injection should be performed in an antecubital vein in one arm, and subsequent blood samples should be obtained from an antecubital vein in the opposite arm."	"Intravenous injection should be performed in an antecubital vein, and subsequent blood samples should be obtained from a different antecubital vein in the same arm."	"An angiocath should be placed in an antecubital vein for injection of the radiopharmaceutical and subsequent blood sampling."	"2"	"Intravenous injection should be performed in an antecubital vein in one arm, and subsequent blood samples should be obtained from an antecubital vein in the opposite arm."	"Because radioiodinated serum albumin is ""sticky,"" it has a tendency to adhere to substances, including tissue. Tracer administration and blood sampling should be performed, if possible, in contralateral arms."	"Source: Early and Sodee, 1995; p. 725."	"Question photos/Questions/Exam 3/IMG_1143.jpeg"	"Question photos/Answers/Exam 3/IMG_1222.jpeg"	""	""	""
"exam3-033"	"3"	"33"	"Clinical Procedures"	"Clinical Procedures"	"protocol"	"3"	"When administering an intravenous injection, the needle should be inserted into the vein at an angle of:"	"90 degrees"	"45 degrees"	"5 degrees"	"15 degrees"	"1 degree"	"3"	"15 degrees"	"An intravenous injection should be done with the needle at about a 15-degree angle to the vein it is being inserted into."	"Source: Adler and Carlton, 2016; p. 297."	"Question photos/Questions/Exam 3/IMG_1144.jpeg"	"Question photos/Answers/Exam 3/IMG_1222.jpeg"	""	""	""
"exam3-034"	"3"	"34"	"Clinical Procedures"	"Clinical Procedures"	"protocol"	"4"	"When counting 51Cr red blood cell samples in a scintillation well counter, the window should be set around the photopeak at:"	"320 keV"	"159 keV"	"81 keV"	"511 keV"	"664 keV"	"0"	"320 keV"	"The gamma energy of 51Cr is 320 keV. Therefore, the scintillation detector should be set to accommodate this photopeak."	"Source: Waterstram-Rich and Gilmore, et al., 2017; p. 623."	"Question photos/Questions/Exam 3/IMG_1144.jpeg"	"Question photos/Answers/Exam 3/IMG_1222.jpeg"	""	""	""
"exam3-035"	"3"	"35"	"Clinical Procedures"	"Clinical Procedures"	"image-interpretation"	"4"	"Which tomographic plane of the heart displays all walls of the left ventricle?"	"horizontal long axis"	"short axis"	"transaxial"	"vertical long axis"	"sagittal"	"1"	"short axis"	"The short-axis slice displays all walls of the left ventricle."	"Source: Crawford and Husain, 2011; p. 40."	"Question photos/Questions/Exam 3/IMG_1144.jpeg"	"Question photos/Answers/Exam 3/IMG_1222.jpeg"	""	""	""
"exam3-036"	"3"	"36"	"Instrumentation & QC"	"Thyroid Imaging"	"concept"	"1"	"When performing a radioiodine thyroid uptake with an uptake probe, the most appropriate collimator to use is a:"	"low-energy, high-sensitivity parallel-hole collimator"	"converging collimator"	"flat-field collimator"	"straight-bore collimator"	"diverging collimator"	"2"	"flat-field collimator"	"A scintillation probe with a flat-field-of-view collimator is used for a radioiodine uptake test. The flat-field collimator allows for small variations in organ depth without affecting statistical accuracy."	"Source: Early and Sodee, 1995; p. 628."	"Question photos/Questions/Exam 3/IMG_1144.jpeg"	"Question photos/Answers/Exam 3/IMG_1222.jpeg"	""	""	""
"exam3-037"	"3"	"37"	"Instrumentation & QC"	"Instrumentation & QC"	"concept"	"2"	"Which of the following would not be in accordance with electrical safety guidelines?"	"use of three-pronged plugs and outlets"	"keeping walk areas free from electrical cords"	"disconnecting an electrical plug from the wall by pulling on the cord"	"not using frayed or kinked cords"	"using a 25 amp appliance in a 30 amp outlet"	"2"	"disconnecting an electrical plug from the wall by pulling on the cord"	"Cords should be disconnected from the wall by grasping and pulling on the plug, not on the cord."	"Source: Kowalczyk and Donnett, 1996; p. 234."	"Question photos/Questions/Exam 3/IMG_1144.jpeg"	"Question photos/Answers/Exam 3/IMG_1222.jpeg"	""	""	""
"exam3-038"	"3"	"38"	"Instrumentation & QC"	"Instrumentation & QC"	"concept"	"3"	"Which of the following statements about the image of a left ventricle slice shown here is correct?"	"apex It is an incorrectly labeled image of a vertical long axis slice."	"septur It is an incorrectly labeled image of a horizontal long axis slice."	"It is a correctly labeled image of a vertical long axis slice."	"It is a correctly labeled image of a horizontal long axis slice."	"It is a correctly image of a short axis slice."	"3"	"It is a correctly labeled image of a horizontal long axis slice."	"It is a correctly labeled image of a horizontal long-axis slice of the left ventricle."	"Source: Crawford and Husain, 2011; p. 40."	"Question photos/Questions/Exam 3/IMG_1144.jpeg"	"Question photos/Answers/Exam 3/IMG_1222.jpeg"	"assets/question-bank/retake/exam3-038/e3q38.jpg"	"Graphic for Exam 3, Question 38."	""
"exam3-039"	"3"	"39"	"Radiopharmaceuticals"	"PET"	"protocol"	"4"	"When using [18F]FDG for PET imaging, which of the following should be considered as a contraindication for performing the study?"	"low-carb diet"	"blood glucose level of 120 mg/dl"	"high-iodine diet within past week"	"low-iodine diet within past week"	"blood glucose level of 200 mg/dL"	"4"	"blood glucose level of 200 mg/dL"	"Ideally, the blood glucose should be less than 120 mg/dL when imaging with [18F]FDG. The [18F]FDG competes for glucose receptors, and a high blood glucose level reduces potential uptake of the [18F]FDG."	"Source: Waterstram-Rich and Gilmore, et al., 2017; p. 374."	"Question photos/Questions/Exam 3/IMG_1144.jpeg"	"Question photos/Answers/Exam 3/IMG_1222.jpeg"	""	""	""
"exam3-040"	"3"	"40"	"Clinical Procedures"	"Clinical Procedures"	"protocol"	"5"	"A 1:25 dilution of a solution with a concentration of 10 uCi/mL is prepared. What is the tracer concentration in the dilution?"	"0.04 uCi/mL"	"0.25 uCi/mL"	"25 uCi/mL"	"0.4 Ci/mL"	"45 uCi/mL"	"3"	"0.4 Ci/mL"	"Source: Remson and Ackermann, 1977; pp. 77-"	"Source: Remson and Ackermann, 1977; pp. 77-"	"Question photos/Questions/Exam 3/IMG_1144.jpeg"	"Question photos/Answers/Exam 3/IMG_1222.jpeg"	""	""	""
"exam3-041"	"3"	"41"	"Radiopharmaceuticals"	"Cardiac Imaging"	"concept"	"1"	"In preparation for [18F] fluorodeoxyglucose (FDG) imaging, patients are required to fast to:"	"prevent hypoglycemic episodes"	"enhance cardiac uptake"	"eliminate the need for laxatives"	"maximize tumor uptake"	"prevent brown fat disposition"	"3"	"maximize tumor uptake"	"In preparation for [18F] fluorodeoxyglucose (FDG) imaging, patients are required to fast to maximize tumor uptake. More [18F]FDG is taken up by cancer cells when the extracellular concentration of glucose is low, which enhances the detection of tumors."	"Source: Nabi and Zubeldia, 2002; pp. 3-4."	"Question photos/Questions/Exam 3/IMG_1144.jpeg"	"Question photos/Answers/Exam 3/IMG_1223.jpeg"	""	""	""
"exam3-042"	"3"	"42"	"Patient Care"	"Patient Care"	"protocol"	"2"	"Which of the following steps is performed before the administration of [90Y] ibritumomab tiuxetan therapy?"	"determining PSA level"	"fasting for 8 hr"	"NPO from midnight before the study"	"intravenous hydration for 4 hr"	"whole-body imaging with [111In] ibritumomab tiuxetan"	"4"	"whole-body imaging with [111In] ibritumomab tiuxetan"	"Before administration of [90Y] ibritumomab tiuxetan therapy, a whole-body image is performed with [111In] ibritumomab tiuxetan to assess the biodistribution of the antibody and identify areas of normal tissue that may be at risk of exposure to a high radiation dose because of proximity to the tumor."	"Source: Zevalin package insert."	"Question photos/Questions/Exam 3/IMG_1144.jpeg"	"Question photos/Answers/Exam 3/IMG_1223.jpeg"	""	""	""
"exam3-043"	"3"	"43"	"Instrumentation & QC"	"Generator / Eluate"	"concept"	"3"	"The size of a 99Mo/99mTc generator is expressed as the total activity of:"	"99mTc on the column"	"99Mo on the column"	"99mTc eluted from the column"	"decay-corrected 99mTc available at time of elution"	"decay-corrected 99Mo available at time of elution"	"1"	"99Mo on the column"	"The size of a 99Mo/99mTc generator is expressed as the total 99Mo activity on the column at the time of initial assay (calibration)."	"Source: Saha, 2004; pp. 71-72."	"Question photos/Questions/Exam 3/IMG_1144.jpeg"	"Question photos/Answers/Exam 3/IMG_1223.jpeg"	""	""	""
"exam3-044"	"3"	"44"	"Radiopharmaceuticals"	"Generator / Eluate"	"concept"	"4"	"If 1.2 Ci of 99mTc are eluted from a generator in a 5.7 ml volume, what is the concentration of the eluate?"	"210 mCi/mL"	"475 mCi/mL"	"32.4 MBq/mL"	"5.7 GBq/mL"	"7.5 GBq/mL"	"0"	"210 mCi/mL"	"Concentration is expressed as activity per unit volume. It is obtained by dividing the total volume into the total activity. In this case: 1.2 Ci = 0.210 Ci/mL 5.7 ml 0.210 Ci x 1000 mCi = 210 mCi 1 Ci"	"Source: Wells, 1999; p. 183."	"Question photos/Questions/Exam 3/IMG_1145.jpeg"	"Question photos/Answers/Exam 3/IMG_1223.jpeg"	""	""	""
"exam3-045"	"3"	"45"	"Radiopharmaceuticals"	"Generator / Eluate"	"protocol"	"5"	"If 633 mCi are expected to be eluted from a wet column generator, what volume evacuated vial should be used to obtain an eluate concentration of approximately 30 mCi/ml?"	"20 mL"	"10 mL"	"15 mL"	"5 mL"	"25 ml"	"0"	"20 mL"	"The amount of 99mTc activity eluted from the column will be the same whether 5 or 20 mL of saline are used for elution. For a wet-column generator, however, the eluate concentration is determined by the volume of saline drawn from the supply contained within the generator. The volume of saline is controlled by the volume of the evacuated vial used to remove the eluate. Lower-volume evacuated vials provide eluate with greater concentration, and higher-volume vials produce eluate with lower concentration. In this example, the eluate volume is unknown. Thus: total activity concentration = eluate volume total activity eluate volume = desired concentration = 21 mL A 21 ml. evacuated vial is not available, but the 20 mL vial will produce an eluate with a concentration of 31.6 mCi/mL. (approximately 30 mCi/mL): 20 mCi/ml. concentration = (32 mCi/ml. = 31.6 mCi/ml."	"Source: Chilton and Witcofski, 1986; p. 54."	"Question photos/Questions/Exam 3/IMG_1145.jpeg"	"Question photos/Answers/Exam 3/IMG_1223.jpeg"	""	""	""
"exam3-046"	"3"	"46"	"Radiopharmaceuticals"	"Radiopharmaceuticals"	"concept"	"1"	"The maximum allowable limit of Al3+ in 99mTc eluate is set by the:"	"Nuclear Regulatory Commission"	"Environmental Protection Agency"	"U.S. Pharmacopeia"	"U.S. Department of Transportation"	"U.S. Department of Energy"	"2"	"U.S. Pharmacopeia"	"The maximum allowable aluminum ion concentration is set by the U.S. Pharmacopeia. Aluminum is a nonradioactive chemical impurity."	"Source: Saha, 2004; p. 75."	"Question photos/Questions/Exam 3/IMG_1145.jpeg"	"Question photos/Answers/Exam 3/IMG_1223.jpeg"	""	""	""
"exam3-047"	"3"	"47"	"Radiation Safety"	"Radiation Safety"	"concept"	"2"	"If the following measurements were obtained from an assay of 99mTc eluate: 
99Mo, 8 uCi
99mTc, 652 mCi

then the 99Mo concentration in 1 mCi of 99mTc is:"	"81.5 uCi/mCi"	"8.0 uCi/mCi"	"0.000012 uCi/mCi"	"0.012 uCi/mCi"	"0.0012 uCi/mCi"	"3"	"0.012 uCi/mCi"	"99Mo concentration is expressed as the number of microcuries of 99Mo per millicurie of 99mTc. In this example, 8 uCi / 652 mCi = 0.012 uCi 99Mo/mCi 99mTc."	"Source: Wells, 1999; pp. 224-225."	"Question photos/Questions/Exam 3/IMG_1145.jpeg"	"Question photos/Answers/Exam 3/IMG_1223.jpeg"	""	""	""
"exam3-048"	"3"	"48"	"Radiopharmaceuticals"	"Lung Imaging"	"concept"	"3"	"Increased levels of Al3+ in 99mTc eluate used to prepare [99mTc] sulfur colloid may cause the tracer to concentrate in the:"	"liver"	"lungs"	"red blood cells"	"thyroid"	"brain"	"1"	"lungs"	"High levels of aluminum ions in 99mTc eluate cause the colloidal particles in [99mTc] sulfur colloid to clump together, forming particles large enough to be trapped in the blood vessels of the lung. Many sulfur colloid kits contain EDTA, an agent that binds the Al* ions and prevents the aggregation of the colloidal particles into larger ones."	"Source: Saha, 2004; pp. 75, 114."	"Question photos/Questions/Exam 3/IMG_1145.jpeg"	"Question photos/Answers/Exam 3/IMG_1223.jpeg"	""	""	""
"exam3-049"	"3"	"49"	"Radiopharmaceuticals"	"Bone Imaging"	"concept"	"4"	"Which of the following radiopharmaceuticals may be ordered to treat bone pain caused by bony metastases?"	"[131I] sodium iodide"	"[111In] oxine (WBC)"	"[32P] chromic phosphate"	"[153Sm] lexidronam (Quadramet)"	"[123I] sodium iodide"	"3"	"[153Sm] lexidronam (Quadramet)"	"Of the radiopharmaceuticals listed, [153Sm] lexidronam (Quadramet) is the agent used for treating bone pain. [131I] sodium iodide is used to treat hyperthyroidism or metastatic thyroid carcinoma. [111In] oxine (WBC) is used to label white blood cells for infection imaging. [32P] chromic phosphate is used to treat pleural or peritoneal effusions."	"Source: Waterstram-Rich and Gilmore, et al., 2017; pp. 98, 611-614."	"Question photos/Retake Photos/IMG_1319.jpeg"	"Question photos/Answers/Exam 3/IMG_1223.jpeg"	""	""	""
"exam3-050"	"3"	"50"	"Radiation Safety"	"Radiation Safety"	"concept"	"5"	"According to NRC regulations, reports of medical events sent to the NRC must include all of the following information except:"	"whether the patient or a relative was notified"	"a description of the incident"	"the patient's name"	"the referring physician's name"	"why the event occurred"	"2"	"the patient's name"	"U.S. Nuclear Regulatory Commission, 2003 (10 CFR 35.3045). = 210 mCi According to the NRC, reports of medical events made to the NRC should contain the following information: names of all individuals involved in the event except the patient, whether the patient or a relative was notified, a description of the incident and why it occurred, the effect on the patient, and remedial actions to prevent recurrence. The patient must not be identified to the NRC."	"Source photo: Answers/Exam 3/IMG_1223.jpeg."	"Question photos/Questions/Exam 3/IMG_1145.jpeg"	"Question photos/Answers/Exam 3/IMG_1223.jpeg"	""	""	""
"exam3-051"	"3"	"51"	"Radiopharmaceuticals"	"Radiopharmaceuticals"	"protocol"	"1"	"All of the following radiopharmaceuticals are prepared with reduced [99mTc] pertechnetate except:"	"[99mTc] medronate (MDP)"	"[99mTc] oxidronate (HDP)"	"[99mTc] macroaggregated albumin"	"[99mTc] lidofenin (HIDA)"	"[99mTc] sulfur colloid"	"4"	"[99mTc] sulfur colloid"	"Most 99mTc compounds are prepared with chemically reduced 99mTc, a more chemically active form of technetium. 99mTc labeling is accomplished in the presence of a stannous compound that acts as a reducing agent. The stannous ion reduces the valence state of technetium in the pertechnetate ion from +7 to +4 or another reduced valence state. The reduced 99mTc is capable of combining with compounds such as oxidronate (HDP), macroaggregated albumin, and lidofenin (HIDA). [99mTc] sulfur colloid incorporates 99mTc in the unreduced +7 valence state; therefore, a reducing agent is not required."	"Source: Saha, 2004; pp. 114-115."	"Question photos/Questions/Exam 3/IMG_1145.jpeg"	"Question photos/Answers/Exam 3/IMG_1223.jpeg"	""	""	""
"exam3-052"	"3"	"52"	"Radiopharmaceuticals"	"Radiopharmaceuticals"	"protocol"	"2"	"What is the approximate final concentration of the [99mTc] sulfur colloid if 125 mCi are prepared using the following reagents?"	"33.8 mCi/mL"	"15.8 mCi/mL"	"21.3 mCi/mL"	"14.9 mCi/mL"	"38.3 mCi/mL"	"3"	"14.9 mCi/mL"	"The concentration of the [99mTc] sulfur colloid is equal to the amount of radioactivity added to the kit divided by the total volume of all liquid reagents. The volume of 99mTc required is 125 mCi / 26.7 mCi/mL = 4.7 mL. Total kit volume = 4.7 mL + 0.5 mL + 1.1 mL + 2.1 mL = 8.4 mL. Final kit concentration = 125 mCi / 8.4 mL = 14.9 mCi/mL."	"Source: Wells, 1999; pp. 183, 192-193."	"Question photos/Questions/Exam 3/IMG_1145.jpeg"	"Question photos/Answers/Exam 3/IMG_1223.jpeg"	"assets/question-bank/retake/exam3-052/e3q52.jpg"	"Graphic for Exam 3, Question 52."	""
"exam3-053"	"3"	"53"	"Radiopharmaceuticals"	"MAA / Pulmonary Perfusion"	"protocol"	"3"	"On the basis of the USP criteria, which of the following statements about the particle size of MAA preparations is true?"	"No particles should exceed 90 um in diameter."	"All particles have the same diameter."	"Some particles may be smaller than 10 pm."	"Up to 10% of the particles may exceed 150 pm in diameter."	"Up to 25% of the particles may exceed 150 pm in diameter."	"2"	"Some particles may be smaller than 10 pm."	"U.S. Pharmacopeia, 1990. According to the USP, 90% of the particles in an MAA preparation should be 10-90 microns in size. No particles should be larger than 150 microns."	"Source photo: Answers/Exam 3/IMG_1224.jpeg."	"Question photos/Questions/Exam 3/IMG_1145.jpeg"	"Question photos/Answers/Exam 3/IMG_1224.jpeg"	""	""	""
"exam3-054"	"3"	"54"	"Radiation Safety"	"Radiation Safety"	"concept"	"4"	"An eluate of [99mTc] pertechnetate is assayed for 99Mo contamination immediately after elution. If the 99Mo breakthrough is determined to be 0.035 uCi 99Mo/mCi 99mTc and the shelf-life of the eluate is 12 hr, for how many hours after elution can the [99mTc] pertechnetate be administered to patients?"	"6 hr"	"8 hr"	"18 hr"	"12 hr"	"24 hr"	"3"	"12 hr"	"The user must ascertain that 99Mo contamination does not exceed the maximum acceptable limit within the 12-hr period that the eluate may be used. Decay-correcting the initial 99Mo concentration for 12 hr gives 99Mo = 0.035 uCi x 0.881 = 0.031 uCi and 99mTc = 1 mCi x 0.251 = 0.251 mCi. The 99Mo concentration 12 hr after elution is 0.031 uCi / 0.251 mCi = 0.123 uCi 99Mo/mCi 99mTc, which is below the 0.15 uCi 99Mo/mCi 99mTc limit. Therefore, the eluate may be used for 12 hr after elution."	"Source: U.S. Nuclear Regulatory Commission, 2003 (10 CFR 35.204)."	"Question photos/Questions/Exam 3/IMG_1146.jpeg"	"Question photos/Answers/Exam 3/IMG_1224.jpeg"	""	""	""
"exam3-055"	"3"	"55"	"Radiopharmaceuticals"	"Radiopharmaceuticals"	"image-interpretation"	"3"	"The radiochemical purity of a radiopharmaceutical is determined using a solvent/support media combination with these Rf values:
Radiopharmaceutical: 0
Radiochemical impurity: 1.0

After the radiochromatography strip is developed and cut in half, the solvent front half of the strip counted 15,345 cpm and the origin half of the strip counted 55,632 cpm. What is the radiochemical purity of the sample?"	"78.4%"	"27.6%"	"72.4%"	"21.6%"	"89.9%"	"0"	"78.4%"	"Based on the R, values, the radiopharmaceutical is present on the origin half of the strip, and the radiochemical impurity is present on the solvent front half of the strip. The radiochemical purity is: counts on origin half of strip total counts (counts on both strips) * 100 55,632 cpm - × 100 = 78.4% 55,632 cpm + 15,345 cpm"	"Source: Chilton and Witcofski, 1986; p. 77."	"Question photos/Questions/Exam 3/IMG_1146.jpeg"	"Question photos/Answers/Exam 3/IMG_1224.jpeg"	""	""	""
"exam3-056"	"3"	"56"	"Radiopharmaceuticals"	"Bone Imaging"	"protocol"	"1"	"On the basis of the radiopharmaceutical vial label information shown here, which of the preparations should the technologist administer on July 9 at 0800 to perform three-phase bone imaging?"	"Vial A: technetium-99m bicisate (ECD), 0600/July 8"	"Vial B: technetium-99m medronate (MDP), 0600/July 9"	"Vial C: technetium-99m pertechnetate, 0600/July 9"	"Vial D: technetium-99m oxidronate (HDP), 0700/July 9"	"Vial E: technetium-99m sulfur colloid"	"3"	"Vial D: technetium-99m oxidronate (HDP), 0700/July 9"	"Three-phase bone imaging is performed with a bone-seeking agent. According to the label on vial D, the vial contains a bone-imaging agent that has not expired. Vial B contains the previous day's bone agent that has expired. Vials C and E contain radiopharmaceuticals that are not appropriate for performing three-phase bone imaging."	"Source: Saha, 2004; p. 92."	"Question photos/Questions/Exam 3/IMG_1146.jpeg"	"Question photos/Answers/Exam 3/IMG_1224.jpeg"	"assets/question-bank/retake/exam3-056/e3q56.jpg"	"Graphic for Exam 3, Question 56."	""
"exam3-057"	"3"	"57"	"Patient Care"	"Patient Care"	"protocol"	"2"	"The standard adult dosage of [123I] sodium iodide is 400 uCi +/-10%. On the basis of the vial label information shown here:
Total activity: 1 mCi
Number of capsules: 10
Activity/capsule: 100uCi/capsule
Calibration: 1200, October 5.

How many [123I] sodium iodide capsules should be administered to the patient at 0800 on October 5?
"	"four"	"The capsules may not be administered until 1200."	"two"	"three"	"five"	"3"	"three"	"The elapsed time between calibration and capsule administration is 4 hr. In this example, the radiopharmaceutical is being used before calibration time. Therefore, the activity in a capsule at 0800 is unknown, and the known activity (calibration activity) is divided by the decay factor: A(0) x 0.810 = 100 uCi/capsule 100 uCi/capsule A(0) = — —= 123 uCi/capsule at 0800 0.810 Because the prescribed dose is 400 Ci 10% (or 360 - 440 uCi), the total activity in the number of capsules the patient receives must be within this range. Four capsules contain 492 uCi (4 capsules x 123 uCi/ capsule), an activity that exceeds the prescribed dose. Three capsules contain 369 jCi, an amount within the prescribed 360-440 uCi. Two capsules contain 246 uCi, an amount below what is prescribed."	"Source: Wells, 1999; pp. 216-217."	"Question photos/Questions/Exam 3/IMG_1146.jpeg"	"Question photos/Answers/Exam 3/IMG_1224.jpeg"	""	""	""
"exam3-058"	"3"	"58"	"Radiopharmaceuticals"	"Radiopharmaceuticals"	"concept"	"3"	"A technologist needs 185 MBq [131I] sodium iodide solution on November 3. The label on the radiopharmaceutical vial contains the following information: 
Total activity: 740 MBq
Total volume: 10 ml
Assay: 1200, October 28

What volume is required to obtain the necessary activity on November 3?"	"0.42 mL"	"4.2 mL"	"1.5 mL"	"4.6 mL"	"5.2 mL"	"1"	"4.2 mL"	"The elapsed time between calibration and dose calculation is 6 days (October 28-November 3; remember that October has 31 days). The concentration on October 28 is 74 MBq/mL (740 MBq/10 mL). Decay correct the initial concentration for 6 days using the appropriate decay factor for 131T: 74 MBq/mL x 0.597 = 44.2 MBq/mL Then, determine the required volume: 185 MBq volume = axtivity required •= 4.2 mL C(t) -= 44.2 MBq/ml."	"Source: Wells, 1999; pp. 172-173, 185-186."	"Question photos/Questions/Exam 3/IMG_1146.jpeg"	"Question photos/Answers/Exam 3/IMG_1224.jpeg"	""	""	""
"exam3-059"	"3"	"59"	"Clinical Procedures"	"Clinical Procedures"	"concept"	"4"	"In labeling red blood cells with [51Cr]sodium chromate, which of the following reagents is used to prevent the blood sample from coagulating?"	"heparin"	"EDTA"	"ACD solution"	"sodium fluoride"	"sodium chloride"	"2"	"ACD solution"	"ACD solution, EDTA, heparin, and sodium fluoride all may be used as anticoagulants. However, for labeling red blood cells with 51Cr, ACD (acid citrate dextrose) solution is the anticoagulant of choice."	"Source: Early and Sodee, 1995; p. 726."	"Question photos/Questions/Exam 3/IMG_1146.jpeg"	"Question photos/Answers/Exam 3/IMG_1224.jpeg"	""	""	""
"exam3-060"	"3"	"60"	"Radiopharmaceuticals"	"Radiopharmaceuticals"	"concept"	"5"	"Which of the following medications has been shown to interfere with in vivo 99mTc labeling of red blood cells?"	"doxorubicin"	"heparin"	"penicillin"	"adenosine"	"dobutamine"	"1"	"heparin"	"Certain drugs interfere with 99mTc red blood cell labeling because they inhibit the transport of the stannous ion through the red cell membrane and, hence, entry of [99mTc] pertechnetate into the red cell."	"Source: Saha, 2004; pp. 116-118."	"Question photos/Questions/Exam 3/IMG_1146.jpeg"	"Question photos/Answers/Exam 3/IMG_1224.jpeg"	""	""	""
"exam3-061"	"3"	"61"	"Instrumentation & QC"	"Dose Calibrator QC"	"protocol"	"1"	"[99mTc] pentetate (DTPA) was prepared using the following reagents: 0600/July 8 1800/July 9 0600/July 9 Pentetate (DTPA) kit 1400/July 9 0600/uly 9 1-8 mL [99mTc] pertechnetate Reconstituting volume: 0600/July 9 1400/July 9 3-160 mCi Activity range:"	"[99mTc] pertechnetate 100 mCi"	"25.0 mCi/mL 160 mCi"	"Concentration: 5.0 mL 125 mCi"	"Total volume: Which of the following dose calibrator readings would verify that the maximum activity of [99mTc] pentetate (DTPA) was prepared from the reagents available? 200 mCi"	"300 mCi"	"2"	"Concentration: 5.0 mL 125 mCi"	"The maximum activity that can be made from one pentetate (DTPA) kit is - × 100 = 78.4% 160 mCi. However, based on the amount of [99mTc] pertechnetate available, only 125 mCi (25.0 mCi/mL. x 5.0 mL) can be prepared; 5.0 ml. is also within the reconstituting volume limits (1-8ml) of the kit."	"Source: Wells, 1999; p. 189."	"Question photos/Questions/Exam 3/IMG_1146.jpeg"	"Question photos/Answers/Exam 3/IMG_1224.jpeg"	"assets/question-bank/retake/exam3-061/e3q61.jpg"	"Graphic for Exam 3, Question 61."	""
"exam3-062"	"3"	"62"	"Radiation Safety"	"Radiation Safety"	"concept"	"2"	"In the radiopharmacy laboratory, good radiation protection technique includes which of the following practices?"	"wearing disposable gloves when withdrawing unit doses"	"manipulating needles, syringes, and vials containing radioactivity at arm's length"	"using syringe shields when preparing unit doses"	"wearing disposable gloves when giving injections"	"using a butterfly setup when giving injections"	"2"	"using syringe shields when preparing unit doses"	"Disposable gloves serve as a barrier against skin contamination when handling radioactive materials. Syringe shields absorb photon emissions that can dramatically increase radiation exposure to hands and fingers. Keeping radioactive materials at arm's length increases distance between the source and the eyes and torso, thereby decreasing radiation exposure to these areas."	"Source: Waterstram-Rich and Gilmore, et al., 2017; pp. 119-120."	"Question photos/Questions/Exam 3/IMG_1147.jpeg"	"Question photos/Answers/Exam 3/IMG_1226.jpeg"	""	""	""
"exam3-063"	"3"	"63"	"Radiopharmaceuticals"	"Radiopharmaceuticals"	"protocol"	"3"	"If [99mTc] exametazime (HMPAO) is prepared at 0900 to label white blood cells, it should be used no later than what time?"	"1300"	"1100"	"0900"	"1500"	"1700"	"2"	"0900"	"Ceretec® package insert. When [99mTc] exametazime (HMPAO) is used to label white blood cells, methylene blue stabilizer is omitted from its preparation. For this reason, the preparation should be used within 30 min."	"Source photo: Answers/Exam 3/IMG_1226.jpeg."	"Question photos/Questions/Exam 3/IMG_1147.jpeg"	"Question photos/Answers/Exam 3/IMG_1226.jpeg"	""	""	""
"exam3-064"	"3"	"64"	"Image Production"	"SPECT"	"protocol"	"4"	"Upon visual inspection, a vial of [99mTc] medronate (MDP) appears to be white and slightly turbid. Which of the following actions should the technologist perform next?"	"Prepare unit doses from the vial."	"Adjust the pH of the preparation."	"Add a diluent to the vial"	"Filter the preparation with a membrane filter."	"Prepare another vial of [99mTc] medronate (MDP)."	"4"	"Prepare another vial of [99mTc] medronate (MDP)."	"[99mTc] medronate (MDP), a bone agent, should be a clear, colorless solution. Therefore, the technologist should not use the original vial because of its abnormal appearance."	"Source: Saha, 2004; pp. 151-152."	"Question photos/Questions/Exam 3/IMG_1147.jpeg"	"Question photos/Answers/Exam 3/IMG_1226.jpeg"	""	""	""
"exam3-065"	"3"	"65"	"Radiopharmaceuticals"	"Radiopharmaceuticals"	"image-interpretation"	"4"	"On the basis of these chromatography results, what is the percentage radiochemical impurity of the [99mTc] pentetate (DTPA) preparation? System 1: origin 3 uCi hydrolyzed-reduced 99mTc; solvent front 177 uCi [99mTc] pentetate (DTPA) plus [99mTc] pertechnetate. System 2: origin 275 uCi [99mTc] pentetate (DTPA) plus hydrolyzed-reduced 99mTc; solvent front 15 uCi [99mTc] pertechnetate."	"74.6%"	"93.1%"	"94.8%"	"98.3%"	"6.9%"	"4"	"6.9%"	"The hydrolyzed-reduced 99mTc impurity is separated using system 1, and the free pertechnetate impurity is separated using system 2. The hydrolyzed-reduced impurity is 3 uCi / (3 uCi + 177 uCi) x 100 = 1.7%. The free pertechnetate impurity is 15 uCi / (15 uCi + 275 uCi) x 100 = 5.2%. Total radiochemical impurity is 1.7% + 5.2% = 6.9%."	"Source: Wells, 1999; pp. 230-231, and Saha, 2004; pp. 153-161."	"Question photos/Retake Photos/IMG_1320.jpeg"	"Question photos/Answers/Exam 3/IMG_1226.jpeg"	"assets/question-bank/retake/exam3-065/e3q65.jpg"	"Graphic for Exam 3, Question 65."	""
"exam3-066"	"3"	"66"	"Instrumentation & QC"	"Instrumentation & QC"	"concept"	"1"	"Which of the following is considered a Quality Control daily test for a CT scanner?"	"linearity of CT numbers"	"low- and high-contrast resolution"	"image slice thickness"	"CT number accuracy"	"spatial resolution"	"3"	"CT number accuracy"	"Daily QC tests include warm-up of the x-ray tube, verification of tube output and detector response at various kVp and mA settings, and evaluation of tomographic uniformity, CT number accuracy, and image noise at clinical scanning parameters."	"Source: Prekeges, 2013; p. 264."	"Question photos/Questions/Exam 3/IMG_1147.jpeg"	"Question photos/Answers/Exam 3/IMG_1226.jpeg"	""	""	""
"exam3-067"	"3"	"67"	"Instrumentation & QC"	"Instrumentation & QC"	"concept"	"2"	"Of the following needles, which size is the most likely to cause coring of the rubber closure of a medication vial?"	"Length 16 ¾ in"	"Gauge 25 1 in"	"1.5 in 22"	"⅜ in 1.0 in"	"10"	"2"	"1.5 in 22"	"American Pharmaceutical Association, 1999; p. 145. Larger-gauge needles are more likely to damage the rubber closure, especially after multiple withdrawals, causing pieces to fall into the solution in the vial. This is referred to as ""coring."" Needle gauges of 20-27 are less likely to cause coring with repeated withdrawals."	"Source photo: Answers/Exam 3/IMG_1226.jpeg."	"Question photos/Questions/Exam 3/IMG_1147.jpeg"	"Question photos/Answers/Exam 3/IMG_1226.jpeg"	"assets/question-bank/retake/exam3-067/e3q67.jpg"	"Graphic for Exam 3, Question 67."	""
"exam3-068"	"3"	"68"	"Radiation Safety"	"Radiation Safety"	"protocol"	"3"	"According to NRC regulations, which of the following signs should be posted on the door of a radiopharmacy laboratory in which radiation levels have been measured to be 7.5 mR/hr?"	"""Caution: Radiation Area"""	"""Caution: Radioactive Materials"""	"No posting is required."	"""Caution: High Radiation Area"""	"""Caution: Very High Radiation Area"""	"0"	"""Caution: Radiation Area"""	"U.S. Nuclear Regulatory Commission, 2003 (10 CFR 20.1003 and 20.1902). The NRC requires that restricted areas, such as a radiopharmacy lab, be posted with specifically worded signs depending on the radiation level present. A ""Caution: Radiation Area"" sign should be posted when an individual could receive more than 5 mRem in an hour."	"Source photo: Answers/Exam 3/IMG_1226.jpeg."	"Question photos/Questions/Exam 3/IMG_1147.jpeg"	"Question photos/Answers/Exam 3/IMG_1226.jpeg"	""	""	""
"exam3-069"	"3"	"69"	"Clinical Procedures"	"Clinical Procedures"	"concept"	"4"	"To determine the transportation index for a package containing radioactive material, the package must be monitored at:"	"the surface of the package"	"6 in from the surface"	"1 m from the surface"	"2 m from the surface"	"3 m from the surface"	"2"	"1 m from the surface"	"U.S. Nuclear Regulatory Commission, 2003 (49 CFR 172.403 and 172.436-440). The U.S. Department of Transportation defines the transportation index of a package containing radioactive materials to be the dose rate measured at 1 meter from the surface of the package."	"Source photo: Answers/Exam 3/IMG_1226.jpeg."	"Question photos/Questions/Exam 3/IMG_1147.jpeg"	"Question photos/Answers/Exam 3/IMG_1226.jpeg"	""	""	""
"exam3-070"	"3"	"70"	"Radiation Safety"	"Radiation Safety"	"concept"	"5"	"To comply with NRC regulations, personnel radiation exposure records must be maintained:"	"for 3 years"	"indefinitely"	"for 5 years"	"for 6 years"	"for 7 years"	"1"	"indefinitely"	"U.S. Nuclear Regulatory Commission, 2003 (10 CFR 20.2103). According to the NRC, personnel radiation exposure records must be retained indefinitely."	"Source photo: Answers/Exam 3/IMG_1226.jpeg."	"Question photos/Questions/Exam 3/IMG_1147.jpeg"	"Question photos/Answers/Exam 3/IMG_1226.jpeg"	""	""	""
"exam3-071"	"3"	"71"	"Radiation Safety"	"Radiation Safety"	"concept"	"1"	"If a point source produces an exposure rate of 50 mR/hr at a distance of 1 foot, at what distance from the source will the exposure rate be reduced to 2 mR/hr?"	"5.5 ft"	"5 ft"	"10 ft"	"25 ft"	"50 ft"	"1"	"5 ft"	"Use the inverse square law: (1) (D1)' = (1) (D2)2 where / is the intensity at original distance (D1) and I, is the intensity at new distance (D2). In this example: (50 mR/hr) (1ft)' = (2 mR/hr) (D,)2 Isolate the unknown and solve: (D1)2 = (50 mR/r) (1 ft)3 2 mR/hr (D2) ' = 25 fi? Take the square root of each side: D2 = 5 ft"	"Source: Wells, 1999, pp. 101-102."	"Question photos/Questions/Exam 3/IMG_1147.jpeg"	"Question photos/Answers/Exam 3/IMG_1226.jpeg"	""	""	""
"exam3-072"	"3"	"72"	"Radiation Safety"	"Radiation Safety"	"image-interpretation"	"5"	"An occupationally exposed worker who is required to wear a personal radiation monitor must wear it at work except when:"	"leaving the nuclear medicine department"	"radiation exposure results from patients who had radioactive materials administered at another facility"	"badge readings are likely to exceed allowable limits"	"personally undergoing a radiographic or nuclear medicine procedure"	"calibrating equipment"	"3"	"personally undergoing a radiographic or nuclear medicine procedure"	"An occupationally exposed worker should not wear a personal monitor when undergoing medical procedures that involve radiation. The monitor reading must reflect only the occupational exposure. The monitor should be worn anywhere in the workplace where the technologist may be exposed to radiation, whether within the nuclear medicine department or in other departments or patient rooms. Since monitors are worn to determine whether the worker is being exposed to acceptable levels, removal of the monitor to prevent excessive readings is self-defeating."	"Source: Saha, 2004; p. 221."	"Question photos/Questions/Exam 3/IMG_1148.jpeg"	"Question photos/Answers/Exam 3/IMG_1226.jpeg"	""	""	""
"exam3-073"	"3"	"73"	"Radiation Safety"	"Thyroid Imaging"	"concept"	"3"	"According to the NRC, a written directive for the administration of 15 mCi of [131I] sodium iodide must include the following information:"	"patient's thyroid uptake value"	"dosage"	"patient's birth date"	"lot number of the radiopharmaceutical"	"patient's name"	"1"	"dosage"	"U.S. Nuclear Regulatory Commission, 2003 (10 CFR 35.40). A written directive for administration of [131I] sodium iodide in dosages greater than 30 mCi (1.11 MBq) must include the patient's name and the dosage to be administered. It must be dated and signed by the authorized user before the dosage is administered."	"Source photo: Answers/Exam 3/IMG_1226.jpeg."	"Question photos/Questions/Exam 3/IMG_1148.jpeg"	"Question photos/Answers/Exam 3/IMG_1226.jpeg"	""	""	""
"exam3-074"	"3"	"74"	"Radiation Safety"	"Radiation Safety"	"concept"	"4"	"According to the NRC, the annual radiation exposure to members of the general public must be limited to no more than:"	"500 mRem"	"2 mRem"	"50 mRem"	"100 mRem"	"1 mRem"	"3"	"100 mRem"	"U.S. Nuclear Regulatory Commission, 2003 (10 CFR 20.1301), and Siegel, 2004; pp. 36-39. According to NRC regulations, the annual radiation exposure to members of the general public is limited to 100 mRem."	"Source photo: Answers/Exam 3/IMG_1227.jpeg."	"Question photos/Retake Photos/IMG_1321.jpeg"	"Question photos/Answers/Exam 3/IMG_1227.jpeg"	""	""	""
"exam3-075"	"3"	"75"	"Radiation Safety"	"Radiation Safety"	"concept"	"5"	"Which of the following materials is the best choice for shielding 32p?"	"lead"	"aluminum"	"plastic"	"No shielding is required for 32p."	"tungsten"	"2"	"plastic"	"34p is a pure beta-emitting radionuclide. When it is placed in shielding material of a higher atomic number (Z), such as lead or aluminum, bremsstrahlung radiation is produced. This type of x-radiation results from the deceleration of beta particles as they approach the positively charged nuclei of the shielding material. As the beta particles slow down, they lose energy that is emitted as an x-ray. Shielding materials of lower atomic number, such as plastic, minimize the production of bremsstrahlung radiation."	"Source: Christian, et al., 2016; pp. 231, 239."	"Question photos/Questions/Exam 3/IMG_1148.jpeg"	"Question photos/Answers/Exam 3/IMG_1227.jpeg"	""	""	""
"exam3-076"	"3"	"76"	"Radiation Safety"	"Radiation Safety"	"protocol"	"1"	"A technologist is measuring room background with an end-window G-M survey meter. The meter shows the following reading: 1.0 0.5 mR/hr ThKno BATT OFF What should the technologist do next?"	"Adjust the scale of the meter."	"Record the meter reading as the room background."	"Choose another area of the room to measure background."	"Recalibrate the survey meter."	"Check the probe for contamination."	"0"	"Adjust the scale of the meter."	"Before any measurements are taken with a survey meter, the meter should be set on the lowest scale. If the needle of the meter reaches the endpoint at the higher end of the scale, the scale should be adjusted upward until the needle registers a value between zero and the high endpoint of the scale."	"Source: Thompson, et al., 1994; pp. 32-33."	"Question photos/Questions/Exam 3/IMG_1148.jpeg"	"Question photos/Answers/Exam 3/IMG_1227.jpeg"	"assets/question-bank/retake/exam3-076/e3q76.jpg"	"Graphic for Exam 3, Question 76."	""
"exam3-077"	"3"	"77"	"Radiation Safety"	"Dose Calibrator QC"	"protocol"	"2"	"During a routine room survey for radioactive contamination, a technologist identifies an area on the floor that exceeds the trigger level. Which of the following should the technologist do next?"	"Determine the identity of the radionuclide present in the contaminated area."	"Ascertain the source of the contamination."	"Perform a dose calibrator background determination."	"Cover the area until it has decayed to background level."	"Perform a wipe test to determine if the contamination is removable."	"4"	"Perform a wipe test to determine if the contamination is removable."	"The trigger level is the exposure rate at which decontamination is performed. This level is set by each licensee with the assistance of the radiation safety officer. A wipe test will determine whether the contamination is removable. If the contamination is removable, decontamination of the site should be carried out until the exposure rate is below the trigger level."	"Source: Early and Sodee, 1995; p. 329."	"Question photos/Questions/Exam 3/IMG_1148.jpeg"	"Question photos/Answers/Exam 3/IMG_1227.jpeg"	""	""	""
"exam3-078"	"3"	"78"	"Radiation Safety"	"Radiation Safety"	"protocol"	"3"	"In the case of a radioactive spill that involves contamination and life-threatening injuries to personnel, which of the following actions should be given priority?"	"decontamination of the victim"	"medical treatment of the seriously injured"	"confinement of the radioactive spill"	"notification of the radiation safety officer"	"establishment of hot and cold zones"	"1"	"medical treatment of the seriously injured"	"Medical treatment for life-threatening conditions always takes precedence over any other activity. To prevent the spread of contamination, the victim can be wrapped in a sheet for transport to the treatment area."	"Source: Steves, 1999; p. 270."	"Question photos/Questions/Exam 3/IMG_1148.jpeg"	"Question photos/Answers/Exam 3/IMG_1227.jpeg"	""	""	""
"exam3-079"	"3"	"79"	"Radiation Safety"	"Radiation Safety"	"protocol"	"4"	"Nurses caring for 1131I therapy patients who require isolation should be advised that the major sources of contamination include the patient's:"	"feces, urine, and blood"	"urine, saliva, and perspiration"	"blood and urine"	"sputum and blood"	"feces and blood"	"1"	"urine, saliva, and perspiration"	"For up to about 1 week after administration of [131I] sodium iodide, iodine that is not bound to thyroid hormone is found in the urine, perspiration, sputum, and saliva. These body fluids are the major sources of contamination from an 131I therapy patient."	"Source: Steves, 1999; pp. 276-280."	"Question photos/Questions/Exam 3/IMG_1148.jpeg"	"Question photos/Answers/Exam 3/IMG_1227.jpeg"	""	""	""
"exam3-080"	"3"	"80"	"Radiation Safety"	"Radiation Safety"	"concept"	"5"	"According to NRC regulations, a technologist cannot use a diagnostic dosage that exceeds 20% of the dosage prescribed by the authorized user unless:"	"There is no other radiopharmaceutical available."	"The patient weighs more than 20% over the standard reference weight."	"The authorized user approves the individual dosage."	"The patient's physician approves the individual dosage."	"The radiologist or nuclear medicine physician approves the individual dosage."	"2"	"The authorized user approves the individual dosage."	"U.S. Nuclear Regulatory Commission, 2003 (10 CFR 35.63); Siegel, 2004; pp. 50-51. According to NRC regulations, a dosage cannot be administered if the activity falls outside the range established by the authorized user or differs from the prescribed dosage by 20% or more, unless the authorized user directs the dosage to be administered."	"Source photo: Answers/Exam 3/IMG_1227.jpeg."	"Question photos/Questions/Exam 3/IMG_1148.jpeg"	"Question photos/Answers/Exam 3/IMG_1227.jpeg"	""	""	""
"exam3-081"	"3"	"81"	"Clinical Procedures"	"Thyroid Imaging"	"protocol"	"1"	"If a woman who is breast-feeding needs 131I therapy for treatment of thyroid cancer, how long must she suspend breast-feeding?"	"48 hr"	"1 week"	"She may not resume it with this child."	"Suspension of breast-feeding is not necessary in this case."	"72 hr"	"2"	"She may not resume it with this child."	"U.S. Nuclear Regulatory Commission, 1998 (NUREG 1556, Vol. 9, Appendix U, Table U.3. According to the NRC, a woman who is breast-feeding should completely cease breast-feeding after she has received [131I] sodium iodide."	"Source photo: Answers/Exam 3/IMG_1227.jpeg."	"Question photos/Questions/Exam 3/IMG_1148.jpeg"	"Question photos/Answers/Exam 3/IMG_1227.jpeg"	""	""	""
"exam3-082"	"3"	"82"	"Radiation Safety"	"Radiation Safety"	"concept"	"2"	"According to the NRC, wipe-test results must be reported as:"	"cpm"	"mR/hr"	"dpm"	"mRem/hr"	"mCi/mL"	"2"	"dpm"	"U.S. Nuclear Regulatory Commission, 1998 (NUREG 1556). According to the NRC, wipe test results must be reported in dpm."	"Source photo: Answers/Exam 3/IMG_1227.jpeg."	"Question photos/Questions/Exam 3/IMG_1149.jpeg"	"Question photos/Answers/Exam 3/IMG_1227.jpeg"	""	""	""
"exam3-083"	"3"	"83"	"Radiation Safety"	"Radiation Safety"	"concept"	"3"	"15 mRem is equivalent to how many mSv?"	"0.15"	"0.015"	"0.0015"	"1.5"	"15"	"0"	"0.15"	"1 mRem = 0.01 mSv, therefore 15 x 0.01 mSv = 0.15 mRem y Sheling maralo"	"Source: Wells, 1999; p. 37."	"Question photos/Questions/Exam 3/IMG_1149.jpeg"	"Question photos/Answers/Exam 3/IMG_1227.jpeg"	""	""	""
"exam3-084"	"3"	"84"	"Radiation Safety"	"Radiation Safety"	"concept"	"4"	"A package containing radiopharmaceuticals is delivered before the nuclear medicine department opens. According to the NRC, the package must be checked in and monitored:"	"as soon as the department opens"	"within 3 hr after the department opens"	"within 6 hr after the department opens"	"within 24 hr of the time of delivery"	"within 48 hr of the time of delivery"	"1"	"within 3 hr after the department opens"	"U.S. Nuclear Regulatory Commission, 2003 (10 CFR 20.1906). NRC regulations state that packages containing radioactive material must be monitored no later than 3 hr after delivery during regular working hours or within 3 hr of opening the department for the workday if the package was delivered after hours."	"Source photo: Answers/Exam 3/IMG_1227.jpeg."	"Question photos/Questions/Exam 3/IMG_1149.jpeg"	"Question photos/Answers/Exam 3/IMG_1227.jpeg"	""	""	""
"exam3-085"	"3"	"85"	"Radiation Safety"	"Radiation Safety"	"concept"	"5"	"On the basis of this data:
Wipe test count: 375 cpm
Background count: 120 cpm

and a well counter efficiency of 45%, the results of the wipe test in dpm are:"	" 49 dpm"	" 115 dpm"	"255 dpm"	"423 dpm"	"567 dpm"	"4"	"567 dpm"	"To determine wipe test readings in dpm: dpm = gross cpm - background cpm efficiency as a decimal In this example: 0.45 375 cpm - 120 cpm = 567 dpm"	"Source: Wells, 1999; p. 93."	"Question photos/Questions/Exam 3/IMG_1149.jpeg"	"Question photos/Answers/Exam 3/IMG_1227.jpeg"	""	""	""
"exam3-086"	"3"	"86"	"Instrumentation & QC"	"Dose Calibrator QC"	"calculation"	"4"	"On the basis of this graph:"	"Log The instrument consistently gives higher readings than expected."	"Activity Lower activities are measured as accurately as higher activities. The instrument is operating linearly over the range of activities measured."	"(mCi)"	"Calculated The instrument should be used to measure only millicurie amounts of radioactivity."	"activity Time (hrs) the dose calibrator linearity test results demonstrate that: The instrument consistently gives lower readings than expected."	"0"	"Log The instrument consistently gives higher readings than expected."	"The results of this linearity test demonstrate that the measured readings are always higher than the calculated activity (the measured readings line is above the calculated activities line). The difference between measured and calculated activities increases in the lower range of activities. To determine if the instrument is operating within limits according to the standard of practice, the technologist next should determine whether the measured values are within +10% of the calculated values."	"Source: Saha, 2004; pp. 70-71."	"Question photos/Questions/Exam 3/IMG_1149.jpeg"	"Question photos/Answers/Exam 3/IMG_1227.jpeg"	"assets/question-bank/retake/exam3-086/e3q86.jpg"	"Graphic for Exam 3, Question 86."	""
"exam3-087"	"3"	"87"	"Image Production"	"SPECT"	"concept"	"2"	"The calibration of a scintillation spectrometer yielded the following data:"	"Net com 615"	"Voltage 625"	"8,010"	"8,830"	"9,543 10,998 11,523 11,175 10,789 10,111 9,514 8,912 8,246 What is the operating voltage of this instrument? 635"	"2"	"8,010"	"Calibrating a scintillation spectrometer involves the determination of the operating voltage applied to the dynodes of the photomultiplier tube. A reference standard, such as 137Cs, is counted at various voltage settings, and the counts are recorded. The voltage at which the maximum number of counts is obtained is the operating voltage for the instrument. Calibration results are valid only for the gain setting used during the determination of the operating voltage."	"Source: Early and Sodee, 1995; pp. 158-162."	"Question photos/Questions/Exam 3/IMG_1149.jpeg"	"Question photos/Answers/Exam 3/IMG_1227.jpeg"	"assets/question-bank/retake/exam3-087/e3q87.jpg"	"Graphic for Exam 3, Question 87."	""
"exam3-088"	"3"	"88"	"Instrumentation & QC"	"SPECT"	"protocol"	"3"	"An energy resolution test is performed on a scintillation spectrometer using 137Cs. If the full width at half maximum (FWHM) is determined to be 53 keV and the photopeak energy is 662 keV, what is the percentage energy resolution of the instrument?"	"0.08%"	"12.5%"	"1.3%"	"8%"	"25%"	"3"	"8%"	"The percent energy resolution is calculated using the following formula: FWHM in keV % energy resolution = energy of radionuclide in keV In this example: 53 keV - x 100 = 8.0% 662 keV"	"Source: Wells, 1999; pp. 129-130."	"Question photos/Questions/Exam 3/IMG_1149.jpeg"	"Question photos/Answers/Exam 3/IMG_1228.jpeg"	""	""	""
"exam3-089"	"3"	"89"	"Instrumentation & QC"	"Dose Calibrator QC"	"protocol"	"4"	"If a dose calibrator linearity test begins by assaying 50 mCi of [99mTc] pertechnetate, for how long should the test be carried out?"	"24 hr"	"48 hr"	"72 hr"	"66 hr"	"96 hr"	"3"	"66 hr"	"The standard of practice calls for a dose calibrator linearity test to be carried out until the original activity is decayed to 30 uCi or less. If the test begins with 50 mCi, it will take 11 half-lives or 66 hr for the original activity to decay to 30 uCi."	"Source: Saha, 2004; pp. 70-71."	"Question photos/Questions/Exam 3/IMG_1149.jpeg"	"Question photos/Answers/Exam 3/IMG_1228.jpeg"	""	""	""
"exam3-090"	"3"	"90"	"Instrumentation & QC"	"Instrumentation & QC"	"concept"	"5"	"If a PLES transmission phantom is used, how many images must be acquired to assess linearity over the entire field of view of a scintillation camera?"	"1"	"3"	"2"	"5"	"4"	"2"	"2"	"A PLES phantom contains lead bars that have the same width and spacing. Two images taken 90° to one another can be used to assess linearity over the entire field of view."	"Source: Bernier, et al., 1994; pp. 86-87."	"Question photos/Retake Photos/IMG_1322.jpeg"	"Question photos/Answers/Exam 3/IMG_1228.jpeg"	""	""	""
"exam3-091"	"3"	"91"	"Radiation Safety"	"Dose Calibrator QC"	"concept"	"1"	"According to the NRC, all dose calibrator quality control results must be retained for:"	"1 year"	"5 years"	"the life of the instrument"	"as long as the facility's license is in effect"	"3 years"	"4"	"3 years"	"U.S. Nuclear Regulatory Commission, 2003 (10 CFR 35.2060), and Siegel, 2004; pp. 55-56. All dose calibrator quality control records must be retained for 3 years."	"Source photo: Answers/Exam 3/IMG_1228.jpeg."	"Question photos/Questions/Exam 3/IMG_1150.jpeg"	"Question photos/Answers/Exam 3/IMG_1228.jpeg"	""	""	""
"exam3-092"	"3"	"92"	"Image Production"	"Image Production"	"image-interpretation"	"4"	"What is the effect of changing the order of a Butterworth filter from 3 to 5?"	"The image will be smoother."	"The star artifact will be eliminated."	"The image will appear unchanged."	"The image will be sharper."	"The image will be enlarged."	"3"	"The image will be sharper."	"Powsner and Powsner, 1998; pp. 129-130. As the order of a Butterworth filter is increased, more high frequencies are retained in the image. High frequencies add sharpness to the image, so the overall image will be sharper. However, much of the data in the high-frequency range result from noise, so retaining the high frequencies may produce a sharper image that is also less representative of the true distribution of activity. Changing the order of a filter results in more-subtle changes in the image than adjusting the cutoff frequency."	"Source photo: Answers/Exam 3/IMG_1228.jpeg."	"Question photos/Questions/Exam 3/IMG_1150.jpeg"	"Question photos/Answers/Exam 3/IMG_1228.jpeg"	""	""	""
"exam3-093"	"3"	"93"	"Image Production"	"Image Production"	"calculation"	"5"	"A 256 x 256 matrix requires how much more computer memory than a 64 x 64 matrix?"	"2 times more"	"16 times more"	"8 times more"	"4 times more"	"32 times more"	"1"	"16 times more"	"A 64 x 64 matrix is made up of 4,096 pixels. A 256 x 256 matrix is made up of 65,536 pixels. To store data in computer memory, a storage location is needed for each pixel. Because the 256 x 256 matrix has 16 times more pixels than the 64 x 64 matrix, it will require 16 times more storage locations in computer memory."	"Source: Wells, 1999; pp. 154, 156-157."	"Question photos/Questions/Exam 3/IMG_1150.jpeg"	"Question photos/Answers/Exam 3/IMG_1228.jpeg"	""	""	""
"exam3-094"	"3"	"94"	"Instrumentation & QC"	"Instrumentation & QC"	"concept"	"4"	"Which of the following statements about an image acquired with zoom is true?"	"Image resolution is increased."	"Background counts are increased."	"More memory is required"	"Contrast is decreased."	"Specificity is increased."	"0"	"Image resolution is increased."	"When zoom mode is engaged before acquisition, the image is magnified because a small region of interest is represented by a large number of pixels. This increases resolution. Background is actually decreased. Contrast will be determined by the total counts acquired. The amount of memory required remains the same because the same number of smaller anatomical area. pixels (same matrix size) is being used. They are simply covering a"	"Source: Lee, 2005; pp. 91-92, 151."	"Question photos/Questions/Exam 3/IMG_1150.jpeg"	"Question photos/Answers/Exam 3/IMG_1228.jpeg"	""	""	""
"exam3-095"	"3"	"95"	"Image Production"	"Bone Imaging"	"calculation"	"4"	"If a [99mTc] medronate (MDP) bone image and 111In-tagged white blood cell image are acquired simultaneously with a 128 x 128-word mode matrix, how much computer memory is required to store the images?"	"32 kB"	"16 kB"	"256 kB"	"128 kB"	"64 kB"	"4"	"64 kB"	"Each image has to be stored in a separate matrix. Therefore, a set of storage locations in computer memory is needed for each. One 128 x FWHM in keV x 100 128 word mode matrix contains 16,384 words or, because there are two bytes per word, 32,768 bytes. Two such matrices require 65,536 bytes. A kilobyte (kB) contains 1,024 bytes. To convert bytes to kB: 1 kB = 64 kB 65,536 bytes x 1024 wytes"	"Source: Lee, 2005; pp. 8-10, 93-95."	"Question photos/Questions/Exam 3/IMG_1150.jpeg"	"Question photos/Answers/Exam 3/IMG_1228.jpeg"	""	""	""
"exam3-096"	"3"	"96"	"Clinical Procedures"	"Clinical Procedures"	"concept"	"1"	"An uptake probe would be used for which of the following studies?"	"splenic sequestration"	"red cell mass"	"red cell survival"	"plasma volume test"	"Liver sequestration"	"0"	"splenic sequestration"	"A splenic sequestration study requires external counting over the spleen, liver, and precordium. Using the uptake probe with a flat-field collimator minimizes counts from surrounding tissue and background."	"Source: Christian, et al., 2004; p. 528."	"Question photos/Questions/Exam 3/IMG_1150.jpeg"	"Question photos/Answers/Exam 3/IMG_1228.jpeg"	""	""	""
"exam3-097"	"3"	"97"	"Image Production"	"Cardiac Imaging"	"calculation"	"3"	"How much memory will be needed for a gated-equilibrium cardiac function examination that is acquired in 30 frames with a 128 x 128- byte mode matrix?"	"3,840 bytes"	"16,384 bytes"	"491,520 bytes"	"546 bytes"	"256 bytes"	"2"	"491,520 bytes"	"The total memory required equals matrix height in pixels x matrix width in pixels x number of frames. In this example, 128 x 128 × 30 = 491,520 bytes. The number of pixels in the acquisition matrix corresponds to the number of memory locations or bytes needed for one frame of data."	"Source: Wells, 1999; p. 156."	"Question photos/Questions/Exam 3/IMG_1150.jpeg"	"Question photos/Answers/Exam 3/IMG_1228.jpeg"	""	""	""
"exam3-098"	"3"	"98"	"Clinical Procedures"	"Clinical Procedures"	"concept"	"3"	"What energies will be accepted by a 15% window placed around a centerline of 159 keV?"	"135-183 keV"	"144-174 keV"	"151-167 keV"	"147-171 keV"	"159-189 keV"	"3"	"147-171 keV"	"Half of the percentage of the window is above and half is below the centerline. The window is expressed as a percentage of the energy of the radionuclide. In this case, the window would be 159 keV 12 keV because 7.5% of 159 keV equals 12 keV."	"Source: Wells, 1999; p. 140."	"Question photos/Questions/Exam 3/IMG_1150.jpeg"	"Question photos/Answers/Exam 3/IMG_1228.jpeg"	""	""	""
"exam3-099"	"3"	"99"	"Image Production"	"SPECT"	"concept"	"4"	"A SPECT study is acquired using 60 projections over a 360° rotation. Each projection is acquired for 0.5 min. If the counting rate is 144,000 cpm, how many counts will be collected for the total acquisition?"	"1,036,800"	"2,587,300"	"3,640,000"	"3,920,000"	"4,320,000"	"4"	"4,320,000"	"Calculate the total acquisition time: Acquisition time = number of projections x time per projection In this example: 60 projections x 0.5 min/projection = 30 min Calculate total number of counts based on the acquisition time: total counts = acquisition time x counting rate In this example: 30 min x 144,000 cpm = 4,320,000 counts"	"Source: Wells, 1999; pp. 149-150."	"Question photos/Questions/Exam 3/IMG_1150.jpeg"	"Question photos/Answers/Exam 3/IMG_1228.jpeg"	""	""	""
"exam3-100"	"3"	"100"	"Clinical Procedures"	"Clinical Procedures"	"concept"	"5"	"Using a 125 uCi source, 30,500 cpm were collected during a camera sensitivity determination. If the background count is 1200 cpm, what is the sensitivity of the instrument?"	"234 cpm/uCi"	"244 cpm/uCi"	"29,300 cpm"	"3,662,500 cpm"	"300,500 cpm"	"0"	"234 cpm/uCi"	"Sensitivity is expressed as counts per minute per microcurie. To calculate sensitivity, subtract the background count rate from the source count rate and divide by the source activity: (30,500 cpm - 1200 cpm) / 125 uCi = 234 cpm/uCi."	"Source: Wells, 1999; p. 147."	"Question photos/Questions/Exam 3/IMG_1150.jpeg"	"Question photos/Answers/Exam 3/IMG_1228.jpeg"	""	""	""
"exam4-001"	"4"	"1"	"Radiopharmaceuticals"	"Radiopharmaceuticals"	"concept"	"1"	"A [99mTc] medronate (MDP) image of the region shown would best demonstrate which of the following structures? A. iliac crests B. distal femur C. ischium D. thoracic vertebrae 10-12"	"C and D only"	"A and C only"	"C only"	"A, C, and D only"	"A, B, C, and D"	"2"	"C only"	"The diagram depicts a posterior view of the lower lumbar spine, the pelvis, and the proximal femurs. The iliac crests would be demonstrated on an anterior view of the pelvis. The distal femurs and the tenth through twelfth thoracic vertebrae are inferior and superior, respectively, to the structures shown in the diagram."	"Source: Christian, et al., 2004; pp. 497-498."	"Question photos/Questions/Exam 4/IMG_1151.jpeg"	"Question photos/Answers/Exam 4/IMG_1230.jpeg"	"assets/question-bank/retake/exam4-001/e4q1.jpg"	"Graphic for Exam 4, Question 1."	""
"exam4-002"	"4"	"2"	"Clinical Procedures"	"Bone Imaging"	"concept"	"2"	"In performing a bone image, which of the following views would best demonstrate an abnormality in the calcaneus?"	"lateral views of the patella"	"post-void image of the pelvis"	"posterior view of the distal humerus and radius"	"anterior view of the distal humerus and radius"	"plantar view of the feet"	"4"	"plantar view of the feet"	"The calcaneus— the heel of the foot—would be best imaged by placing the sole of the patient's foot on the detector. Both feet may be imaged at the same time."	"Source: Christian, et al., 2004; p. 498."	"Question photos/Retake Photos/IMG_1323.jpeg"	"Question photos/Answers/Exam 4/IMG_1230.jpeg"	""	""	""
"exam4-003"	"4"	"3"	"Patient Care"	"Bone Imaging"	"protocol"	"3"	"All of the following statements about 4-phase bone imaging are true, except:"	"The study may be performed with any blood pool agent."	"This study includes both dynamic and static imaging."	"The patient is positioned under the camera before tracer administration."	"The third phase is performed 5-6 hr after tracer administration."	"The fourth phase is performed the next day."	"0"	"The study may be performed with any blood pool agent."	"Because the second through fourth phases are performed to determine the presence of increased, persistent tracer uptake in the bone, the study must be performed with a bone agent."	"Source: Christian, et al., 2004; pp. 509-510."	"Question photos/Questions/Exam 4/IMG_1151.jpeg"	"Question photos/Answers/Exam 4/IMG_1230.jpeg"	""	""	""
"exam4-004"	"4"	"4"	"Image Production"	"Lung Imaging"	"protocol"	"4"	"Which of the following patients should receive fewer particles than typically administered for lung perfusion imaging?"	"80-year-old woman with suspected pulmonary embolism"	"65-year-old man with chronic obstructive pulmonary disease"	"25-year-old woman with asthma"	"45-year-old man with right-to-left cardiac shunt"	"19-year-old women who is pregnant"	"3"	"45-year-old man with right-to-left cardiac shunt"	"Patients with right-to-left cardiac shunts should be given a reduced number of particles because the particles pass through to the left side of the heart and into the systemic circulation, where they block capillaries and occlude blood flow in the brain, kidneys, heart, and other organs."	"Source: Christian, et al., 2004; p. 392."	"Question photos/Questions/Exam 4/IMG_1151.jpeg"	"Question photos/Answers/Exam 4/IMG_1230.jpeg"	""	""	""
"exam4-005"	"4"	"5"	"Radiopharmaceuticals"	"Generator / Eluate"	"concept"	"5"	"Which of the following statements about the wash-in/wash-out method for performing xenon ventilation studies is true?"	"The patient rebreathes a mixture of xenon and oxygen during the wash-in phase."	"The patient can be disconnected from the gas-trapping apparatus after the wash-in phase."	"This method is not recommended for comatose patients."	"It is not necessary to introduce oxygen or air into the xenon delivery system."	"The xenon system is a self-contained generator of xenon."	"0"	"The patient rebreathes a mixture of xenon and oxygen during the wash-in phase."	"In the wash-in/wash-out method, the patient breathes a mixture of xenon and oxygen for several minutes while a wash-in image is acquired. Air is then added to the system, and the xenon that is exhaled is trapped. Serial images are acquired as the xenon clears from the lungs. This method requires little cooperation from the patient; no breath-holding or deep breaths are required. Therefore, the method is well-suited for comatose patients as well as for those on ventilators."	"Source: Christian, et al., 2004; p. 396."	"Question photos/Questions/Exam 4/IMG_1151.jpeg"	"Question photos/Answers/Exam 4/IMG_1230.jpeg"	""	""	""
"exam4-006"	"4"	"6"	"Radiation Safety"	"Radiation Safety"	"concept"	"1"	"After the administration of [99mTc] pentetate (DTPA) aerosol with a face mask, radioactive contamination is likely to be found in all of the following areas except:"	"on the technologist's hands"	"around the patient's mouth"	"on the patient's chest"	"on the floor between the patient and nebulizer"	"on the patient's face"	"0"	"on the technologist's hands"	"There is aerosol leakage at the exhaust of the delivery system. The filter is unable to trap the exhausted aerosol sufficiently to prevent the escape of airborne tracer from the delivery system. The area around the patient's mouth becomes contaminated when a face mask is used, and some airborne tracer is not inhaled and is deposited on the patient's face."	"Source: McGraw, et al., 1992; pp. 228-230, and Early and Sodee, 1995; p. 462."	"Question photos/Questions/Exam 4/IMG_1151.jpeg"	"Question photos/Answers/Exam 4/IMG_1230.jpeg"	""	""	""
"exam4-007"	"4"	"7"	"Radiopharmaceuticals"	"Thyroid Imaging"	"protocol"	"2"	"Thyroid imaging may be performed with which of the following radiopharmaceuticals?"	"[99mTc] pertechnetate"	"[99mTc] sestamibi"	"[99mTc] medronate (MDP)"	"[99mTc] pyrophosphate (PYP)"	"[99mTc] sulfur colloid"	"0"	"[99mTc] pertechnetate"	"technetium-99m pertechnetate is an accepted radiopharmaceutical for thyroid imaging."	"Source photo: IMG_1230.jpeg."	"Question photos/Questions/Exam 4/IMG_1151.jpeg"	"Question photos/Answers/Exam 4/IMG_1230.jpeg"	""	""	""
"exam4-008"	"4"	"8"	"Radiation Safety"	"Thyroid Imaging"	"concept"	"3"	"When performing a radioiodine thyroid uptake, nonthyroidal (body) background measurements may be taken over the:"	"lateral skull"	"mediastinum"	"thigh"	"abdomen"	"substernal notch"	"2"	"thigh"	"SNM Procedure Guidelines Committee, 2011. Nonthyroidal background measurements may be collected over the thigh. The uptake probe should be positioned vertically just above the patient' knee to exclude bladder activity."	"Source photo: Answers/Exam 4/IMG_1230.jpeg."	"Question photos/Questions/Exam 4/IMG_1151.jpeg"	"Question photos/Answers/Exam 4/IMG_1230.jpeg"	""	""	""
"exam4-009"	"4"	"9"	"Radiation Safety"	"Radiation Safety"	"concept"	"4"	"Pulse rates may be determined by all of the following methods except:"	"listening to the heart with a stethoscope"	"using a pulse oximeter"	"multiplying the respiration rate by 4"	"analyzing the electrocardiogram"	"using a 3-lead EKG"	"2"	"multiplying the respiration rate by 4"	"In addition to the routine finger method of determining the radial pulse, pulse rates can be determined from the ECG or pulse oximeter: Listening to the heart with a stethoscope will give a pulse rate known as the apical pulse."	"Source: Adler and Carlton, 2003; pp. 163-165."	"Question photos/Questions/Exam 4/IMG_1151.jpeg"	"Question photos/Answers/Exam 4/IMG_1230.jpeg"	""	""	""
"exam4-010"	"4"	"10"	"Radiation Safety"	"Radiation Safety"	"concept"	"5"	"Which of the following statements regarding the administration of oxygen is false?"	"Oxygen is classified as a drug."	"With the consent of a physician or nurse, an oxygen appliance may be removed from the patient if it interferes with the imaging procedure."	"Oxygen therapy may be ordered by a physician, nurse, athletic trainer, or respiratory therapist."	"Orders for oxygen therapy must include the amount to be delivered, and the type of oxygen appliance to be used."	"Orders for oxygen therapy must include whether administration is to be continuous or intermittent."	"2"	"Oxygen therapy may be ordered by a physician, nurse, athletic trainer, or respiratory therapist."	"Because oxygen is a drug, it must be prescribed by a physician who specifies the amount to be received, the device to be used, and time interval (continuous vs. intermittent). Cessation of oxygen therapy can be done only with the consent or supervision of a physician or attending nurse."	"Source: Adler and Carlton, 2003; p. 168."	"Question photos/Questions/Exam 4/IMG_1152.jpeg"	"Question photos/Answers/Exam 4/IMG_1230.jpeg"	""	""	""
"exam4-011"	"4"	"11"	"Clinical Procedures"	"Clinical Procedures"	"concept"	"1"	"Treatment of the adverse effects induced by dipyridamole involves the administration of:"	"aminophylline"	"adenosine"	"acetazolamide"	"nitroglycerin"	"aspirin"	"0"	"aminophylline"	"Adverse effects of dipyridamole a vasodilator—include hypotension, headache, and nausea. These effects may be reversed by administering aminophylline intravenously."	"Source: Christian, et al., 2004; pp. 429-430."	"Question photos/Questions/Exam 4/IMG_1152.jpeg"	"Question photos/Answers/Exam 4/IMG_1230.jpeg"	""	""	""
"exam4-012"	"4"	"12"	"Clinical Procedures"	"Clinical Procedures"	"concept"	"2"	"Which of the following must be discontinued for at least 24-36 hr before the administration of dipyridamole?"	"water"	"theophylline"	"insulin"	"Lasix"	"aspirin"	"1"	"theophylline"	"When adenosine or dipyridamole is used for stress testing, the patient should be instructed to discontinue the use of certain substances that interfere with the action of these drugs. Caffeine and medications containing caffeine should not be consumed for at least 12 hr before testing. The use of xanthine derivatives (theophylline, aminophylline) should be discontinued for 24-36 hr before the nuclear medicine procedure. In a normal hepatobiliary study, the duodenum and proximal jejunum are visualized by 30 min after tracer administration."	"Source: Blust, et al., 1992; p. 55."	"Question photos/Questions/Exam 4/IMG_1152.jpeg"	"Question photos/Answers/Exam 4/IMG_1230.jpeg"	""	""	""
"exam4-013"	"4"	"13"	"Clinical Procedures"	"Clinical Procedures"	"protocol"	"3"	"In a normal hepatobiliary study, excretion of the tracer into the intestine should occur a maximum of how long after tracer administration?"	"20-30 min"	"35-40 min"	"45-60 min"	"1-2 hr"	"2-3 hr"	"0"	"20-30 min"	"In a normal hepatobiliary study, the duodenum and proximal jejunum are visualized by 30 min after tracer administration."	"Source: Christian, et al., 2004; p. 465."	"Question photos/Questions/Exam 4/IMG_1152.jpeg"	"Question photos/Answers/Exam 4/IMG_1230.jpeg"	""	""	""
"exam4-014"	"4"	"14"	"Radiopharmaceuticals"	"Hepatobiliary Imaging"	"concept"	"4"	"Which of the following agents would be used to perform a gallbladder ejection fraction?"	"morphine and [99mTc] lidofenin (HIDA)"	"sincalide and [99mTc] sulfur colloid"	"sincalide and [99mTc] disofenin (DISIDA)"	"morphine and [99mTc] mertiatide (MAG3)"	"sincalide and [99mTc] medronate (MDP)"	"2"	"sincalide and [99mTc] disofenin (DISIDA)"	"gallbladder ejection fraction is useful in assessing gallbladder dysfunction. In cases of delayed gallbladder visualization, sincalide is administered when the gallbladder is full. Preand postcontraction images are used to calculate an ejection fraction."	"Source photo: Answers/Exam 4/IMG_1230.jpeg."	"Question photos/Questions/Exam 4/IMG_1152.jpeg"	"Question photos/Answers/Exam 4/IMG_1230.jpeg"	""	""	""
"exam4-015"	"4"	"15"	"Radiopharmaceuticals"	"Hepatobiliary Imaging"	"concept"	"5"	"For which of the following procedures is the radiopharmaceutical administered orally?"	"vesicoureteral reflux imaging"	"gastrointestinal bleeding"	"salivary gland imaging"	"gastric emptying"	"gallbladder ejection fraction determination"	"3"	"gastric emptying"	"Source: Early and Sodee, 1995; pp. 517, 524,"	"Source: Early and Sodee, 1995; pp. 517, 524,"	"Question photos/Questions/Exam 4/IMG_1152.jpeg"	"Question photos/Answers/Exam 4/IMG_1231.jpeg"	""	""	""
"exam4-016"	"4"	"16"	"Patient Care"	"Renal Imaging"	"protocol"	"1"	"Patient preparation for functional renal imaging should include which of the following?"	"hydration of the patient"	"discontinuation of all medications"	"fasting for at least 2 hr before imaging"	"administration of furosemide 1 hr before imaging"	"fasting for at least 4-6 hrs before imaging"	"0"	"hydration of the patient"	"Renal function imaging should be performed with the patient in a normal state of hydration. To ensure hydration, the patient should drink 0.5 L of water 30-60 min before the study. False abnormal results may be obtained if the patient is not hydrated."	"Source: Christian, et al., 2004; p. 483."	"Question photos/Questions/Exam 4/IMG_1152.jpeg"	"Question photos/Answers/Exam 4/IMG_1231.jpeg"	""	""	""
"exam4-017"	"4"	"17"	"Radiopharmaceuticals"	"Renal Imaging"	"protocol"	"2"	"Static renal imaging is performed about how long after the administration of [99mTc] succimer (DMSA)?"	"immediately"	"2 hr"	"4 hr"	"8 hr"	"6 hr"	"1"	"2 hr"	"[99mTc] succimer (DMSA) is used for static renal cortical imaging. Imaging is performed about 2 hr after tracer administration."	"Source: Early and Sodee, 1995; p. 593."	"Question photos/Questions/Exam 4/IMG_1152.jpeg"	"Question photos/Answers/Exam 4/IMG_1231.jpeg"	""	""	""
"exam4-018"	"4"	"18"	"Patient Care"	"Patient Care"	"concept"	"3"	"Patient preparation for [67Ga] citrate imaging may include administration of which of the following?"	"diuretics"	"potassium perchlorate"	"Lugol's solution"	"adenosine"	"laxatives"	"4"	"laxatives"	"SNM Procedure Guidelines Committee, 2011. [67Ga] citrate is excreted in the feces. The activity in the bowel may interfere with the interpretation of the study. Therefore, a bowel preparation may be prescribed at the time the tracer is administered."	"Source photo: Answers/Exam 4/IMG_1231.jpeg."	"Question photos/Questions/Exam 4/IMG_1152.jpeg"	"Question photos/Answers/Exam 4/IMG_1231.jpeg"	""	""	""
"exam4-019"	"4"	"19"	"Radiopharmaceuticals"	"Bone Imaging"	"concept"	"4"	"A normal biodistribution of 111In-labeled leukocytes will demonstrate the greatest tracer uptake at 24 hr after injection in which of the following sites?"	"bone marrow"	"liver"	"lung"	"heart"	"spleen"	"4"	"spleen"	"At 24 hr after injection, a normal biodistribution of 111In-labeled leukocytes demonstrates tracer uptake only in the spleen, liver, and bone marrow. The greatest uptake is in the spleen, followed by the liver and the bone marrow."	"Source: Christian, et al., 2004; pp. 545-546."	"Question photos/Questions/Exam 4/IMG_1152.jpeg"	"Question photos/Answers/Exam 4/IMG_1231.jpeg"	""	""	""
"exam4-020"	"4"	"20"	"Patient Care"	"Patient Care"	"concept"	"5"	"A patient with diabetes who becomes hypoglycemic may exhibit all of the following signs and symptoms except:"	"weakness and shakiness"	"confusion"	"irritability"	"nausea and vomiting"	"low blood sugar"	"3"	"nausea and vomiting"	"Hypoglycemic patients may exhibit an intense hunger; might be weak and shaky; and may sweat excessively. They may become confused and severe. irritable. Most patients will recognize symptoms before they become"	"Source: Adler and Carlton, 2003; p. 241."	"Question photos/Questions/Exam 4/IMG_1152.jpeg"	"Question photos/Answers/Exam 4/IMG_1231.jpeg"	""	""	""
"exam4-021"	"4"	"21"	"Radiopharmaceuticals"	"Radiopharmaceuticals"	"concept"	"1"	"Which of the following tracers may be used to confirm brain death?"	"[99mTc] oxidronate (HDP)"	"[99mTc] exametazime (HMPAO)"	"[99mTc] mertiatide (MAG3)"	"[201Tl] thallous chloride"	"[99mTc] medronate (MDP)"	"1"	"[99mTc] exametazime (HMPAO)"	"[99mTc] gluceptate, [99mTc] pertechnetate,or [99mTc] pentetate (DTPA) have been used to demonstrate brain death with a cerebral blood flow study followed by immediate static imaging, [99mTc] exametazime (HMPAO) more recently has been used for this purpose. Because this tracer is normally concentrated in brain tissue in proportion to blood flow, it can visualize the degree of perfusion in the brain."	"Source: Early and Sodee, 1995; p. 574."	"Question photos/Questions/Exam 4/IMG_1153.jpeg"	"Question photos/Answers/Exam 4/IMG_1231.jpeg"	""	""	""
"exam4-022"	"4"	"22"	"Image Production"	"SPECT"	"concept"	"2"	"Counting cotton gauze that has been placed in a patient's nose after intrathecal tracer administration is most useful when which of the following conditions is suspected?"	"rhinorrhea"	"hydrocephalus"	"CSF shunt patency"	"blockage of CSF flow"	"pump patency"	"0"	"rhinorrhea"	"In the case of cerebral spinal fluid leaks through the nose (rhinorthea) or ears (otorrhea), placing cotton gauze in the patient's nose or ears is helpful in diagnosing such leaks. This technique is particularly useful with small leaks that may not be visualized on images."	"Source: Early and Sodee, 1995; p. 572."	"Question photos/Questions/Exam 4/IMG_1153.jpeg"	"Question photos/Answers/Exam 4/IMG_1231.jpeg"	""	""	""
"exam4-023"	"4"	"23"	"Clinical Procedures"	"Clinical Procedures"	"concept"	"3"	"Colloidal [32P] chromic phosphate is administered by which of the following routes?"	"intravenous"	"intraperitoneal"	"subcutaneous"	"inhalation"	"intrathecal"	"1"	"intraperitoneal"	"Colloidal [32P] chromic phosphate is used to treat pleural or peritoneal effusions resulting from a malignancy. The agent is introduced directly into the pleural or peritoneal cavity. It should not be administered intravenously because it will be taken up in the liver, causing localized radiation damage."	"Source: Early and Sodee, 1995; p. 755."	"Question photos/Questions/Exam 4/IMG_1153.jpeg"	"Question photos/Answers/Exam 4/IMG_1231.jpeg"	""	""	""
"exam4-024"	"4"	"24"	"Radiation Safety"	"Radiation Safety"	"protocol"	"4"	"Which of the following radiation safety measures should be used when performing 89Sr therapy?"	"use of lead vial and syringe shields"	"monitoring patient radiation levels daily"	"use of absorbent paper in isolation room"	"monitoring patient radiation levels weekly"	"urinary catheterization for incontinent patients"	"4"	"urinary catheterization for incontinent patients"	"Metastron® package insert. It is recommended that incontinent patients receiving [89Sr] chloride be catheterized to minimize the spread of contamination. Because 89Sr is primarily a beta emitter (less than 1% gamma emission), it is not necessary to place patients in isolation or monitor them with a survey meter. Lead shielding should not be used with this beta emitter because bremsstrahlung radiation will be produced in the shielding."	"Source photo: Answers/Exam 4/IMG_1231.jpeg."	"Question photos/Questions/Exam 4/IMG_1153.jpeg"	"Question photos/Answers/Exam 4/IMG_1231.jpeg"	""	""	""
"exam4-025"	"4"	"25"	"Radiopharmaceuticals"	"Radiopharmaceuticals"	"protocol"	"5"	"On the basis of blood flow, which of the following is visualized as an area of high tracer concentration on a brain image performed with [99mTc] exametazime (HMPAO)?"	"pineal body"	"white matter"	"gray matter"	"medulla oblongata"	"pituitary gland"	"2"	"gray matter"	"Uptake of SPECT brain agents is primarily in the gray matter of the cerebrum, which has a higher blood flow than white matter. These agents are localized in proportion to blood flow."	"Source: Christian, et al., 2004; pp. 330-331."	"Question photos/Questions/Exam 4/IMG_1153.jpeg"	"Question photos/Answers/Exam 4/IMG_1231.jpeg"	""	""	""
"exam4-026"	"4"	"26"	"Patient Care"	"Lung Imaging"	"protocol"	"1"	"A technologist is performing a lung image on a patient known to have active tuberculosis. The most appropriate personal protective device the technologist should use is:"	"latex gloves"	"gown"	"lab coat"	"mask"	"booties"	"3"	"mask"	"The mask is the most appropriate for airborne respiratory diseases."	"Source: Kowalczyk and Donnett, 1996; p. 88."	"Question photos/Retake Photos/IMG_1324.jpeg"	"Question photos/Answers/Exam 4/IMG_1231.jpeg"	""	""	""
"exam4-027"	"4"	"27"	"Radiopharmaceuticals"	"MAA / Pulmonary Perfusion"	"concept"	"2"	"The patency of a LeVeen shunt may be demonstrated with which of the following radiopharmaceuticals?"	"[99mTc] disofenin (DISIDA) or [99mTc] sulfur colloid"	"[99mTc] albumin (MAA) or [99mTc] labeled red blood cells"	"[99mTc] pentetate (DTPA) or [99mTc] pertechnetate"	"[99mTc] MAA or [99mTc] sulfur colloid"	"[99mTc] medronate (MDP) or [99mTc] sulfur colloid"	"3"	"[99mTc] MAA or [99mTc] sulfur colloid"	"A LeVeen shunt is used to treat ascites by draining the excess fluid that accumulates in the peritoneal cavity into the superior vena cava. Sometimes the shunt tube becomes blocked. Radionuclide imaging is used to differentiate mechanical blockage of the tube from other reasons for increasing ascitic fluid. Imaging may be performed with either [99mTc] MAA or [99mTc] sulfur colloid. After the introduction of one of these tracers into the peritoneal cavity, images of the anterior abdomen (and chest if MAA is used) will demonstrate activity in the liver or lungs, confirming that the shunt is functioning. If the liver or lungs are not visualized, then the tubing is blocked."	"Source: Early and Sodee, 1995; pp. 528-529."	"Question photos/Questions/Exam 4/IMG_1153.jpeg"	"Question photos/Answers/Exam 4/IMG_1231.jpeg"	""	""	""
"exam4-028"	"4"	"28"	"Radiopharmaceuticals"	"Radiopharmaceuticals"	"concept"	"3"	"Which of the following is common to imaging gastroesophageal reflux in both adults and children?"	"[99mTc] macro aggregated albumin is the tracer of choice."	"The patient must fast starting at midnight before the test."	"An abdominal binder is used to increase pressure over the abdomen."	"The patient ingests dilute hydrochloric acid with the tracer."	"[99mTc] Sulfur colloid is the tracer of choice."	"4"	"[99mTc] Sulfur colloid is the tracer of choice."	"[99mTc] sulfur colloid is the radiopharmaceutical used to image gastroesophageal reflux in both adults and children. However, adults are administered a mixture of dilute hydrochloric acid, orange iuice, and tracer after fasting from midnight. In infants and toddlers, the procedure is performed at the time of a scheduled feeding, so they may fast as little as 2 hr before receiving the tracer. In adults, an abdominal binder is used to increase external abdominal pressure to demonstrate more subtle instances of reflux. Because the abdominal muscles are important in pediatric respiration, the binder is typically not used with children, particularly infants."	"Source: Early and Sodee, 1995; pp. 526-528."	"Question photos/Questions/Exam 4/IMG_1153.jpeg"	"Question photos/Answers/Exam 4/IMG_1231.jpeg"	""	""	""
"exam4-029"	"4"	"29"	"Patient Care"	"Bone Imaging"	"protocol"	"4"	"The following studies are ordered for a patient: 
A. ERPF determination
B. total-body bone imaging
C. [111In] pentetreotide imaging. 

In which order should the studies be performed so they do not interfere with one another and they can be accomplished in the shortest amount of time?"	"A, B, C"	"A, C, B"	"B, A, C"	"C, B, A"	"B, C, A"	"0"	"A, B, C"	"In general, a quantitative study—any study whose results are a number—should be performed first, so radioactivity from another study does not interfere with or have to be accounted for when calculating the results of a quantitative study. An ERPF is performed with [99mTc] mertiatide (MAG3). This radiopharmaceutical clears the kidneys quickly. Its 6-hr half-life is short enough to permit bone imaging the next day. [111In] pentetreotide imaging should be performed last. 111In has a three-day half-life, and the tracer may remain in the body for an extended period."	"Source: Bernier, et al., 1994; pp. 188-190."	"Question photos/Retake Photos/IMG_1325.jpeg"	"Question photos/Answers/Exam 4/IMG_1232.jpeg"	""	""	""
"exam4-030"	"4"	"30"	"Image Production"	"Image Production"	"image-interpretation"	"5"	"Which of the following is the common term for the artifact created by the presence of metals in the patient in CT imaging?"	"ringing"	"partial volume"	"arcing"	"biasing"	"streaking"	"4"	"streaking"	"Patient-generated artifacts commonly come from patient motion, beam hardening, or metallic artifacts (commonly causing streak artifacts)."	"Source: Waterstram-Rich & Gilmore, 2017; p. 319."	"Question photos/Questions/Exam 4/IMG_1153.jpeg"	"Question photos/Answers/Exam 4/IMG_1232.jpeg"	""	""	""
"exam4-031"	"4"	"31"	"Clinical Procedures"	"Lung Imaging"	"concept"	"1"	"The region(s) of interest for detection of a left-to-right cardiac shunt is (are) drawn around which of the following structures?"	"superior vena cava"	"one or both lungs"	"left ventricle"	"right ventricle and great vessels"	"aorta"	"1"	"one or both lungs"	"The region(s) of interest for detection of a left-to-right cardiac shunt is (are) drawn around one or both lungs to generate a pulmonary time-activity curve. The curve demonstrates the first pass of tracer through the lungs, as well as any tracer that has returned to the lungs and bypassed the systemic circulation."	"Source: Crawford and Husain, 2011; p. 92."	"Question photos/Questions/Exam 4/IMG_1153.jpeg"	"Question photos/Answers/Exam 4/IMG_1232.jpeg"	""	""	""
"exam4-032"	"4"	"32"	"Radiation Safety"	"Radiation Safety"	"concept"	"2"	"Which of the following sets of vital sign measurements represent normal values for an adult?"	"Pulse 75 120/80 100/50 120/80"	"Blood pressure Respirations"	"(bpm)"	"(mm Hg) 100 150/100"	"(resp/min) 110 100/200"	"0"	"Pulse 75 120/80 100/50 120/80"	"The normal ranges of vital signs for adults are: Vital sign Pulse 60-100 beats per minute Blood pressure Diastolic 60-90 mm Hg Systolic 95-140 mm Hg 12-20 breaths/min Respirations 97.7-99.5°F (36.5-37.5°C) Temperature"	"Source: Adler and Carlton, 2003; p. 161."	"Question photos/Questions/Exam 4/IMG_1154.jpeg"	"Question photos/Answers/Exam 4/IMG_1232.jpeg"	"assets/question-bank/retake/exam4-032/e4q32.jpg"	"Graphic for Exam 4, Question 32."	""
"exam4-033"	"4"	"33"	"Radiopharmaceuticals"	"Radiopharmaceuticals"	"concept"	"3"	"A common antecubital vein used for intravenous administration of a radiopharmaceutical is the:"	"radial"	"cephalic"	"brachial"	"ulnar"	"plantar"	"1"	"cephalic"	"A variety of antecubital veins can be used for drug administration, but the two most commonly used are the basilic and cephalic veins."	"Source: Adler and Carlton, 2003; p. 275."	"Question photos/Questions/Exam 4/IMG_1154.jpeg"	"Question photos/Answers/Exam 4/IMG_1232.jpeg"	""	""	""
"exam4-034"	"4"	"34"	"Clinical Procedures"	"Bone Imaging"	"protocol"	"4"	"The 51Cr red cell sequestration (RBC) study is performed to identify abnormal destruction of red blood cells by the:"	"bone marrow"	"spleen"	"liver"	"heart"	"gallbladder"	"1"	"spleen"	"The red cell sequestration study is performed to determine if the patient's anemia is the result of active splenic sequestration of normal red cells."	"Source: Christian, et al., 2004; p. 529."	"Question photos/Questions/Exam 4/IMG_1154.jpeg"	"Question photos/Answers/Exam 4/IMG_1232.jpeg"	""	""	""
"exam4-035"	"4"	"35"	"Radiation Safety"	"Radiation Safety"	"concept"	"5"	"The difference in hematocrit values between the average wholebody hematocrit and the venous hematocrit is the result of:"	"variation in red blood cell diameter"	"difference in vessel size"	"increased amount of blood in the extremities"	"plasma leakage"	"difference in size of white blood cells"	"1"	"difference in vessel size"	"Hematocrits vary with vessel size. Smaller vessels yield a lower hematocrit value than larger vessels."	"Source: Christian, et al., 2004; p. 526."	"Question photos/Questions/Exam 4/IMG_1154.jpeg"	"Question photos/Answers/Exam 4/IMG_1232.jpeg"	""	""	""
"exam4-036"	"4"	"36"	"Image Production"	"Thyroid Imaging"	"concept"	"1"	"On the basis of these counts per minute obtained from a thyroid uptake test:
Thyroid: 2876
Patient background: 563
Standard: 10,111
Room background: 124

the percentage radioiodine uptake is:"	"3.5%"	"4.3%"	"28%"	"23%"	"50%"	"3"	"23%"	"The formula for calculating thyroid radioiodine uptake is: net thyroid cpm - x 100 % uptake = net standard cpm Using the data, the percent uptake is: (2876 - 563 cpm) x 100 = 23% (10,111 - 124 cpm)"	"Source: Early and Sodee, 1995; p. 629."	"Question photos/Questions/Exam 4/IMG_1154.jpeg"	"Question photos/Answers/Exam 4/IMG_1232.jpeg"	""	""	""
"exam4-037"	"4"	"37"	"Patient Care"	"Patient Care"	"concept"	"2"	"A technologist is asked to check the flow rate on a drip infusion on a patient in the department. An acceptable flow rate is how many drops per minute?"	"1-5"	"75-100"	"40-60"	"10-20"	"100-125"	"3"	"10-20"	"An acceptable flow rate for a drip infusion is 10-20 drops per minute. This rate may be adjusted by physician order:"	"Source: Adler and Carlton, 2003; p. 277."	"Question photos/Questions/Exam 4/IMG_1154.jpeg"	"Question photos/Answers/Exam 4/IMG_1232.jpeg"	""	""	""
"exam4-038"	"4"	"38"	"Instrumentation & QC"	"Instrumentation & QC"	"calculation"	"4"	"The total blood volume may be calculated by dividing the measured red cell volume by the:"	"hematocrit"	"plasmacrit"	"number of red blood cells determined from a hemocytometer"	"corrected plasmacrit"	"corrected hematocrit"	"4"	"corrected hematocrit"	"The formula for calculating the total blood volume (TBV), based on the red cell volume, uses the corrected hematocrit (HCT) in the denominator. Correction is needed to account for trapped plasma and to adjust the venous hematocrit to an average whole body hematocrit. The formula is: red cell volume TBV = HCT × 0.91 x 0.97"	"Source: Early and Sodee, 1995; p. 733."	"Question photos/Questions/Exam 4/IMG_1154.jpeg"	"Question photos/Answers/Exam 4/IMG_1232.jpeg"	""	""	""
"exam4-039"	"4"	"39"	"Image Production"	"Image Production"	"calculation"	"5"	"The following data was collected for a plasma volume determination:
Net standard counts: 839,621
Standard dilution factor: 15
Net plasma counts: 2,528 cpm/mL

The calculated plasma volume in milliliters is:"	"2,214"	"3,321"	"4,516"	"4,982"	"5,280"	"3"	"4,982"	"The formula for calculating plasma volume is: (net standard cpm) (dilution factor) PV = (net plasma cpm/mL) From the data supplied: PV = (839,621 cpm) (15) = 4982 mL, Range (2528) d Remson and Ackermann, 1977;"	"Source: Christian, et al., 2004; p. 526."	"Question photos/Questions/Exam 4/IMG_1154.jpeg"	"Question photos/Answers/Exam 4/IMG_1232.jpeg"	""	""	""
"exam4-040"	"4"	"40"	"Clinical Procedures"	"Clinical Procedures"	"concept"	"5"	"If the concentration of a 1:2,000 dilution is 0.05 uCi/ml, what is the tracer concentration of the original solution?"	"0.00025 uCi/mL"	"10 uCi/mL"	"25 uCi/mL"	"100 uCi/mL"	"125 uCi/mL"	"0"	"0.00025 uCi/mL"	"1:2,000 dilution means that the concentration in the diluted solution is one 2,000th of the original concentration. In this problem, the concentration of the original solution is unknown. Thus: 2000 (? Ci/ml.) = 0.05 uCi/ml. 2000 = 0.05 uCi/mL. x = 2000(0.05 uCi/mL)=100 uCi/mL"	"Source photo: Answers/Exam 4/IMG_1232.jpeg."	"Question photos/Questions/Exam 4/IMG_1154.jpeg"	"Question photos/Answers/Exam 4/IMG_1232.jpeg"	""	""	""
"exam4-041"	"4"	"41"	"Radiopharmaceuticals"	"Radiopharmaceuticals"	"protocol"	"1"	"A patient scheduled for [18F]FDG imaging has a measured blood glucose level of 100 mg/dL. Which of the following actions should the technologist perform next?"	"Reschedule the patient for a later time."	"Administer insulin to lower the patient's blood glucose level."	"Administer glucose to raise the patient's blood glucose level."	"Proceed with the examination."	"Monitor the patient for hypoglycemia."	"3"	"Proceed with the examination."	"SNM Procedure Guidelines Committee, 2011. In an adult, a normal fasting blood glucose level is 70-115 mg/dL. Because the patient's blood glucose level is within the normal range, the technologist can proceed with the examination."	"Source photo: Answers/Exam 4/IMG_1232.jpeg."	"Question photos/Questions/Exam 4/IMG_1154.jpeg"	"Question photos/Answers/Exam 4/IMG_1232.jpeg"	""	""	""
"exam4-042"	"4"	"42"	"Image Production"	"Hepatobiliary Imaging"	"concept"	"2"	"Based on the net counts shown here, what is the percentage gallbladder ejection fraction? 
Maximum gallbladder counts: 185,632
Minimum gallbladder counts: 77, 203"	"71%"	"41%"	"58%"	"29%"	"13%"	"2"	"58%"	"% gallbladder ejection fraction: = maximum GB counts - minimum GB counts maximum GB counts - x 100 =185,632 cts - 77,203 GB cts 185,632 cts 108,429 = • x 100 = 58% 185,632"	"Source: Wells, 1999; p. 238."	"Question photos/Questions/Exam 4/IMG_1155.jpeg"	"Question photos/Answers/Exam 4/IMG_1233.jpeg"	""	""	""
"exam4-043"	"4"	"43"	"Radiopharmaceuticals"	"Generator / Eluate"	"concept"	"3"	"After a 99Mo/99mTc generator is eluted, it takes approximately how many hours for the 99mTc activity to build up to a maximum level?"	"8 hr"	"12 hr"	"24 hr"	"48 hr"	"4 hr"	"2"	"24 hr"	"Maximum 99mTc activity is obtained about 24 hr after the last elution of 99mTc."	"Source: Saha, 2004; p. 71."	"Question photos/Questions/Exam 4/IMG_1155.jpeg"	"Question photos/Answers/Exam 4/IMG_1233.jpeg"	""	""	""
"exam4-044"	"4"	"44"	"Radiopharmaceuticals"	"Radiopharmaceuticals"	"concept"	"4"	"What is the total activity of 8 mL of 99mTc eluate that has a concentration of 2.0 MBq/mL?"	"16 MBq"	"6 MBq"	"32 MBq"	"4 MBq"	"10 MBq"	"0"	"16 MBq"	"Concentration is expressed as activity per unit volume. In this instance: total activity MBq = 8 mL ml. total activity = 2.0 MBq/mL x 8 ml = 16 MBq"	"Source: Wells, 1999; p. 183."	"Question photos/Questions/Exam 4/IMG_1155.jpeg"	"Question photos/Answers/Exam 4/IMG_1233.jpeg"	""	""	""
"exam4-045"	"4"	"45"	"Radiation Safety"	"Generator / Eluate"	"concept"	"5"	"A wet column generator is equipped with all of the following parts except a(n):"	"alumina column"	"lead shield"	"saline supply"	"collection port"	"charging port"	"4"	"charging port"	"A wet-column generator is not equipped with a charging port because the saline supply is contained within the generator itself. A dry-column generator, however, uses a charging port to add saline to the column."	"Source: Eliot, 1990; pp. 38-42."	"Question photos/Questions/Exam 4/IMG_1155.jpeg"	"Question photos/Answers/Exam 4/IMG_1233.jpeg"	""	""	""
"exam4-046"	"4"	"46"	"Instrumentation & QC"	"Instrumentation & QC"	"concept"	"1"	"According to the USP, the maximum allowable aluminum concentration in 99mTc eluate is not to exceed:"	"0.1 ug/mL"	"15 ug/ml"	"20 ug/ml"	"15 mg/ml"	"10 ug/ml"	"4"	"10 ug/ml"	"According to the USP, a 99mTc eluate should contain no more than 10 pg/mL of Al3+ in 1 ml. of eluate."	"Source: Saha, 2004; p. 75."	"Question photos/Questions/Exam 4/IMG_1155.jpeg"	"Question photos/Answers/Exam 4/IMG_1233.jpeg"	""	""	""
"exam4-047"	"4"	"47"	"Radiation Safety"	"Dose Calibrator QC"	"concept"	"2"	"Which of the following statements about determining 99Mo concentration in 99mTc eluate using the lead shield method is true?"	"The eluate is assayed only for 99Mo."	"The lead shield is used to absorb high-energy 99Mo photons."	"The unshielded eluate is assayed for 99Mo and 99mTc by adjusting the dose calibrator settings."	"The eluate in the lead shield is measured with the dose calibrator set to assay 99Mo."	"The eluate is assayed only for 99mTc."	"3"	"The eluate in the lead shield is measured with the dose calibrator set to assay 99Mo."	"The lead shield method of determining 99Mo contamination is based on the energy differences between 99mTc photons and 99Mo photons. The unshielded vial of eluate is assayed with the dose calibrator set for 99mTc, then the vial is placed into a lead shield that absorbs lower-energy 99mTc photons while permitting transmission of higher-energy 99Mo photons. With the dose calibrator set to 99Mo, the shielded eluate is assayed for 99Mo, and the 99Mo concentration is calculated as uCi 99Mo per mCi 99mTc."	"Source: Saha, 2004; p. 74."	"Question photos/Questions/Exam 4/IMG_1155.jpeg"	"Question photos/Answers/Exam 4/IMG_1233.jpeg"	""	""	""
"exam4-048"	"4"	"48"	"Radiopharmaceuticals"	"Radiopharmaceuticals"	"concept"	"3"	"The test kit used to measure aluminum ion concentration in 99mTc eluate contains specially treated indicator paper and an aluminum solution with a concentration of approximately: "	"2 ug/mL"	"10 ug/mL"	"5 ug/mL"	"20 ug/mL"	"15 ug/mL"	"1"	"10 ug/mL"	"The test kit contains an aluminum solution with a concentration of approximately 10 ug/mL, the maximum aluminum ion concentration allowed in 99mTc eluate as established by the USP."	"Source: Saha, 2004; p. 75."	"Question photos/Questions/Exam 4/IMG_1155.jpeg"	"Question photos/Answers/Exam 4/IMG_1233.jpeg"	""	""	""
"exam4-049"	"4"	"49"	"Radiopharmaceuticals"	"Lung Imaging"	"concept"	"4"	"Which of the following pairs of radiopharmaceuticals may be used to perform lung perfusion and ventilation imaging?"	"[99mTc] sulfur colloid and [99mTc] pentetate (DTPA) aerosol"	"[99mTc] macroaggregated albumin and [133Xe] gas"	"[99mTc] albumin (MAA) and [133Xe] gas"	"[99mTc] bicisate (ECD) and [99mTc] pentetate (DTPA) aerosol"	"[99mTc] medronate (MDP) and [99mTc] pentetate (DTPA) aerosol"	"1"	"[99mTc] macroaggregated albumin and [133Xe] gas"	"[99mTc] macroaggregated albumin is the tracer used for lung perfusion imaging. Lung ventilation imaging may be performed with [133Xe] gas. x 100 or [99mTc] pentetate (DTPA) aerosol. [99mTc] albumin (MAA) remains in the blood pool and may be used for gated cardiac left ventricular function studies. [99mTc] sulfur colloid localizes in the reticuloendothelial system and may be used to image the liver, spleen, or bone marrow. [99mTc] bicisate (ECD) is used to perform brain perfusion imaging."	"Source: Saha, 2004; pp. 261-265."	"Question photos/Questions/Exam 4/IMG_1155.jpeg"	"Question photos/Answers/Exam 4/IMG_1233.jpeg"	""	""	""
"exam4-050"	"4"	"50"	"Radiation Safety"	"Radiation Safety"	"concept"	"5"	"An eluate of [99mTc] pertechnetate is assayed for 99Mo contamination at 0600 with the following results:
99Mo = 15.5 uCi
99mTc = 250 mCi

At 1000, the eluate is used to prepare a 99mTc-labeled compound with a shelf-life of 8 hr. What is the latest time that the 99mTc compound may be administered to patients?"	"1400"	"1500"	"1700"	"1800"	"2400"	"0"	"1400"	"According to the NRC, the maximum allowable 99Mo concentration in a 99mTc eluate must not exceed 0.15 uCi 99Mo/mCi 99mTc at the time of administration. Because 99mTc decays faster than 99Mo, the ratio increases with time and reaches the limit before the kit shelf-life expires."	"Source photo: Answers/Exam 4/IMG_1233.jpeg."	"Question photos/Questions/Exam 4/IMG_1155.jpeg"	"Question photos/Answers/Exam 4/IMG_1233.jpeg"	""	""	""
"exam4-051"	"4"	"51"	"Radiopharmaceuticals"	"Radiopharmaceuticals"	"protocol"	"1"	"If the following reagents are available: oxidronate (HDP) kit maximum 99mTc activity to be added: 250 mCi; reconstituting volume: 1-5 mL; [99mTc] pertechnetate concentration: 35 mCi/mL; total volume: 10 mL. What is the maximum amount of [99mTc] oxidronate (HDP), in mCi, that can be prepared from one kit?"	"175 mCi"	"225 mCi"	"250 mCi"	"350 mCi"	"400 mCi"	"0"	"175 mCi"	"350 mCi of [99mTc] pertechnetate are available (35.0 mCi/mL x 10 ml = 350 mCi), but this amount exceeds the activity (250 mCi) and volume (5 ml) limits of the kit. Based on the maximum reconstituting volume (5.0 mL) of the kit, 175 mCi can be prepared: x 5 mL = 175 mCi 35 mCi This activity (175 mCi) and volume (5 mL) are within the activity and volume limits for the kit."	"Source: Wells, 1999; pp. 192-193."	"Question photos/Questions/Exam 4/IMG_1155.jpeg"	"Question photos/Answers/Exam 4/IMG_1234.jpeg"	"assets/question-bank/retake/exam4-051/e4q51.jpg"	"Graphic for Exam 4, Question 51."	""
"exam4-052"	"4"	"52"	"Radiopharmaceuticals"	"Radiopharmaceuticals"	"concept"	"2"	"Which of the following ingredients in a sulfur colloid kit are combined and heated?"	"[99mTc] pertechnetate and thiosulfate mixture"	"thiosulfate mixture and acid"	"[99mTc] pertechnetate, thiosulfate mixture, acid, and buffer"	"[99mTc] pertechnetate, thiosulfate mixture, and acid"	"thiosulfate mixture, acid, and buffer"	"3"	"[99mTc] pertechnetate, thiosulfate mixture, and acid"	"A sulfur colloid kit contains these reagents: acid, sodium thiosulfate, the material from which the colloidal particle is formed, and a buffer. To prepare [99mTc] sulfur colloid, [99mTc] pertechnetate, the acid, and the sodium thiosulfate mixture are combined in a sterile reaction vial and heated in a boiling-water bath. During boiling, sulfur particles are formed and condense, incorporating the 99mTc. After the boiled mixture is allowed to cool, the buffer is added to adjust the pH of the preparation."	"Source: Schwarz, et al., 1997; pp. 167-168."	"Question photos/Retake Photos/IMG_1326.jpeg"	"Question photos/Answers/Exam 4/IMG_1234.jpeg"	""	""	""
"exam4-053"	"4"	"53"	"Image Production"	"SPECT"	"protocol"	"3"	"When preparing to withdraw a unit dose of [32P] chromic phosphate, the technologist visually inspects the radiopharmaceutical and notes that it is a blue-green color. The technologist should next:"	"Contact the radiopharmaceutical manufacturer."	"Reschedule the procedure."	"Add it to a cup of water for dispensing to the patient."	"Place the dose in radioactive waste for disposal."	"Withdraw the unit dose."	"4"	"Withdraw the unit dose."	"32PIchromic phosphate is a blue-green color. Because this is the radiopharmaceutical's normal appearance, the technologist should continue preparing the unit dose."	"Source: Chilton and Witcofski, 1986; p. 149."	"Question photos/Questions/Exam 4/IMG_1156.jpeg"	"Question photos/Answers/Exam 4/IMG_1234.jpeg"	""	""	""
"exam4-054"	"4"	"54"	"Radiopharmaceuticals"	"Radiopharmaceuticals"	"concept"	"4"	"What is the concentration of [99mTc] succimer (DMSA) if 1.5 mL succimer (DMSA) reagent and 30 mCi [99mTc] pertechnetate (concentration is 18 mCi/mL) are mixed to prepare the radiopharmaceutical?"	"20 mCi/mL"	"9.4 mCi/mL"	"14.3 mCi/mL"	"17.6 mCi/mL"	"18 mCi/mL"	"1"	"9.4 mCi/mL"	"The concentration of the [99mTc] succimer (DMSA) is equal to the amount of radioactivity, divided by the volume of radioactivity and the volume of succimer (DMSA) reagent. The volume of [99mTc] pertechnetate required is: 99mTc activity required [99mTc] pertechnetate concentration The final concentration is equal to: 99mTc activity ne = I.7 ml + 1.5 ml 99mTc volume + succier volume = 9.4 mCi/mL"	"Source: Wells, 1999; p. 183."	"Question photos/Questions/Exam 4/IMG_1156.jpeg"	"Question photos/Answers/Exam 4/IMG_1234.jpeg"	""	""	""
"exam4-055"	"4"	"55"	"Image Production"	"Image Production"	"concept"	"5"	"The tagging efficiency of a radiopharmaceutical is determined using these solvent/support media systems. Rf values: System 1 radiopharmaceutical 0.0, free pertechnetate 0.9, hydrolyzed-reduced 99mTc 0.0; System 2 radiopharmaceutical 1.0, free pertechnetate 1.0, hydrolyzed-reduced 99mTc 0.0. Counts per minute: System 1 solvent front half 1,716 cpm and origin half 23,706 cpm; System 2 solvent front half 21,001 cpm and origin half 1,200 cpm. What is the tagging efficiency of the sample?"	"92.8%"	"6.7%"	"12.1%"	"87.9%"	"5.4%"	"3"	"87.9%"	"Based on the Rf values, free pertechnetate is separated using system 1 and hydrolyzed-reduced 99mTc is separated using system 2. Free pertechnetate is 1,716 cpm / (1,716 cpm + 23,706 cpm) x 100 = 6.7%. Hydrolyzed-reduced 99mTc is 1,200 cpm / (21,001 cpm + 1,200 cpm) x 100 = 5.4%. Tagging efficiency is 100% - (6.7% + 5.4%) = 87.9%."	"Source: Saha, 2004; pp. 154-160."	"Question photos/Retake Photos/IMG_1327.jpeg"	"Question photos/Answers/Exam 4/IMG_1234.jpeg"	"assets/question-bank/retake/exam4-055/e4q55.jpg"	"Graphic for Exam 4, Question 55."	""
"exam4-056"	"4"	"56"	"Instrumentation & QC"	"Dose Calibrator QC"	"protocol"	"1"	"The label on an unopened vial states that the vial contains 10 mL of radiopharmaceutical with a concentration of 55.5 MBq/mL. When the technologist assays the vial in a dose calibrator, it measures 9 mCi. Which of the following actions should the technologist perform first?"	"Begin to prepare unit doses from the vial."	"Check the radionuclide setting on the dose calibrator."	"Perform an accuracy check on the dose calibrator."	"Contact the radiopharmaceutical manufacturer."	"Return the vial to the vendor."	"1"	"Check the radionuclide setting on the dose calibrator."	"The technologist did not verify the label information and, therefore, should not withdraw any activity from the vial. According to the label information, the vial should contain a total activity of 555 MBq (10 mL x 55.5 MBq/mL), or 15 mCi: 37 MBq = 15 mCi 555 MBq x mCi The technologist should first ascertain that the vial was assayed on the correct radionuclide setting on the dose calibrator. If the radionuclide setting was correctly placed, the technologist should next perform dose calibrator quality control. Only when the technologist has verified that the equipment was used properly and is functioning properly should the manufacturer be contacted."	"Source: Saha, 2004; pp. 31-32."	"Question photos/Questions/Exam 4/IMG_1156.jpeg"	"Question photos/Answers/Exam 4/IMG_1234.jpeg"	""	""	""
"exam4-057"	"4"	"57"	"Radiopharmaceuticals"	"Radiopharmaceuticals"	"calculation"	"5"	"A vial of [67Ga] gallium citrate is calibrated to contain 5 mCi at 0600, Pacific Standard Time, on March 8. How much activity does the vial contain on March 9 at 1200 Eastern Standard Time?"	"3.9 mCi"	"4.9 mCi"	"6.3 mCi"	"3.7 mCi"	"2.5 mCi"	"0"	"3.9 mCi"	"The easiest approach is to first equate the calibration time to EST. (Most telephone company directories include a map of the time zones in the United States.) There is a 3-hr time difference between the East and West coasts, with the West Coast (Pacific Standard Time) being 3 hr earlier than the East Coast (Eastern Standard Time). Thus: 0600 PST = 0900 EST Once this conversion is performed, the problem is a straightforward decay-correction problem. The elapsed time between 0900 EST on 30 mCi March 8 and 1200 EST (noon) on March 9 is 27 hr. From a decay factor =18 mCi/mL table for Ga, the decay factor for 27 hr is 0.787. The total activity is = 1.7 mL decay-corrected for 27 hr to determine the total activity at 1200 EST on March 9: A(t) = A(O) x D = 5 mCi × 0.787 30 mCi ne = I.7 ml + 1.5 ml = 39 mCi = 9.4 mCi/mL"	"Source: Wells, 1999; pp. 172-173."	"Question photos/Questions/Exam 4/IMG_1156.jpeg"	"Question photos/Answers/Exam 4/IMG_1234.jpeg"	""	""	""
"exam4-058"	"4"	"58"	"Clinical Procedures"	"Lung Imaging"	"concept"	"3"	"What is the average CT number for the lung in Hounsfield Units (HU)?"	"-1,000"	"-500"	"-100"	"-50"	"0"	"1"	"-500"	"The average CT number value for lung tissue is about -500 HU. This value may vary with the beam quality of the CT scanner."	"Source: Waterstram-Rich & Gilmore, 2017, box 12-1; p. 312."	"Question photos/Questions/Exam 4/IMG_1156.jpeg"	"Question photos/Answers/Exam 4/IMG_1234.jpeg"	""	""	""
"exam4-059"	"4"	"59"	"Instrumentation & QC"	"Instrumentation & QC"	"concept"	"4"	"In labeling red blood cells with [51Cr]sodium chromate, which of the following components is first added to the ACD solution?"	"blood sample"	"[51Cr]sodium chromate"	"ascorbic acid"	"heparin"	"sodium chloride"	"0"	"blood sample"	"1716 cpm - × 100 = 6.7% The patient's blood should be added to the ACD solution before 51Cr is introduced into the vial. Dextrose contained in the ACD solution chemically reduces the hexavalent 51Cr to a trivalent state, which prevents red cell tagging. In a trivalent state, 51Cr cannot penetrate the red cell membrane."	"Source: Early and Sodee, 1995; p. 733."	"Question photos/Questions/Exam 4/IMG_1156.jpeg"	"Question photos/Answers/Exam 4/IMG_1234.jpeg"	""	""	""
"exam4-060"	"4"	"60"	"Radiation Safety"	"Radiation Safety"	"concept"	"5"	"All of the following are advantages of the in vitro method of labeling red blood cells with [99mTc] pertechnetate except:"	"The red blood cells can be washed to remove substances from the plasma that may interfere with labeling."	"A commercially manufactured kit that requires no cell separation by centrifugation is available."	"Higher labeling efficiencies than with the in vivo method are possible. "	"In vitro labeling has the lowest risk of red cell hemolysis."	"In vitro labeling allows clear separation from white blood cells."	"3"	"In vitro labeling has the lowest risk of red cell hemolysis."	"The in vitro method is recommended when patients are taking certain drugs, such as penicillin or doxorubicin, that have been shown to interfere with red cell labeling. In this method, the red cells can be washed and the interfering substances removed before cell labeling is attempted. The commercially prepared kit eliminates the need for centrifugation with the addition of reagents that oxidize or bind any stannous ion that has not been taken into the red cells, thus localizing the 99mTc uptake to the red cells. Labeling efficiencies of 95% or greater have been reported for the in vitro method. Labeling efficiencies for the in vivo method are reported to be 80%-90% and for the modified in vivo method to be comparable with those of the in vitro method. Because the red blood cells are removed, labeled, and then reinjected, the risk of hemolysis of the red cells is greater with the in vitro method than with the other methods."	"Source: Saha, 2004; p. 117."	"Question photos/Questions/Exam 4/IMG_1156.jpeg"	"Question photos/Answers/Exam 4/IMG_1235.jpeg"	""	""	""
"exam4-061"	"4"	"61"	"Instrumentation & QC"	"Dose Calibrator QC"	"image-interpretation"	"3"	"Which of this equipment is needed to verify the size and number of MAA particles in a [99mTc] MAA preparation?"	"dose calibrator"	"limulus amebocyte lysate solution"	"chromatography strips, solvent, developing chamber"	"hemocytometer, light microscope"	"G-M meter"	"3"	"hemocytometer, light microscope"	"Particles are viewed with the aid of a microscope. Their size and number can be determined by using the grids on the hemocytometer as a reference."	"Source: Saha, 2004; p. 113."	"Question photos/Questions/Exam 4/IMG_1157.jpeg"	"Question photos/Answers/Exam 4/IMG_1235.jpeg"	""	""	""
"exam4-062"	"4"	"62"	"Radiation Safety"	"Radiation Safety"	"protocol"	"2"	"According to NRC regulations, records of patient dosage determinations must be retained for how long?"	"7 years"	"5 years"	"10 years"	"indefinitely"	"3 years"	"4"	"3 years"	"U.S. Nuclear Regulatory Commission, 2003 (10 CFR 35.2063). The NRC requires that patient unit dosage records be retained for 3 years."	"Source photo: Answers/Exam 4/IMG_1235.jpeg."	"Question photos/Questions/Exam 4/IMG_1157.jpeg"	"Question photos/Answers/Exam 4/IMG_1235.jpeg"	""	""	""
"exam4-063"	"4"	"63"	"Instrumentation & QC"	"Instrumentation & QC"	"concept"	"3"	"During red blood cell labeling with 51Cr, the purpose of adding ascorbic acid to the ACD (acid-citrate-dextrose)-whole blood solution is to:"	"Reduce the chromate ion to a lower valence state."	"Maintain the pH of the mixture."	"Prevent clot formation."	"Prevent hemolysis of the red blood cells."	"Oxidize the chromate ion to a higher valence state."	"0"	"Reduce the chromate ion to a lower valence state."	"Ascorbic acid acts as a reducing agent to change the valence of radiochromium from +6 to +3, which stops the labeling process."	"Source: Saha, 2004, p. 131."	"Question photos/Questions/Exam 4/IMG_1157.jpeg"	"Question photos/Answers/Exam 4/IMG_1235.jpeg"	""	""	""
"exam4-064"	"4"	"64"	"Image Production"	"SPECT"	"protocol"	"4"	"Upon visual inspection, a vial of [99mTc] MAA has a white, slightly cloudy appearance. Which of the following actions should the technologist perform next?"	"Prepare another vial of [99mTc] MAA."	"Prepare unit doses from the vial."	"Filter the preparation."	"Adjust the pH of the preparation."	"Add appropriate diluent."	"1"	"Prepare unit doses from the vial."	"[99mTc] macroaggregated albumin is made up of aggregated protein particles (albumin). It normally appears as a cloudy, milky solution. Therefore, the technologist should use the vial to prepare unit doses."	"Source: Saha, 2004; pp. 151-152."	"Question photos/Questions/Exam 4/IMG_1157.jpeg"	"Question photos/Answers/Exam 4/IMG_1235.jpeg"	""	""	""
"exam4-065"	"4"	"65"	"Radiopharmaceuticals"	"Radiopharmaceuticals"	"image-interpretation"	"4"	"On the basis of the chromatography results shown here, what is the percentage radiochemical purity of the [99mTc] mertiatide (MAG3) preparation?"	"13.9%"	"96.2%"	"92.1%"	"94.0%"	"86.1%"	"4"	"86.1%"	"The free pertechnetate impurity is separated using system 1, and the hydrolyzed-reduced 99mTc impurity is separated using system 2. Free pertechnetate = 9.2 uCi / (107.5 uCi + 9.2 uCi) x 100 = 7.9%. Hydrolyzed-reduced 99mTc = 8.4 uCi / (132.6 uCi + 8.4 uCi) x 100 = 6.0%. Radiochemical purity = 100% - (7.9% + 6.0%) = 86.1%."	"Source: Wells, 1999; pp. 230-231, and Saha, 2004; pp. 153-161."	"Question photos/Questions/Exam 4/IMG_1157.jpeg"	"Question photos/Answers/Exam 4/IMG_1235.jpeg"	"assets/question-bank/retake/exam4-065/e4q65.jpg"	"Graphic for Exam 4, Question 65."	""
"exam4-066"	"4"	"66"	"Radiopharmaceuticals"	"MAA / Pulmonary Perfusion"	"concept"	"1"	"If an MAA kit contains approximately 6 million particles, what reconstituting volume is required to obtain 500,000 particles in 0.4 mL?"	"0.03 mL"	"0.21 ml"	"4.8 mL"	"12 mL"	"16 ml"	"2"	"4.8 mL"	"A proportion can be used to determine the total volume needed to reconstitute the MAA kit: particles in patient dosage particles in kit total volume in kit volume of patient dosage 500,000 particles 6 million particles 0.4 mL 0.4 mL x 6 million particles - = 4.8 mL 500, 000 particles"	"Source: Wells, 1999; p. 213."	"Question photos/Questions/Exam 4/IMG_1157.jpeg"	"Question photos/Answers/Exam 4/IMG_1235.jpeg"	""	""	""
"exam4-067"	"4"	"67"	"Radiation Safety"	"Radiation Safety"	"concept"	"2"	"When assembling a needle and syringe for an intravenous administration, all of the following areas must remain sterile except the:"	"luer lock"	"syringe tip"	"needle shaft"	"needle tip"	"outer side of the syringe barrel"	"4"	"outer side of the syringe barrel"	"The areas of a needle and syringe that must remain sterile are any areas that will come into contact with the sterile solution being withdrawn into the syringe or any part of the needle that will be introduced into the patient."	"Source: Lile, et al., 2003; p. 273."	"Question photos/Questions/Exam 4/IMG_1157.jpeg"	"Question photos/Answers/Exam 4/IMG_1235.jpeg"	""	""	""
"exam4-068"	"4"	"68"	"Radiation Safety"	"Radiation Safety"	"concept"	"3"	"The NRC defines an unrestricted area as one in which an individual will receive less than how many milliRems in an hour?"	"2 mRem"	"5 mRem"	"50 mRem"	"100 mRem"	"500 mRem"	"0"	"2 mRem"	"U.S. Nuclear Regulatory Commission, 2003 (10 CFR 20.1003 and 20.1301). According to the NRC, an unrestricted area is one in which access is not limited by or under control of a licensee and one in which an individual will receive less than 2 mRem in any hour."	"Source photo: Answers/Exam 4/IMG_1235.jpeg."	"Question photos/Questions/Exam 4/IMG_1157.jpeg"	"Question photos/Answers/Exam 4/IMG_1235.jpeg"	""	""	""
"exam4-069"	"4"	"69"	"Radiation Safety"	"Radiation Safety"	"concept"	"4"	"A package containing radioactive material is monitored and found to produce 0.4 mR/hr at the surface and no detectable radiation exposure at 1 m from the surface. Which DOT label must be affixed to the outside of the package?"	"""Category I-A"""	"""Category II"""	"""Category III"""	"No DOT label is required."	"""Category I"""	"4"	"""Category I"""	"U.S. Nuclear Regulatory Commission, 2003 (49 CFR 172.403 and 172.436-440). The label types and exposure rate limits for packages containing radioactive materials are: Exposure rate (mR/hr) Label category At surface At 1 m Category I (white) ≤0.5 No detectable radiation ≤50 Category Il (yellow) ≤1.0 Category III (yellow) ≤200 ≤10"	"Source photo: Answers/Exam 4/IMG_1235.jpeg."	"Question photos/Questions/Exam 4/IMG_1157.jpeg"	"Question photos/Answers/Exam 4/IMG_1235.jpeg"	""	""	""
"exam4-070"	"4"	"70"	"Radiation Safety"	"Dose Calibrator QC"	"concept"	"5"	"The NRC requires that all of the following information be included in unit dosage measurement records except the:"	"date of measurement "	"time of measurement"	"patient's name"	"radiopharmaceutical name"	"dose calibrator make and model number"	"4"	"dose calibrator make and model number"	"U.S. Nuclear Regulatory Commission, 2003 (10 CFR 35.2063), and Siegel, 2004; p. 56. According to the NRC, dosage measurement records must include the 9.2 uCi radiopharmaceutical, the patient's name or identification number (if one assigned), the prescribed dosage, the determined dosage (or notation that the dosage is less than 30 uCi or 1.1 MBq), the date and time of the measurement, and the name of the person who measured the dosage."	"Source photo: Answers/Exam 4/IMG_1235.jpeg."	"Question photos/Questions/Exam 4/IMG_1157.jpeg"	"Question photos/Answers/Exam 4/IMG_1235.jpeg"	""	""	""
"exam4-071"	"4"	"71"	"Radiation Safety"	"Radiation Safety"	"concept"	"1"	"If the distance between a radiation point source and a survey meter is doubled, the measured radiation exposure rate is reduced:"	"to half of the original exposure rate"	"unpredictably"	"to one-eighth of the original exposure rate"	"to one-quarter of the original exposure rate"	"to one-ninth of the original exposure rate"	"3"	"to one-quarter of the original exposure rate"	"The inverse square law states that doubling the distance from a point source reduces the radiation intensity to one-quarter of the original intensity."	"Source: Early and Sodee, 1995; pp. 72-74."	"Question photos/Questions/Exam 4/IMG_1157.jpeg"	"Question photos/Answers/Exam 4/IMG_1235.jpeg"	""	""	""
"exam4-072"	"4"	"72"	"Radiation Safety"	"Bone Imaging"	"image-interpretation"	"5"	"According to NRC regulations, which of the following radiopharmaceutical administration errors must be reported to the NRC?"	"A patient receives 18 mCi of [99mTc] pertechnetate when 20-25 mCi was prescribed."	"A patient scheduled for bone imaging receives 20 mCi of [99mTc] pertechnetate instead of [99mTc] medronate (MDP)."	"Patient A receives a hepatobiliary scan dosage intended for patient B."	"A patient receives a whole-body scan dosage of 131I instead of 123I for a thyroid uptake and scan."	"Patient A receives a bone scan dosage intended for patient B."	"3"	"A patient receives a whole-body scan dosage of 131I instead of 123I for a thyroid uptake and scan."	"U.S. Nuclear Regulatory Commission, 2003 (10 CFR 35.3045); Siegel, 2004; pp. 58-59. A licensee must notify the NRC of medical events, which are defined as an administration of a licensed material that results in an effective dose equivalent (EDE) greater than 5 Rem, dose to an organ or tissue greater than 50 Rem, or shallow dose equivalent (SDE) to the skin greater than 50 Rem because of any of the following: • The total dosage delivered differs from the prescribed dosage by 20% or more. • The total dosage falls outside the prescribed range. • The wrong radioactive drug was administered. • The radioactive drug was administered by the wrong route. • The radioactive dosage was administered to the wrong person. Of the possible answers to this question, only the 13lI will result in a radiation exposure meeting these criteria. In addition, the incorrect radioactive drug was given. Even though options a, b, and c describe errors in the administration of a radiopharmaceutical, the exposure to the patient does not exceed the criteria, and the error does not have to be reported to the NRC."	"Source photo: Answers/Exam 4/IMG_1236.jpeg."	"Question photos/Questions/Exam 4/IMG_1158.jpeg"	"Question photos/Answers/Exam 4/IMG_1236.jpeg"	""	""	""
"exam4-073"	"4"	"73"	"Radiation Safety"	"Radiation Safety"	"concept"	"3"	"According to the NRC, a written directive for the administration of [89Sr] chloride must include all of the following information except:"	"patient's Social Security number"	"radiopharmaceutical name"	"route of administration"	"signature of an authorized user"	"patient's name"	"0"	"patient's Social Security number"	"U.S. Nuclear Regulatory Commission, 2003 (10 CFR 35.40). A written directive for administration of a therapeutic dosage other than [131I] sodium iodide must include the patient's name, the radioactive drug, the route of administration, and the dosage to be administered. It must be dated and signed by the authorized user before the dosage is administered."	"Source photo: Answers/Exam 4/IMG_1236.jpeg."	"Question photos/Questions/Exam 4/IMG_1158.jpeg"	"Question photos/Answers/Exam 4/IMG_1236.jpeg"	""	""	""
"exam4-074"	"4"	"74"	"Radiation Safety"	"Radiation Safety"	"concept"	"4"	"According to the NRC, the radiation dose to the fetus of a declared pregnant worker must not exceed how many Rems during the pregnancy?"	"0.5 Rem"	"50 Rem"	"5 Rem"	"500 Rem"	"2 Rem"	"0"	"0.5 Rem"	"U.S. Nuclear Regulatory Commission, 2003 (10 CFR 20.1208), and Siegel, 2004; pp. 29-32. According to NRC regulations, the radiation dose to the fetus of a declared pregnant worker must not exceed 0.5 Rem (500 mRem) during the entire pregnancy."	"Source photo: Answers/Exam 4/IMG_1236.jpeg."	"Question photos/Questions/Exam 4/IMG_1158.jpeg"	"Question photos/Answers/Exam 4/IMG_1236.jpeg"	""	""	""
"exam4-075"	"4"	"75"	"Radiation Safety"	"Thyroid Imaging"	"protocol"	"5"	"Which of the following monitoring techniques should be employed to rule out internal contamination after handling a radioiodine solution?"	"thyroid uptake 24 hr after handling the solution"	"urine counts 2-4 hr after handling the solution"	"plasma counts 24 hr after handling the solution"	"pocket dosimeter reading"	"G-M meter reading"	"0"	"thyroid uptake 24 hr after handling the solution"	"Iodine is taken up into the thyroid gland whether it is ingested, inhaled, or absorbed through the skin. Therefore, using an uptake probe to measure radioiodine uptake the day after handling a radioiodine solution is the method of choice."	"Source: Christian, et al., 2004; p. 190."	"Question photos/Questions/Exam 4/IMG_1158.jpeg"	"Question photos/Answers/Exam 4/IMG_1236.jpeg"	""	""	""
"exam4-076"	"4"	"76"	"Radiation Safety"	"Radiation Safety"	"concept"	"1"	"When surveying for contamination, which of the following diagrams depicts the correct position of the probe of an end-window G-M meter in relation to the surface being monitored?"	"Diagram A"	"Diagram B"	"Diagram C"	"Diagram D"	"Diagram E"	"2"	"Diagram C"	"The flat end-window of a G-M meter is the area sensitive to radiation. Therefore, when surveying for surface contamination, the end of the probe should be placed directly over the area being surveyed. To avoid contaminating the probe, the probe should not touch the surface and should be kept approximately 1.5 inch from the surface."	"Source: Thompson, et al., 1994; p. 34."	"Question photos/Retake Photos/IMG_1328.jpeg"	"Question photos/Answers/Exam 4/IMG_1236.jpeg"	"assets/question-bank/retake/exam4-076/e4q76.jpg"	"Graphic for Exam 4, Question 76."	""
"exam4-077"	"4"	"77"	"Radiation Safety"	"Radiation Safety"	"concept"	"2"	"According to the NRC, packages with which of the following DOT labels must be checked for contamination using a wipe test?"	"yellow II only"	"white I and yellow II only"	"yellow II and yellow III only"	"yellow Ill only"	"white I, yellow II, and yellow III"	"4"	"white I, yellow II, and yellow III"	"U.S. Nuclear Regulatory Commission, 2003 (CFR 20.1906); Siegel, 2004; pp. 41-43. According to the NRC, all shipments of radioactive materials identified with DOT radioactive labels of White I, Yellow II, or Yellow III must be tested for contamination using a wipe test."	"Source photo: Answers/Exam 4/IMG_1236.jpeg."	"Question photos/Questions/Exam 4/IMG_1158.jpeg"	"Question photos/Answers/Exam 4/IMG_1236.jpeg"	""	""	""
"exam4-078"	"4"	"78"	"Radiation Safety"	"Radiation Safety"	"concept"	"3"	"The first step in the radioactive decontamination of personnel is to:"	"Immediately place the contaminated person in a shower."	"Wash contaminated areas of the skin with soap and water."	"Remove the contaminated person from the site of the spill."	"Remove any articles of contaminated personal or protective clothing."	"Establish hot and cold zones."	"3"	"Remove any articles of contaminated personal or protective clothing."	"Most contamination may be eliminated by removing personal clothing or protective garb, such as gloves or lab coats. Once contaminated clothing is removed, decontamination of skin surfaces should begin."	"Source: Christian, et al., 2004; p. 202."	"Question photos/Questions/Exam 4/IMG_1158.jpeg"	"Question photos/Answers/Exam 4/IMG_1236.jpeg"	""	""	""
"exam4-079"	"4"	"79"	"Radiation Safety"	"Radiation Safety"	"concept"	"4"	"According to NRC regulations, a written directive must be retained:"	"for 1 year"	"indefinitely"	"for 5 years"	"for 3 years"	"for 7 years"	"3"	"for 3 years"	"U.S. Nuclear Regulatory Commission, 2003 (10 CFR 35.2040). According to the NRC, written directives must be retained for 3 years."	"Source photo: Answers/Exam 4/IMG_1236.jpeg."	"Question photos/Questions/Exam 4/IMG_1158.jpeg"	"Question photos/Answers/Exam 4/IMG_1236.jpeg"	""	""	""
"exam4-080"	"4"	"80"	"Radiation Safety"	"Radiation Safety"	"concept"	"5"	"According to the NRC, patient dosage records must be retained for how many years?"	"3 year"	"1 years"	"5 years"	"as long as the facility's license is in effect"	"7 years"	"0"	"3 year"	"U.S. Nuclear Regulatory Commission, 2003 (10 CFR 35.63); Siegel, 2004; pp. 55-57. According to the NRC, patient dosage records must be retained for 3 years."	"Source photo: Answers/Exam 4/IMG_1236.jpeg."	"Question photos/Questions/Exam 4/IMG_1158.jpeg"	"Question photos/Answers/Exam 4/IMG_1236.jpeg"	""	""	""
"exam4-081"	"4"	"81"	"Radiation Safety"	"Radiation Safety"	"concept"	"1"	"If a technologist stands next to a radioactive source that is producing an exposure rate of 0.5 mRem/hr for 20 min, what radiation dose does the technologist receive?"	"17 mRem"	"0.5 mRem"	"10 mRem"	"0.17 mRem"	"23 mRem"	"3"	"0.17 mRem"	"To determine the total dose, multiply the exposure rate by the time of exposure. In this case, the exposure rate must be converted from mRem/hr to mRem/min by dividing the hourly rate by 60 min: (05mRemhr' x 20 min = 0.17 mRem 60 min/hr"	"Source: Wells, 1999; p. 98."	"Question photos/Questions/Exam 4/IMG_1158.jpeg"	"Question photos/Answers/Exam 4/IMG_1236.jpeg"	""	""	""
"exam4-082"	"4"	"82"	"Radiation Safety"	"Radiation Safety"	"concept"	"2"	"A wipe test gives a reading of 1240 cpm with a background count of 410 cpm. If the efficiency of the instrument is 35%, what is the wipe test reading in dpm?"	"35 dpm"	"290 dpm"	"3,542 dpm"	"2,371 dpm"	"5,273 dpm"	"3"	"2,371 dpm"	"To determine wipe test readings in dpm: dpm = gross cpm - background cpm decimal efficiency In this example: 0.35 1240 cpm - 410 cpm = 2371 dpm"	"Source: Wells, 1999; p. 93."	"Question photos/Questions/Exam 4/IMG_1158.jpeg"	"Question photos/Answers/Exam 4/IMG_1236.jpeg"	""	""	""
"exam4-083"	"4"	"83"	"Radiation Safety"	"Radiation Safety"	"concept"	"3"	"10 millisieverts is equivalent to how many milliRems?"	"0.1"	"1,000"	"100"	"1"	"10,000"	"1"	"1,000"	"1 mSv = 100 mRem; therefore, 10 x 100 mRem = 1000 mRem"	"Source: Wells, 1999; p. 37."	"Question photos/Retake Photos/IMG_1329.jpeg"	"Question photos/Answers/Exam 4/IMG_1236.jpeg"	""	""	""
"exam4-084"	"4"	"84"	"Radiation Safety"	"Radiation Safety"	"concept"	"4"	"If a technologist receives dosimeter readings that are nearly equal to the NRC limits, which of the following is the most appropriate action?"	"The technologist must cease working in a radiation area."	"The technologist can work in a radiation area but must limit exposure."	"The RSO must reassign the technologist to non-radiation exposure work areas."	"The RSO must give the technologist a written warning."	"The RSO must review the technologist's work habits."	"4"	"The RSO must review the technologist's work habits."	"If an occupationally exposed worker has an exposure reading that approaches the NRC limits, the RSO is required to review the individual's work habits to determine what changes can be made to decrease exposure."	"Source: Siegel, 2004; p. 35."	"Question photos/Questions/Exam 4/IMG_1159.jpeg"	"Question photos/Answers/Exam 4/IMG_1236.jpeg"	""	""	""
"exam4-085"	"4"	"85"	"Instrumentation & QC"	"Instrumentation & QC"	"protocol"	"5"	"How often must dose-calibrator constancy be performed?"	"daily"	"monthly"	"weekly"	"annually"	"hourly"	"0"	"daily"	"Dose calibrator constancy is tested daily before the instrument is used to measure radiopharmaceuticals."	"Source: U.S. Nuclear Regulatory Commission, 2003 (10 CFR 35.60), and Siegel, 2004; pp. 50-52."	"Question photos/Questions/Exam 4/IMG_1159.jpeg"	"Question photos/Answers/Exam 4/IMG_1237.jpeg"	""	""	""
"exam4-086"	"4"	"86"	"Radiation Safety"	"Radiation Safety"	"protocol"	"1"	"According to the NRC, records of survey meter calibration are retained for how long?"	"7 years"	"5 years"	"as long as the instrument is in use"	"as long as the facility license is in effect"	"3 years"	"2"	"as long as the instrument is in use"	"Survey meter calibration records are retained for 3 years under NRC recordkeeping requirements."	"Source: U.S. Nuclear Regulatory Commission, 2003 (10 CFR 35.2061); Siegel, 2004; pp. 50-52."	"Question photos/Questions/Exam 4/IMG_1159.jpeg"	"Question photos/Answers/Exam 4/IMG_1237.jpeg"	""	""	""
"exam4-087"	"4"	"87"	"Image Production"	"SPECT"	"protocol"	"2"	"The y-ray spectrum shown here was obtained at a voltage of 800. Counts per window Minute Voltage To move the photopeak into the window, which of the following actions should be taken?"	"The voltage should be decreased."	"The voltage should be increased."	"The window should be widened."	"d The window should be moved."	"The high voltage should be turned off."	"1"	"The voltage should be increased."	"As voltage increases, the gamma ray spectrum moves to the right. Therefore, increasing the voltage will shift the photopeak toward the window and, if the voltage is increased sufficiently, into the window."	"Source: Early and Sodee, 1995; p. 159."	"Question photos/Questions/Exam 4/IMG_1159.jpeg"	"Question photos/Answers/Exam 4/IMG_1237.jpeg"	"assets/question-bank/retake/exam4-087/e4q87.jpg"	"Graphic for Exam 4, Question 87."	""
"exam4-088"	"4"	"88"	"Instrumentation & QC"	"Instrumentation & QC"	"protocol"	"3"	"These are the results of energy-resolution tests for the last four quarters:"	"% Energy resolution The energy resolution of the instrument is improving."	"Month The test is erroneous."	"9.5% The results indicate that the instrument should no longer be used."	"January The test should be performed with a different radionuclide. The energy resolution of the instrument is worsening."	"10.3% April 10.9% July 11.1% October According to these data, which of the following statements is true?"	"4"	"10.3% April 10.9% July 11.1% October According to these data, which of the following statements is true?"	"As the percent energy resolution increases (the value becomes larger), the energy resolution worsens. This means that the FWHM is becoming larger because the photopeak is broadening and, hence, degrading the energy resolution of the instrument. The energy resolution of any counting system decreases with age as a result of deterioration of both the crystal and the electronics. Sudden changes in energy resolution may indicate a cracked crystal."	"Source: Early and Sodee, 1995; pp. 165-167, and Wells, 1999; pp. 129-130."	"Question photos/Questions/Exam 4/IMG_1159.jpeg"	"Question photos/Answers/Exam 4/IMG_1237.jpeg"	"assets/question-bank/retake/exam4-088/e4q88.jpg"	"Graphic for Exam 4, Question 88."	""
"exam4-089"	"4"	"89"	"Radiation Safety"	"Radiation Safety"	"protocol"	"4"	"According to the NRC, how often must survey meters be calibrated?"	"daily"	"before each use"	"annually"	"monthly"	"bi-annually"	"2"	"annually"	"U.S. Nuclear Regulatory Commission, 2003 (10 CFR 35.61), and Siegel, 2004; pp. 43-45. According to NRC regulations, survey meters must be calibrated before first use, annually, and after each repair."	"Source photo: Answers/Exam 4/IMG_1237.jpeg."	"Question photos/Questions/Exam 4/IMG_1159.jpeg"	"Question photos/Answers/Exam 4/IMG_1237.jpeg"	""	""	""
"exam4-090"	"4"	"90"	"Instrumentation & QC"	"Uniformity QC"	"protocol"	"5"	"On the basis of this flood image, which of the following should the technologist do?"	"Reacquire the flood for more counts."	"There is non-uniformity; troubleshoot the problem."	"Arrange for service immediately."	"Perform Chi-square test."	"There is uniformity; use as usual."	"1"	"There is non-uniformity; troubleshoot the problem."	"This flood demonstrates significant non-uniformity. Therefore, the technologist should first confirm that the image was acquired on the correct radionuclide and window settings. A repeat image should be acquired if the settings were incorrect. If the repeat image also shows the non-uniformity, service should be requested. Patient studies must not be acquired on this instrument until the problem is corrected."	"Source: Bernier, et al., 1994; pp. 87-89."	"Question photos/Questions/Exam 4/IMG_1159.jpeg"	"Question photos/Answers/Exam 4/IMG_1237.jpeg"	"assets/question-bank/retake/exam4-090/e4q90.jpg"	"Graphic for Exam 4, Question 90."	""
"exam4-091"	"4"	"91"	"Instrumentation & QC"	"SPECT"	"protocol"	"1"	"The standard of practice dictates that the center of rotation (COR) offset correction be performed how frequently on SPECT cameras?"	"weekly"	"daily"	"monthly"	"quarterly"	"hourly"	"0"	"weekly"	"weekly. It is recommended that the COR offset correction be performed at least"	"Source: English, 1995; p. 44."	"Question photos/Questions/Exam 4/IMG_1160.jpeg"	"Question photos/Answers/Exam 4/IMG_1237.jpeg"	""	""	""
"exam4-092"	"4"	"92"	"Instrumentation & QC"	"Uniformity QC"	"protocol"	"2"	"How often should a uniformity flood be acquired on a scintillation camera?"	"weekly"	"daily"	"monthly"	"quarterly"	"hourly"	"1"	"daily"	"The standard of practice calls for acquisition of a uniformity flood every day the camera is used, prior to performing patient studies."	"Source: Bernier, et al., 1994; pp. 88-89."	"Question photos/Questions/Exam 4/IMG_1160.jpeg"	"Question photos/Answers/Exam 4/IMG_1237.jpeg"	""	""	""
"exam4-093"	"4"	"93"	"Image Production"	"Bone Imaging"	"image-interpretation"	"5"	"Static frame mode acquisition is the most appropriate type of image acquisition for which of the following procedures?"	"first phase of a three-phase bone scan"	"thyroid imaging"	"left ventricular ejection fraction determination"	"renal function imaging"	"bone imaging"	"1"	"thyroid imaging"	"A static acquisition is performed in studies where the radiopharmaceutical localizes and remains in the area of interest for a period of time long enough for imaging to be completed. The radiopharmaceutical is fixed in the area of interest during the acquisition. For example, the thyroid is imaged after sufficient time has passed for the tracer to be localized in the gland. Data are acquired either for a preset number of counts or for a preset time. Dynamic frame mode acquisitions are used in studies where movement of the tracer is important to document. The blood flow phase (first phase) of a three-phase bone scan and renal function studies are examples of dynamic frame mode acquisitions. A left ventricle ejection fraction (LVEF) determination uses a gated technique, which is a variation of a dynamic acquisition."	"Source: Saha, 2004; pp. 135-138."	"Question photos/Questions/Exam 4/IMG_1160.jpeg"	"Question photos/Answers/Exam 4/IMG_1237.jpeg"	""	""	""
"exam4-094"	"4"	"94"	"Radiation Safety"	"Uniformity QC"	"concept"	"4"	"Which of the following radionuclide sources is used to acquire an extrinsic uniformity flood?"	"99mTc point source with collimator removed"	"57Co sheet source with collimator removed"	"99mTc point source with collimator in place"	"131I point source with collimator removed"	"57Co sheet source with collimator in place"	"4"	"57Co sheet source with collimator in place"	"English, 1995; pp. 37-40. The collimator must be in place when uniformity correction acquisitions are performed because collimators have inherent variations that differ from one collimator to another. Because an extrinsic flood is being acquired, a sheet source is required. A point source imaged with a collimator cannot distribute photons evenly over the crystal."	"Source: Early and Sodee, 1995; p. 81, and"	"Question photos/Questions/Exam 4/IMG_1160.jpeg"	"Question photos/Answers/Exam 4/IMG_1237.jpeg"	""	""	""
"exam4-095"	"4"	"95"	"Instrumentation & QC"	"Uniformity QC"	"concept"	"5"	"It is recommended that high-count uniformity correction flood maps be acquired how frequently?"	"daily"	"weekly"	"monthly"	"quarterly"	"hourly"	"1"	"weekly"	"For uniformity correction maps, it is recommended that high-count flood images be acquired weekly. These flood images should not be confused with daily uniformity flood images that are acquired to check detector response."	"Source: Bernier, et al., 1994; pp. 91-92."	"Question photos/Questions/Exam 4/IMG_1160.jpeg"	"Question photos/Answers/Exam 4/IMG_1237.jpeg"	""	""	""
"exam4-096"	"4"	"96"	"Instrumentation & QC"	"Bone Imaging"	"concept"	"1"	"Which of the following will increase the resolution of a ""spot view' bone image obtained with a parallel-hole collimator?"	"moving the camera closer to the patient's body"	"increasing the pulse-height analyzer window width"	"using a high-sensitivity collimator instead of LEAP collimator"	"using fewer shades of gray to display the image"	"using a slant hole collimator"	"0"	"moving the camera closer to the patient's body"	"The resolution of a parallel-hole collimator is greatest at its surface, so the closer the collimator is to the patient, the better the resolution will be. Increasing the window width will admit more scatter, decreasing the resolution. A high-sensitivity collimator has larger holes that admit photons that are traveling at greater angles. This decreases resolution, because the data are recorded as if the photon traveled on a straight line directly up from its origin to the crystal. If the number of shades of gray in the grayscale is decreased, there will be less detail and, therefore, less resolution."	"Source: Christian, et al., 2004; pp. 66-67."	"Question photos/Questions/Exam 4/IMG_1160.jpeg"	"Question photos/Answers/Exam 4/IMG_1237.jpeg"	""	""	""
"exam4-097"	"4"	"97"	"Radiation Safety"	"Radiation Safety"	"concept"	"2"	"If a Butterworth filter is applied to an image and the order of the filter remains constant, which of the following cutoff frequencies (the frequency at which the filter magnitude drops below 0.5) will result in the smoothest image?"	"0.50 cycles/pixel"	"0.42 cycles/pixel"	"0.33 cycles/pixel"	"0.15 cycles/pixel"	"0.12 cycles/pixel"	"3"	"0.15 cycles/pixel"	"frequency of 0.5 cycles/pixel results in an image with the most detail and the most high-frequency noise. At the other extreme, a cutoff frequency of 0.15 cycles/pixel removes many of the high frequencies, resulting in a very smooth image without much detail."	"Source: Christian, et al., 2004; pp. 118-119, 258-259. The lower the cutoff frequency, the more high frequencies (which provide image detail) are removed from an image. Therefore, a cutoff fre-"	"Question photos/Questions/Exam 4/IMG_1160.jpeg"	"Question photos/Answers/Exam 4/IMG_1237.jpeg"	""	""	""
"exam4-098"	"4"	"98"	"Instrumentation & QC"	"PET"	"image-interpretation"	"4"	"When a high activity of a radionuclide is used for a PET scan, image quality is degraded because:"	"deadtime decreases"	"random events increase"	"attenuation increases"	"noise increases"	"specificity decreases"	"1"	"random events increase"	"As activity increases, so does the number of events. With a large number of events occurring almost simultaneously, there is a greater likelihood that unrelated photons (randoms) will be mistaken as coincident pairs. Deadtime remains the same, but more events occur within that time frame and, therefore, go uncounted. Attenuation is not dependent upon activity; it is present regardless of the amount of activity administered. However, with a higher activity, more ""good"" events are going to be registered because more of them occur. Noise decreases with an increase in activity because, as the number of events increases, the effect of randomness (noise) decreases."	"Source: Turkington, 2001; pp. 6-8."	"Question photos/Questions/Exam 4/IMG_1160.jpeg"	"Question photos/Answers/Exam 4/IMG_1237.jpeg"	""	""	""
"exam4-099"	"4"	"99"	"Instrumentation & QC"	"Instrumentation & QC"	"concept"	"4"	"If a 20% window is set around a centerline of 364 keV, what energies will be accepted by the pulse-height analyzer?"	"291-437 keV"	"328-400 keV"	"344-384 keV"	"354-374 keV"	"364-384 keV"	"1"	"328-400 keV"	"The energies accepted within a window centered around a given energy are calculated as follows: energies within window = centerline energy energy (keV) x % window as decimal In this example: 364 keV + 364 x 0.2 = 364 keV + 36 364 keV 36 = 328 - 400 keV"	"Source: Wells, 1999; p. 140."	"Question photos/Questions/Exam 4/IMG_1160.jpeg"	"Question photos/Answers/Exam 4/IMG_1238.jpeg"	""	""	""
"exam4-100"	"4"	"100"	"Instrumentation & QC"	"Collimators"	"concept"	"5"	"A technologist changes the collimator on a gamma camera from a low-energy all-purpose collimator to a high-resolution collimator. If the same number of counts is acquired, how will the acquisition time change when the high-resolution collimator is used?"	"The acquisition time will be the same with both collimators."	"The acquisition time will increase."	"The acquisition time will decrease."	"The effect on acquisition time is unpredictable."	"The effect on the acquisition time is determined by the sensitivity of the instrument."	"1"	"The acquisition time will increase."	"Yester, 2001. Because the holes are smaller and the septa are often longer in a high-resolution collimator, fewer photons pass through the channels and strike the crystal. This decreases sensitivity. Therefore, it would take more time to acquire the same number of counts using a high-resolution collimator."	"Source photo: Answers/Exam 4/IMG_1238.jpeg."	"Question photos/Questions/Exam 4/IMG_1160.jpeg"	"Question photos/Answers/Exam 4/IMG_1238.jpeg"	""	""	""
"exam5-001"	"5"	"1"	"Radiopharmaceuticals"	"Radiopharmaceuticals"	"concept"	"1"	"A [99mTc] oxidronate (HDP) image of the region shown would demonstrate all of the following structures except the:"	"costochondral junctions"	"acromion processes"	"clavicles"	"sternum"	"humerus"	"1"	"acromion processes"	"The diagram depicts an anterior view of the rib cage and proximal upper extremities. The acromion processes would be demonstrated on a posterior view of the upper thorax that includes the scapulae."	"Source: Christian, et al., 2004; pp. 497-498."	"Question photos/Questions/Exam 5/IMG_1161.jpeg"	"Question photos/Answers/Exam 5/IMG_1239.jpeg"	"assets/question-bank/retake/exam5-001/e5q1.jpg"	"Graphic for Exam 5, Question 1."	""
"exam5-002"	"5"	"2"	"Patient Care"	"Bone Imaging"	"concept"	"2"	"For a patient undergoing bone imaging, which of the following information from the medical history is relevant to the interpretation of the bone image?"	"splenectomy 5 years ago"	"abdominal surgery 10 days ago"	"radiation therapy to the breast 6 months ago"	"gallbladder surgery a year ago"	"results of previous bone imaging procedures"	"4"	"results of previous bone imaging procedures"	"Results of previous bone imaging procedures performed with nuclear medicine or another imaging modality may provide additional information not demonstrated on the current image or indications that the condition has improved or worsened. Healing soft tissue, such as that resulting from recent abdominal surgery, will concentrate bone tracer in an unexpected area. External beam radiation therapy can cause photopenic areas—areas of decreased tracer activity—on the bone image in the area where the therapy was delivered. All of this information will help the physician explain the findings on a bone image."	"Source: Cevola, 1993; p. 12."	"Question photos/Questions/Exam 5/IMG_1161.jpeg"	"Question photos/Answers/Exam 5/IMG_1239.jpeg"	""	""	""
"exam5-003"	"5"	"3"	"Radiopharmaceuticals"	"Lung Imaging"	"concept"	"3"	"If a patient is injected with [99mTc] MAA while in an upright position, which of the following is most likely to be seen on the perfusion lung images?"	"increased tracer activity in the lung apices"	"decreased tracer activity in the lung bases"	"decreased tracer activity in the lung apices"	"decreased tracer activity throughout both lungs"	"the heart"	"2"	"decreased tracer activity in the lung apices"	"uted in the bases of the lungs than in the apices. In the supine position, although there is a blood flow gradient from anterior to posterior, there is a more homogeneous distribution of particles from apex to base."	"Source: Christian, et al., 2004; pp. 389-390, 392-394. If the patient is in the upright position, the apices of the lung receive very little blood flow. Consequently, more MAA particles will be distrib-"	"Question photos/Questions/Exam 5/IMG_1161.jpeg"	"Question photos/Answers/Exam 5/IMG_1239.jpeg"	""	""	""
"exam5-004"	"5"	"4"	"Radiopharmaceuticals"	"MAA / Pulmonary Perfusion"	"protocol"	"4"	"If the usual adult dosage of [99mTc] MAA is 4 mCi, a patient who has had a right pneumonectomy should receive what dosage?"	"1 mCi "	"3 mCi"	"2 mCi"	"5 mCi"	"4 mCi"	"2"	"2 mCi"	"For an adult patient who has only one lung and, therefore, half the lung vasculature, half the usual dosage is recommended. This reduces the number of particles to approximately half of what is administered in a full dosage."	"Source: Christian, et al., 2004; p. 392."	"Question photos/Questions/Exam 5/IMG_1161.jpeg"	"Question photos/Answers/Exam 5/IMG_1239.jpeg"	""	""	""
"exam5-005"	"5"	"5"	"Clinical Procedures"	"Clinical Procedures"	"protocol"	"5"	"Which one of the following steps would be appropriate during a standby-assist wheelchair transfer?"	"The wheelchair should be perpendicular to the imaging table."	"The wheelchair footrests should be out of the way."	"The wheelchair should be placed parallel to the imaging table."	"The wheelchair should be unlocked."	"The transfer should take place in the presence of a physician."	"1"	"The wheelchair footrests should be out of the way."	"The footrests should always be moved out of the way. The wheelchair must be properly aligned to the imaging table (depending on patient condition) and locked."	"Source: Adler and Carlton, 2003; p. 137."	"Question photos/Questions/Exam 5/IMG_1161.jpeg"	"Question photos/Answers/Exam 5/IMG_1239.jpeg"	""	""	""
"exam5-006"	"5"	"6"	"Patient Care"	"Infection Imaging"	"concept"	"1"	"Patient preparation for infection imaging using tagged white blood cells includes:"	"fasting for at least 4 hr with a blood glucose level below 120 mg/dL"	"lab work and information concerning recent blood transfusions"	"discontinuation of certain medications"	"smoking cessation for at least 24 hr"	"fasting for at least 4 hr with a blood glucose level below 200 mg/dL"	"1"	"lab work and information concerning recent blood transfusions"	"No special preparation is needed for a white blood cell infection imaging other than a possible interference if the patient has had a recent blood transfusion. d Christian, et al., 2004; p. 363. A pinhole collimator provides an image with better resolution and offers the ability to obtain oblique views. A parallel-hole collimator used with electronic zoom can provide a magnified image with good resolution."	"Source: Shackett, 2009; p. 255."	"Question photos/Questions/Exam 5/IMG_1161.jpeg"	"Question photos/Answers/Exam 5/IMG_1239.jpeg"	""	""	""
"exam5-007"	"5"	"7"	"Instrumentation & QC"	"Thyroid Imaging"	"protocol"	"2"	"Thyroid imaging may be performed with which of the following collimators?"	"flat field"	"pinhole"	"parallel hole"	"pinhole or parallel hole"	"slant hole"	"3"	"pinhole or parallel hole"	"Thyroid imaging may be performed with either a pinhole collimator or a parallel-hole collimator, depending on the required field of view and resolution."	"Source photo: IMG_1239.jpeg."	"Question photos/Questions/Exam 5/IMG_1161.jpeg"	"Question photos/Answers/Exam 5/IMG_1239.jpeg"	""	""	""
"exam5-008"	"5"	"8"	"Image Production"	"Thyroid Imaging"	"calculation"	"4"	"In performing a thyroid uptake, a technologist collects the thyroid counts 5 cm from the surface of the patient's neck and the standard counts 20 cm from the surface of the neck phantom. What is the effect on the thyroid uptake value calculated from this data?"	"The uptake value will be falsely increased."	"The uptake value will be falsely decreased."	"The uptake value will be accurate."	"The results are unpredictable."	"There is no effect."	"0"	"The uptake value will be falsely increased."	"Recall that, as a point source is moved closer to the face of a flat-field collimator, more counts are collected. If the standard represents the total amount of activity administered to the patient, the counts collected from the patient's neck represent a portion of the total amount of activity that concentrated in the thyroid gland. It is important, therefore, based on the response of the detector at a given distance, to count both the standard and the patient at the same distance. For example, suppose the standard and the patient were both counted at 20 cm, and 20,000 net cpm and 5,000 net cpm were obtained, respectively. The patient's uptake is: 5000 cpm neck counts × 100 = 25% standard counts - x 100 = 20,000 cpm If the patient were counted at 5 cm instead of 20 cm, more counts would be collected (i.e., 10,000 cpm). Then, the patient's uptake is falsely increased: 10,000 cpm neck counts × 100 = 50% standard counts - x 100 = 20,000 cpm aEarly and Sodee, 1995; p. 392. The counts per minute are obtained from the regions of interest drawn around the end-diastolic and end-systolic images. The counts in each region are then corrected for background. The formula for calculating the left ventricular ejection fraction is: net end-diastolic counts - net end-systolic counts × 100 LVEF = net end-diastolic counts 2875 cpm - 2162 cpm x 100 = 25% 2875 cpm"	"Source: Early and Sodee, 1995; pp. 207-210."	"Question photos/Questions/Exam 5/IMG_1161.jpeg"	"Question photos/Answers/Exam 5/IMG_1239.jpeg"	""	""	""
"exam5-009"	"5"	"9"	"Image Production"	"Image Production"	"calculation"	"5"	"The percentage left ventricular ejection fraction calculated from the net counts per minute shown here, is approximately:
end diastole 2875
end systole 2162"	"25%"	"13%"	"33%"	"100%"	"75%"	"0"	"25%"	"Left ventricular ejection fraction equals (end-diastolic counts minus end-systolic counts) divided by end-diastolic counts. (2875 - 2162) / 2875 is approximately 25%."	"Source photo: IMG_1240.jpeg."	"Question photos/Questions/Exam 5/IMG_1161.jpeg"	"Question photos/Answers/Exam 5/IMG_1240.jpeg"	""	""	""
"exam5-010"	"5"	"10"	"Radiopharmaceuticals"	"Infection Imaging"	"protocol"	"5"	"When a technologist cares for a patient who is not known to have a communicable disease, all of the following infection control measures should be implemented except:"	"wearing gloves when collecting a blood sample"	"decontaminating imaging equipment with an antiseptic"	"handwashing before and after the nuclear medicine examination"	"using a needle recapping device"	"maintaining aseptic technique when administering the radiopharmaceutical"	"1"	"decontaminating imaging equipment with an antiseptic"	"Standard precautions should be used routinely with all patients. These precautions include activities such as hand washing, wearing gloves, and recapping needles using a safety device. Decontaminating imaging equipment would be performed only if it came in contact with biological fluids from a patient or with a patient known to be infected with a communicable disease."	"Source: Adler and Carlton, 2003; pp. 195-197."	"Question photos/Questions/Exam 5/IMG_1162.jpeg"	"Question photos/Answers/Exam 5/IMG_1240.jpeg"	""	""	""
"exam5-011"	"5"	"11"	"Clinical Procedures"	"Clinical Procedures"	"concept"	"1"	"Normal sinus rhythm is characterized by which of the following?
A. 60-100 beats/min
B. R wave occurs at constant intervals
C. PR interval 0.12-0.20 sec long"	"A and B only"	"A and C only"	"B and C only"	"A, B, and C"	"C only"	"3"	"A, B, and C"	"The characteristics of normal sinus rhythm as they appear on an ECG tracing are: (1) heart rate of 60-100 beats per minute, (2) R waves at regular intervals (variance of less than 0.12 sec), (3) P waves present and precede QRS complex, (4) PR interval between 0.12 and 0.20 sec long, and (5) QRS complex less than 0.12 sec."	"Source: English, et al., 1993; pp. 50-51."	"Question photos/Questions/Exam 5/IMG_1162.jpeg"	"Question photos/Answers/Exam 5/IMG_1240.jpeg"	""	""	""
"exam5-012"	"5"	"12"	"Image Production"	"Image Production"	"image-interpretation"	"5"	"After stress myocardial imaging with [201Tl] thallous chloride, 1-1.5 mCi of [201Tl] thallous chloride may be administered before rest myocardial imaging to:"	"improve patient throughput"	"demonstrate reversible ischemia more readily"	"demonstrate infarct size more precisely"	"minimize visualization of attenuation artifacts"	"maximize visualization of attenuation artifacts"	"1"	"demonstrate reversible ischemia more readily"	"Defects visualized on stress images are interpreted as myocardial ischemia if the defects fill in on the resting images. However, the rate of redistribution varies, and ischemic areas may not appear to have re-perfused by 4 hr. Administering a second, smaller dose of 201Tl before rest imaging provides additional tracer in the circulation that can be extracted into these areas, improving the image quality and identifying reversible ischemia."	"Source: Early and Sodee, 1995; p. 419."	"Question photos/Questions/Exam 5/IMG_1162.jpeg"	"Question photos/Answers/Exam 5/IMG_1240.jpeg"	""	""	""
"exam5-013"	"5"	"13"	"Clinical Procedures"	"Hepatobiliary Imaging"	"concept"	"3"	"If the gallbladder is not visualized within 60 min during hepatobiliary imaging, which of the following may be administered?"	"cimetidine"	"morphine"	"dobutamine"	"furosemide"	"adenosine"	"1"	"morphine"	"If the gallbladder is not visualized after 1 hr but tracer is seen in the common bile duct and small intestine, morphine may be administered. Morphine acts on the sphincter of Oddi, causing it to contract, thus increasing pressure in the common bile duct and causing tracer to flow into the gallbladder."	"Source: Mettler and Guiberteau, 1991; p. 200."	"Question photos/Questions/Exam 5/IMG_1162.jpeg"	"Question photos/Answers/Exam 5/IMG_1240.jpeg"	""	""	""
"exam5-014"	"5"	"14"	"Patient Care"	"Patient Care"	"concept"	"4"	"Preparation of the patient for Meckel's diverticulum localization includes:"	"administration of laxatives"	"oral or intravenous hydration"	"an enema immediately before imaging"	"fasting for at least 2 hr before imaging"	"an enema immediately after imaging"	"3"	"fasting for at least 2 hr before imaging"	"Bowel preparations are contraindicated before Meckel's diverticulum imaging because they irritate the intestinal mucosa, possibly causing a false-positive finding. It is recommended that patients fast for at least 2 hr before imaging to reduce stomach secretions that cause migration of [99mTc] pertechnetate from the stomach into the bowel."	"Source: Christian, et al., 2004; p. 569."	"Question photos/Questions/Exam 5/IMG_1162.jpeg"	"Question photos/Answers/Exam 5/IMG_1240.jpeg"	""	""	""
"exam5-015"	"5"	"15"	"Radiopharmaceuticals"	"Radiopharmaceuticals"	"concept"	"5"	"Which of the following 99mTc-labeled agents is the preferred tracer for demonstrating intermittent gastrointestinal bleeding?"	"human serum albumin"	"lidofenin (HIDA)"	"red blood cells"	"sulfur colloid"	"macro aggregated albumin"	"2"	"red blood cells"	"Because [99mTc] sulfur colloid is cleared from the blood within 10-15 min after administration, it is preferred when the patient exhibits active The counts per minute are obtained from the regions of interest drawn gastrointestinal (GI) bleeding. In cases where the GI bleeding is interaround the end-diastolic and end-systolic images. The counts in each 99mTc-labeled red blood cells are preferred, mittent and unpredictable, region are then corrected for background. The formula for calculating because this tracer remains in the blood pool for an extended period that permits imaging up to 24 hr."	"Source: Early and Sodee, 1995; p. 517."	"Question photos/Questions/Exam 5/IMG_1162.jpeg"	"Question photos/Answers/Exam 5/IMG_1240.jpeg"	""	""	""
"exam5-016"	"5"	"16"	"Clinical Procedures"	"Renal Imaging"	"concept"	"1"	"Furosemide is sometimes administered during renal imaging to:"	"Rule out transplant rejection."	"Increase blood flow to the kidneys."	"Enhance tracer uptake in an abnormal kidney."	"Rule out ureteropelvic obstruction."	"Decrease blood flow to the kidneys."	"3"	"Rule out ureteropelvic obstruction."	"Furosemide is a diuretic that increases the production of urine. Activity retained in the collecting system or renal pelvis may indicate an obstruction in that area. Furosemide is used to wash out the activity with an increased production of urine. If the activity clears after the Standard precautions should be used routinely with all patients. These precautions include activities such as hand washing, wearing gloves, administration of furosemide, there is no obstruction. and recapping needles using a safety device. Decontaminating imaging equipment would be performed only if it came in contact with biolog-"	"Source: Christian, et al., 2004; p. 485."	"Question photos/Questions/Exam 5/IMG_1162.jpeg"	"Question photos/Answers/Exam 5/IMG_1240.jpeg"	""	""	""
"exam5-017"	"5"	"17"	"Instrumentation & QC"	"Renal Imaging"	"concept"	"2"	"Which of the following events is a normal response when furosemide is administered near the end of a renal function study?"	"The peak transit time of the radiopharmaceutical is elongated."	"Radioactivity is taken up into the renal cortex."	"Mechanical blockages in the renal collecting system are cleared."	"The peak transit time of the radiopharmaceutical is shortened."	"Radioactivity is cleared from the renal pelvis into the bladder."	"4"	"Radioactivity is cleared from the renal pelvis into the bladder."	"ical fluids from a patient or with a patient known to be infected with a Purosemide is a diuretic that increases the production of urine. Activity retained in the collecting system or renal pelvis may indicate an obstruction in that area. Furosemide is used to wash out the activity with an increased production of urine. If the activity clears after the The characteristics of normal sinus rhythm as they appear on an ECG administration of furosemide, there is no obstruction. Clearance of the tracing are: (1) heart rate of 60-100 beats per minute, (2) R waves at activity is the normal response. regular intervals (variance of less than 0.12 sec), (3) P waves present and precede QRS complex, (4) PR interval between 0.12 and 0.20 sec"	"Source: Christian, et al., 2004; p. 485."	"Question photos/Questions/Exam 5/IMG_1162.jpeg"	"Question photos/Answers/Exam 5/IMG_1240.jpeg"	""	""	""
"exam5-018"	"5"	"18"	"Image Production"	"SPECT"	"protocol"	"3"	"Early (6 hr after injection) 67Ga imaging should be performed if which of the following conditions is suspected?"	"sarcoma"	"osteomyelitis"	"lymphoma"	"bronchogenic carcinoma"	"chrondrosarcoma"	"1"	"osteomyelitis"	"67Ga imaging can be performed from 6 hr to 3 days or longer after tracer administration. When the examination is being performed for evalua- Defects visualized on stress images are interpreted as myocardial tion of an inflammatory process, early imaging (6 hr after injection) is indicated. ischemia if the defects fill in on the resting images. However, the rate of redistribution varies, and ischemic areas may not appear to have re-perfused by 4 hr. Administering a second, smaller dose of 201Tl before"	"Source: Early and Sodee, 1995; p. 703."	"Question photos/Questions/Exam 5/IMG_1162.jpeg"	"Question photos/Answers/Exam 5/IMG_1240.jpeg"	""	""	""
"exam5-019"	"5"	"19"	"Patient Care"	"Patient Care"	"concept"	"4"	"The most effective way of controlling the spread of infectious disease in a hospital setting is for the technologist to:"	"Wash hands both before and after patient contact."	"Wear gloves, mask, and hospital gown at all times."	"Stay home when ill."	"Maintain distance from each patient."	"Always wear a face mask."	"0"	"Wash hands both before and after patient contact."	"rest imaging provides additional tracer in the circulation that can be It is widely accepted that hand washing is considered to be the single extracted into these areas, improving the image quality and identifying most-effective way of preventing the spread of infection in a medical care facility. Mettler and Guiberteau, 1991; p. 200. If the gallbladder is not visualized after 1 hr but tracer is seen in the"	"Source: Adler and Carlton, 2003; p. 194."	"Question photos/Questions/Exam 5/IMG_1162.jpeg"	"Question photos/Answers/Exam 5/IMG_1240.jpeg"	""	""	""
"exam5-020"	"5"	"20"	"Clinical Procedures"	"Thyroid Imaging"	"concept"	"5"	"[111In] pentetreotide normally localizes in all of the following sites except:"	"pituitary gland"	"salivary glands"	"spleen"	"thyroid gland"	"liver"	"1"	"salivary glands"	"SNM Procedure Guidelines Committee, 2011. common bile duct and small intestine, morphine may be administered. Morphine acts on the sphincter of Oddi, causing it to contract, thus (111In pentetreotide normally localizes in the pituitary gland, thyroid increasing pressure in the common bile duct and causing tracer to flow gland, liver, spleen, bladder, and bowel."	"Source photo: Answers/Exam 5/IMG_1240.jpeg."	"Question photos/Questions/Exam 5/IMG_1162.jpeg"	"Question photos/Answers/Exam 5/IMG_1240.jpeg"	""	""	""
"exam5-021"	"5"	"21"	"Image Production"	"SPECT"	"concept"	"1"	"SPECT brain imaging may begin how soon after the administration of [99mTc] exametazime (HMPAO)?"	"immediately"	"1-2 hr"	"15-20 min"	"24 hr"	"48 hr"	"1"	"1-2 hr"	"SNM Procedure Guidelines Committee, 2011. Bowel preparations are contraindicated before Meckel's diverticulum For the best image quality, brain imaging with [99mTc] exametazime (HMPAO) imaging because they irritate the intestinal mucosa, possibly causing tracer. should begin no sooner than 90 min after the administration of the a false-positive finding. It is recommended that patients fast for at least 2 hr before imaging to reduce stomach secretions that cause migration d Christian, et al., 2004; p. 342. Normally, cerebral spinal fluid flows out of the lateral ventricles. Reversal of this flow (or reflux) and visualization of tracer in the lateral ventricles is an abnormal finding."	"Source photo: Answers/Exam 5/IMG_1240.jpeg."	"Question photos/Questions/Exam 5/IMG_1163.jpeg"	"Question photos/Answers/Exam 5/IMG_1240.jpeg"	""	""	""
"exam5-022"	"5"	"22"	"Clinical Procedures"	"Clinical Procedures"	"image-interpretation"	"3"	"Radioactivity is visualized in all of the following areas during a normal cisternographic study except the:"	"cerebral convexities"	"basal cisterns"	"central canal"	"lateral ventricles"	"subarachnoid space"	"3"	"lateral ventricles"	"Activity in the lateral ventricles is not expected during a normal cisternographic study and may indicate abnormal reflux or altered CSF flow."	"Source photo: IMG_1242.jpeg."	"Question photos/Questions/Exam 5/IMG_1163.jpeg"	"Question photos/Answers/Exam 5/IMG_1242.jpeg"	""	""	""
"exam5-023"	"5"	"23"	"Radiation Safety"	"Radiation Safety"	"concept"	"3"	"Patient preparation for instilling colloidal [32P] chromic phosphate into the peritoneal cavity includes which of the following?"	"surgical placement of a LeVeen shunt to remove excess peritoneal fluid"	"fasting for 8-12 hr before radiopharmaceutical administration"	"instructing the patient about isolation requirements"	"introducing [99mTc] sulfur colloid into the cavity to confirm that the 32P will disperse evenly"	"administering an antacid 2-4 hours before the procedure"	"3"	"introducing [99mTc] sulfur colloid into the cavity to confirm that the 32P will disperse evenly"	"Before instilling 32P into the peritoneal space, [99mTc] sulfur colloid is introduced to demonstrate that the agent will disperse throughout the cavity, thereby uniformly irradiating the peritoneal space."	"Source: Early and Sodee, 1995; p. 755."	"Question photos/Questions/Exam 5/IMG_1163.jpeg"	"Question photos/Answers/Exam 5/IMG_1242.jpeg"	""	""	""
"exam5-024"	"5"	"24"	"Radiopharmaceuticals"	"Thyroid Imaging"	"concept"	"4"	"Patient preparation for post-thyroidectomy I3II whole-body imaging for metastases may include all of the following except:"	"administration of 600-1000 mg of potassium perchlorate 2 hr before imaging"	"administration of exogenous TSH"	"discontinuation of replacement thyroid hormone"	"following a low-iodine diet for 1-2 weeks before imaging"	"no IV CT contrast 6 weeks before"	"0"	"administration of 600-1000 mg of potassium perchlorate 2 hr before imaging"	"After a thyroidectomy, the purpose of 131I whole-body imaging is to detect the presence of residual thyroid tissue and/or distant metastases. To enhance the visualization of any metastases, the patient may be instructed to limit dietary iodine. The patient may also discontinue replacement thyroid hormone therapy to permit the metastases to function as thyroid tissue. Exogenous TSH may also be prescribed to stimulate the metastases to concentrate iodine."	"Source: Christian, et al., 2004; pp. 364-365."	"Question photos/Questions/Exam 5/IMG_1163.jpeg"	"Question photos/Answers/Exam 5/IMG_1242.jpeg"	""	""	""
"exam5-025"	"5"	"25"	"Radiopharmaceuticals"	"Cardiac Imaging"	"concept"	"5"	"The administration technique for [99mTc] bicisate (ECD) includes which"	"direct venous stick"	"infusion at peak cardiac stress"	"bolus injection technique"	"infusion over 3 hours"	"minimize environmental stimuli"	"4"	"minimize environmental stimuli"	"It is desirable to image the brain in as close to a ""resting"" state as possible. Because uptake of [99mTc] bicisate (ECD) can be affected by sensory input, distractions (bright lights, noise, pain) should be kept to a minimum."	"Source: Tikofsky, et al., 1993; p. 59."	"Question photos/Questions/Exam 5/IMG_1163.jpeg"	"Question photos/Answers/Exam 5/IMG_1242.jpeg"	""	""	""
"exam5-026"	"5"	"26"	"Radiopharmaceuticals"	"PET"	"protocol"	"1"	"Which of the following instructions should be given to patients after administration of [18F]FDG for PET imaging?"	"The patient may leave the imaging area and return in approximately 90 min."	"The patient should rest quietly in a designated waiting area until imaging begins."	"The patient may read or watch television until imaging begins."	"The patient should consume a fatty meal to clear excess tracer from the hepatobiliary system."	"The patient should exercise in place for 15 minutes before the start of imaging."	"1"	"The patient should rest quietly in a designated waiting area until imaging begins."	"Patients who receive [18F]FDG for PET imaging must remain quiet during the interval between tracer administration and imaging. Small changes in tissue metabolism can cause uptake in skeletal muscle that may obscure or be mistaken for disease or can decrease the amount of tracer taken up into the tumor."	"Source: Christian, 2004; pp. 311-312."	"Question photos/Questions/Exam 5/IMG_1163.jpeg"	"Question photos/Answers/Exam 5/IMG_1242.jpeg"	""	""	""
"exam5-027"	"5"	"27"	"Clinical Procedures"	"Clinical Procedures"	"protocol"	"2"	"In performing a gastric-emptying study, imaging should begin:"	"15 min after meal consumption, then every 15 min for 1 hr"	"immediately after meal consumption, then every 15 min for at least 2 hr"	"immediately after meal consumption, then every 5 min for at least 1 hr"	"1 hr after meal consumption, then every 15 min for the next hour"	"2 hr after meal consumption, then every 15 min for at least 2 hrs"	"1"	"immediately after meal consumption, then every 15 min for at least 2 hr"	"With the patient upright, imaging should begin immediately after meal consumption for 1 min, then every 15 min for at least 2 hr. Imaging may need to be extended beyond 2 hr if it appears that the stomach is not emptying."	"Source: Early and Sodee, 1995; p. 524."	"Question photos/Questions/Exam 5/IMG_1163.jpeg"	"Question photos/Answers/Exam 5/IMG_1242.jpeg"	""	""	""
"exam5-028"	"5"	"28"	"Patient Care"	"Patient Care"	"protocol"	"3"	"A patient with a chest tube arrives in the nuclear medicine department for an imaging study. The technologist should:"	"Place the chest tube's external apparatus on a level lower than the patient's chest."	"Cancel the procedure because chest tube apparatus will interfere with the study."	"Place the chest tube's external apparatus on the imaging table next to the patient."	"Hang the chest tube's external apparatus from an IV pole and raise it above the patient's chest."	"Drain the chest tube while holding in place during the imaging procedure."	"0"	"Place the chest tube's external apparatus on a level lower than the patient's chest."	"For proper drainage, the chest tube apparatus must always remain lower than the patient's chest. Waterstram-Rich & Gilmore, 2017;"	"Source: Adler and Carlton, 2003; p. 215."	"Question photos/Questions/Exam 5/IMG_1163.jpeg"	"Question photos/Answers/Exam 5/IMG_1242.jpeg"	""	""	""
"exam5-029"	"5"	"29"	"Instrumentation & QC"	"Generator / Eluate"	"image-interpretation"	"4"	"Where is the x-ray generator located in a CT scanner?"	"under the patient imaging table"	"inside the operator's console"	"inside the gantry"	"inside the electronics cabinet"	"inside the computer workstation"	"2"	"inside the gantry"	"The gantry houses the key components of the scanner: the x-ray tube, the detector array, the power generator, and the data acquisition system."	"Source: pp. 305-307."	"Question photos/Questions/Exam 5/IMG_1163.jpeg"	"Question photos/Answers/Exam 5/IMG_1242.jpeg"	""	""	""
"exam5-030"	"5"	"30"	"Radiopharmaceuticals"	"Thyroid Imaging"	"protocol"	"5"	"To help clear the thyroid, liver, and bowel when performing a cardiac perfusion study with sestamibi, a technologist should give what before imaging?"	"a fatty meal"	"dobutamine"	"dextrose intravenously"	"adenosine"	"a glass of cold water"	"4"	"a glass of cold water"	"The sestamibi pharmaceutical for cardiac imaging concentrates in multiple organs and can affect the image. In an effort to clear activity out of the thyroid, liver, and bowel, cold water can be given to the patient prior to imaging to increase the target-to-nontarget ratio for imaging the heart."	"Source: Shackett, 2009; p. 67."	"Question photos/Questions/Exam 5/IMG_1163.jpeg"	"Question photos/Answers/Exam 5/IMG_1242.jpeg"	""	""	""
"exam5-031"	"5"	"31"	"Patient Care"	"Patient Care"	"concept"	"1"	"A contraindication for performing a myocardial perfusion resting study is:"	"fasting for 4-12 hr before the study"	"drinking cold water before the study"	"having a normal sinus rhythm"	"being NPO for 4-12 hr before study"	"having a nitroglycerin drip"	"4"	"having a nitroglycerin drip"	"A nitroglycerin drip will interfere with determining if, at rest, the cardiac arteries are partially occluded. (Patients suffering from angina could be on nitroglycerin therapy.)"	"Source: Shackett, 2009; p. 67."	"Question photos/Questions/Exam 5/IMG_1164.jpeg"	"Question photos/Answers/Exam 5/IMG_1242.jpeg"	""	""	""
"exam5-032"	"5"	"32"	"Radiation Safety"	"Radiation Safety"	"concept"	"2"	"A post-surgery patient is in the nuclear medicine department for a study. The technologist notices that the patient's surgical dressing shows signs of drainage. The most appropriate action for the technologist is to:"	"Reinforce the dressing with additional gauze and notify the appropriate medical personnel."	"Remove the old dressing and replace it with a fresh one."	"Terminate the study and transport the patient back to his/her room."	"Complete the nuclear medicine procedure and ignore the dressing."	"Remove the dressing and drain the wound."	"0"	"Reinforce the dressing with additional gauze and notify the appropriate medical personnel."	"The technologist should report the drainage and reinforce the original dressing with additional dressing until appropriate medical personnel are available to address the patient's needs."	"Source: Adler and Carlton, 2003; pp. 248-249."	"Question photos/Questions/Exam 5/IMG_1164.jpeg"	"Question photos/Answers/Exam 5/IMG_1242.jpeg"	""	""	""
"exam5-033"	"5"	"33"	"Clinical Procedures"	"Clinical Procedures"	"protocol"	"3"	"If the hematocrit is 40% and a plasma-volume determination, performed with [125I]-human serum albumin, is 3,900 mL, what are the derived red cell and whole blood volumes, in milliliters?"	"Whole blood volume (mL) 1,560"	"Red cell volume (mL) 2,340"	"5,850"	"2,600"	"6,500"	"3"	"2,600"	"The red cell and whole blood volumes can be calculated from the measured plasma volume (PV) using the following formulas: PV (mL) × 100 total blood volume (TBV) = 1 - HCT 3900 ml TBV = = 6500 mL 1 - 0.40 red cell volume = TBV - PV = 6500 mL - 3900 mL =2600 mL"	"Source: Early and Sodee, 1995; p. 728."	"Question photos/Questions/Exam 5/IMG_1164.jpeg"	"Question photos/Answers/Exam 5/IMG_1242.jpeg"	"assets/question-bank/retake/exam5-033/e5q33.jpg"	"Graphic for Exam 5, Question 33."	""
"exam5-034"	"5"	"34"	"Radiation Safety"	"Radiation Safety"	"concept"	"4"	"During a red blood cell survival study, the first blood sample is taken 24 hr after the injection of the labeled cells. This 24 hr time period is needed to allow:"	"the radiochromium to decay to a level compatible with the scintillation detector"	"patient recovery from the radiopharmaceutical injection"	"removal of any cells damaged during the labeling process"	"uniform mixing of the labeled cells throughout the vascular system"	"a better non-target ratio"	"2"	"removal of any cells damaged during the labeling process"	"The time span between injection and blood sampling allows the body to remove cells damaged during the labeling process and allows free chromic ions to be removed from the plasma."	"Source: Christian, et al., 2004; p. 527."	"Question photos/Questions/Exam 5/IMG_1164.jpeg"	"Question photos/Answers/Exam 5/IMG_1242.jpeg"	""	""	""
"exam5-035"	"5"	"35"	"Clinical Procedures"	"Clinical Procedures"	"concept"	"5"	"If an anticoagulant is added to a blood sample, the fluid portion of the blood sample is known as:"	"serum"	"plasma"	"antiserum"	"blood complement"	"clotting factor"	"1"	"plasma"	"Preventing clot formation with the addition of an anticoagulant will result in the fluid portion remaining as plasma. The fluid portion of a blood sample that has been allowed to clot is serum."	"Source: Early and Sodee, 1995; p. 725."	"Question photos/Questions/Exam 5/IMG_1164.jpeg"	"Question photos/Answers/Exam 5/IMG_1242.jpeg"	""	""	""
"exam5-036"	"5"	"36"	"Patient Care"	"Cardiac Imaging"	"concept"	"1"	"In a hospital setting, CPR cannot legally be administered to a patient in cardiac arrest when the:"	"patient has an infectious disease"	"patient's spouse or significant other indicates their wishes"	"patient is hallucinating"	"patient's chart indicates a terminal illness"	"patient's chart indicates DNR"	"4"	"patient's chart indicates DNR"	"CPR should always be administered to a patient in cardiac arrest unless the patient, patient's family, or patient's physician has specifically requested that it not be done. In these cases, DNR (Do Not Resuscitate) or ""allow natural death"" should be clearly indicated on the patient's chart."	"Source: Adler and Carlton, 2003; pp. 246-247."	"Question photos/Questions/Exam 5/IMG_1164.jpeg"	"Question photos/Answers/Exam 5/IMG_1242.jpeg"	""	""	""
"exam5-037"	"5"	"37"	"Clinical Procedures"	"Clinical Procedures"	"image-interpretation"	"3"	"Pentagastrin is commonly used in which of the following scans:"	"gastric emptying"	"deep vein thrombosis"	"Meckel's diverticulum"	"LeVeen shunt patency"	"myocardial perfusion imaging"	"2"	"Meckel's diverticulum"	"Pentagastrin stimulates ectopic gastric mucosal uptake of pertechnetate by 30%- 60% while decreasing emptying time into small bowel and decreasing background."	"Source: Shackett, 2009; p. 174."	"Question photos/Questions/Exam 5/IMG_1164.jpeg"	"Question photos/Answers/Exam 5/IMG_1242.jpeg"	""	""	""
"exam5-038"	"5"	"38"	"Clinical Procedures"	"Clinical Procedures"	"image-interpretation"	"4"	"Data collected from a red cell survival procedure are plotted on what type of graph paper?"	"semilog"	"linear"	"log-log"	"logit-log"	"logit-logit"	"0"	"semilog"	"Red cell survival half-time is obtained from a graph of the net counts per minute of each blood sample plotted on the log scale and time plotted on the linear scale of semi-log paper."	"Source: Christian, et al., 2004; p. 527."	"Question photos/Questions/Exam 5/IMG_1164.jpeg"	"Question photos/Answers/Exam 5/IMG_1242.jpeg"	""	""	""
"exam5-039"	"5"	"39"	"Patient Care"	"Patient Care"	"concept"	"4"	"Which of the following is not recommended during HMPAO/ECD administration?"	"Dim the lights. "	"Inject using an IV line."	"Talk calmingly to the patient while injecting."	"Ask the patient to keep eyes and ears open."	"Let the patient rest for 10 minutes before injection."	"2"	"Talk calmingly to the patient while injecting."	"Place patient in quiet environment before injection."	"Source: Shackett, 2009; p. 42."	"Question photos/Questions/Exam 5/IMG_1164.jpeg"	"Question photos/Answers/Exam 5/IMG_1243.jpeg"	""	""	""
"exam5-040"	"5"	"40"	"Clinical Procedures"	"Clinical Procedures"	"protocol"	"5"	"If a 1:50 dilution of a solution with a tracer concentration of 50 uCi/mL is prepared, followed by a 1:200 dilution of the 1:50 dilution, what is the final dilution?"	"1:20"	"1:50"	"1:1,000"	"1:10"	"1:10,000"	"4"	"1:10,000"	"Remson and Ackermann, 1977; pp. 77-83. When multiple dilutions are performed, the final dilution is the product of the individual dilutions. Thus: 50 x 200 = 10,000"	"Source photo: Answers/Exam 5/IMG_1243.jpeg."	"Question photos/Questions/Exam 5/IMG_1164.jpeg"	"Question photos/Answers/Exam 5/IMG_1243.jpeg"	""	""	""
"exam5-041"	"5"	"41"	"Patient Care"	"Patient Care"	"concept"	"1"	"Which of the following medical history is relevant to [111In] capromab pendetide imaging?"	"breast-feeding schedule"	"mammogram results"	"last menstrual cycle"	"pregnancy status"	"PSA level"	"4"	"PSA level"	"[111In] capromab pendetide is used in patients who have been newly diagnosed with prostate cancer to more accurately stage the disease before surgery. After surgery or radiation therapy, it is also used to detect recurrence or residual cancer in patients with rising PSA levels but no other evidence of disease."	"Source: Williams, et al., 1997; pp. 205-207."	"Question photos/Questions/Exam 5/IMG_1164.jpeg"	"Question photos/Answers/Exam 5/IMG_1243.jpeg"	""	""	""
"exam5-042"	"5"	"42"	"Image Production"	"Cardiac Imaging"	"concept"	"2"	"On the basis of these data shown:"	"Total counts 28,065 cans:"	"28,503 19,694"	"Cardiac ROI 26,644"	"1,859 15,463 14,652"	"Background ROI what are the net counts in the cardiac region of interest?"	"1"	"28,503 19,694"	"Net counts are determined using a background (bkg) region of interest (ROI) drawn near the area of interest. The average counts per pixel in the bkg ROI are subtracted from the cardiac ROI, adjusted for the size of the region. net cardiac ROI counts = cardiac ROI counts bkg ROI counts x cardiac ROI pixels bkg ROI pixels, 28,503 cts - (1859 cts / 88 pixels) x 417 pixels 28,503 cts - (21 cts/pixel x 417 pixels) 28,503 cts - 8809 cts = 19,694 cts"	"Source: Wells, 1999; p. 235."	"Question photos/Questions/Exam 5/IMG_1166.jpeg"	"Question photos/Answers/Exam 5/IMG_1243.jpeg"	"assets/question-bank/retake/exam5-042/e5q42.jpg"	"Graphic for Exam 5, Question 42."	""
"exam5-043"	"5"	"43"	"Radiopharmaceuticals"	"Generator / Eluate"	"concept"	"3"	"If a 99Mo/99mTc generator is eluted at 0700 and again at 1300, the next day's 99mTc yield at 0700:"	"will be unaffected"	"will be decreased"	"will be increased"	"cannot be predicted"	"will be uniform"	"1"	"will be decreased"	"The yield of 99mTc is affected by three factors: the amount of 99Mo on the column at the time of elution, the time elapsed since the last elution, and the elution efficiency of the generator. The shorter the time between elutions, the less time the 99Mo has to decay to 99mTc, resulting in a lower yield of 99mTc."	"Source: Saha, 2004; pp. 70-72."	"Question photos/Questions/Exam 5/IMG_1166.jpeg"	"Question photos/Answers/Exam 5/IMG_1243.jpeg"	""	""	""
"exam5-044"	"5"	"44"	"Clinical Procedures"	"Clinical Procedures"	"concept"	"4"	"127 millicuries is equivalent to how many gigabecquerels?"	"0.003 GBq"	"4699 GBq"	"3430 GBq"	"4.70 GBq"	"4925 GBq"	"3"	"4.70 GBq"	"Conversions between the CGS and SI systems can be accomplished easily if you remember the three following relationships: 1 Ci = 37 GBq 1 mCi = 37 MBq 1 uCi = 37 kBq Then, to convert millicuries to gigabecquerels: 127 mCi x 37 MBq/mCi = 4699 MBq 1000 MBq = 1 GBq 4699 MBq x 1 GBq/1000 MBq = 4.70 GBq"	"Source: Wells, 1999; pp. 32-33."	"Question photos/Questions/Exam 5/IMG_1166.jpeg"	"Question photos/Answers/Exam 5/IMG_1243.jpeg"	""	""	""
"exam5-045"	"5"	"45"	"Radiopharmaceuticals"	"Generator / Eluate"	"concept"	"5"	"All of the following factors affect the amount of 99mTc eluted from a 99Mo/99mTc generator except:"	"the amount of 99Mo activity present on the column"	"the time elapsed since the last elution"	"the elution efficiency of the generator"	"the time elapsed since calibration"	"the saline volume used for elution"	"4"	"the saline volume used for elution"	"column, the time elapsed since the last elution, and the elution efficiency of the generator all influence the amount of 99mTc activity eluted."	"Source: Chilton and Witcofski, 1986; pp. 54, 57-58. The amount of 99mTc activity removed will be the same regardless of the saline volume used for elution. However, the amount of 99Mo on the col-"	"Question photos/Questions/Exam 5/IMG_1166.jpeg"	"Question photos/Answers/Exam 5/IMG_1243.jpeg"	""	""	""
"exam5-046"	"5"	"46"	"Radiation Safety"	"Radiation Safety"	"concept"	"1"	"According to the NRC, the maximum allowable 99Mo concentration in 99mTc eluate at the time of administration to the patient must not exceed:"	"5 uCi 99Mo/mCi 99mTc"	"1 uCi 99Mo/mCi 99mTc"	"0.15 uCi 99Mo/mCi 99mTc"	"5 uCi in a unit dose"	"0.10 uCi 99Mo/mCi 99mTc"	"2"	"0.15 uCi 99Mo/mCi 99mTc"	"According to the NRC, the maximum allowable 99Mo concentration in a 99mTc eluate must not exceed 0.15 uCi 99Mo/mCi 99mTc at the time of administration to the patient."	"Source: U.S. Nuclear Regulatory Commission, 2003 (10 CFR 35.204)."	"Question photos/Questions/Exam 5/IMG_1166.jpeg"	"Question photos/Answers/Exam 5/IMG_1243.jpeg"	""	""	""
"exam5-047"	"5"	"47"	"Radiation Safety"	"Radiation Safety"	"protocol"	"2"	"An eluate of [99mTc] pertechnetate is assayed for 99Mo contamination with the following results: 
99Mo: 45 uCi
99mTc: 275 mCi

On the basis of this assay, the technologist should:"	"Wait for the 99Mo to decay to an acceptable level."	"Use the eluate only for studies requiring other 99mTc-labeled agents."	"Discard the eluate."	"Use the eluate for only the next 12 hr."	"Wait for the 99mTc to decay to an acceptable level."	"2"	"Discard the eluate."	"The 99Mo concentration in this eluate is equal to 45 uCi / 275 mCi = 0.16 uCi 99Mo/mCi 99mTc. This exceeds the NRC maximum allowable limit of 0.15 uCi 99Mo/mCi 99mTc at the time of administration, so the eluate must not be administered to patients as [99mTc] pertechnetate or used to prepare another 99mTc-labeled compound. Because 99Mo decays more slowly than 99mTc, the 99Mo/99mTc ratio will increase with time."	"Source: U.S. Nuclear Regulatory Commission, 2003 (10 CFR 35.204), and Wells, 1999; pp. 224-225."	"Question photos/Questions/Exam 5/IMG_1166.jpeg"	"Question photos/Answers/Exam 5/IMG_1243.jpeg"	""	""	""
"exam5-048"	"5"	"48"	"Radiopharmaceuticals"	"Generator / Eluate"	"protocol"	"3"	"If a new generator is eluted several times and each time the amount of aluminum in the eluate exceeds the USP limit, the technologist should:"	"Contact the generator manufacturer."	"Use the eluate for patients."	"Increase the elution volume."	"Prepare kits with an additional oxidation agent."	"Prepare the kit with an additional reducer agent."	"0"	"Contact the generator manufacturer."	"High levels of aluminum ions in 99mTc eluate can affect the preparation of radiopharmaceuticals and change their biodistribution, including the distribution of [99mTc] pertechnetate. Therefore, eluate with an aluminum ion concentration exceeding the USP limit should not be administered to patients or be used to prepare other 99mTc-labeled tracers. High levels of aluminum ions indicate a defect in the preparation of the generator's alumina column, a problem that cannot be corrected on site in the clinical setting. The manufacturer should be notified, and the generator should be returned for replacement."	"Source: Saha, 2004; p. 75, and Ponto, et al., 1987; pp. 270, 274."	"Question photos/Questions/Exam 5/IMG_1166.jpeg"	"Question photos/Answers/Exam 5/IMG_1243.jpeg"	""	""	""
"exam5-049"	"5"	"49"	"Radiopharmaceuticals"	"Radiopharmaceuticals"	"concept"	"4"	"Which of the following 99mTc-labeled agents is approved for perfusion brain imaging?"	"apcitide"	"exametazime (HMPAO)"	"succimer (DMSA)"	"tetrofosmin (MPI)"	"medronate (MDP)"	"1"	"exametazime (HMPAO)"	"[99mTc] apcitide is used to visualize acute deep vein thrombosis in the lower extremities. [99mTc] succimer (DMSA) is a static renal imaging agent. [99mTc] exametazime (HMPAO) is a radiopharmaceutical approved for perfusion brain imaging. [99mTc] tetrofosmin (MPI) is a myocardial perfusion agent."	"Source: Schwarz, et al., 1997; pp. 169-172."	"Question photos/Questions/Exam 5/IMG_1166.jpeg"	"Question photos/Answers/Exam 5/IMG_1243.jpeg"	""	""	""
"exam5-050"	"5"	"50"	"Radiopharmaceuticals"	"Radiopharmaceuticals"	"concept"	"5"	"The shelf-life of most 99mTc-labeled radiopharmaceuticals is:"	"4-6 hr"	"18-24 hr"	"10-12 hr"	"16-18 hr"	"6-8 hr"	"4"	"6-8 hr"	"A review of radiopharmaceutical kit package inserts shows that most prepared 99mTc agents may be administered for 6-8 hr after preparation. Some exceptions include [99mTc] succimer (DMSA), which must be administered within 30 min, and [99mTc] pentetate (DTPA), which, when used for glomerular filtration rate determination, must be administered within 1 hr of preparation."	"Source: Radiopharmaceutical kit package inserts."	"Question photos/Questions/Exam 5/IMG_1166.jpeg"	"Question photos/Answers/Exam 5/IMG_1243.jpeg"	""	""	""
"exam5-051"	"5"	"51"	"Radiopharmaceuticals"	"Radiopharmaceuticals"	"concept"	"1"	"If the following reagents are available: disofenin (DISIDA) kit maximum 99mTc activity to be added: 100 mCi; reconstituting volume: 0.5-3.0 mL; [99mTc] pertechnetate concentration: 25.0 mCi/mL; total volume: 8.0 mL. What volume of [99mTc] pertechnetate must be added to the kit to prepare the maximum amount of [99mTc] disofenin (DISIDA) from one kit?"	"3.0 mL"	"4.0 mL"	"8.0 mL"	"2.5 mL"	"15 mL"	"0"	"3.0 mL"	"Based on the activity and volume limits for the kit, up to 100 mCi may be prepared using a volume of 0.5-3.0 mL [99mTc] pertechnetate. Using the maximum reconstituting volume, 75 mCi of [99mTc] disofenin (DISIDA) can be prepared, an amount within both the volume and activity limits of the kit: 3.0 mL x 25.0 mCi/mL = 75.0 mCi."	"Source: Wells, 1999; pp. 192-193."	"Question photos/Questions/Exam 5/IMG_1166.jpeg"	"Question photos/Answers/Exam 5/IMG_1244.jpeg"	"assets/question-bank/retake/exam5-051/e5q51.jpg"	"Graphic for Exam 5, Question 51."	""
"exam5-052"	"5"	"52"	"Radiopharmaceuticals"	"Radiopharmaceuticals"	"concept"	"2"	"One advantage of the in vivo method of 99mTc red cell tagging is that:"	"No manipulation of blood samples outside the body is required."	"No incubation times are required at any step in the process."	"All circulating red cells are labeled with tracer."	"Smaller amounts of stannous chloride are required."	"White blood cells do not interfere in the process."	"0"	"No manipulation of blood samples outside the body is required."	"The major advantage of in vivo red cell labeling is that tagging takes place in the circulatory system. The patient first receives reconstituted ""cold"" pyrophosphate containing stannous ion that permits [99mTc] pertechnetate to permeate red cell membranes. After a short incubation period to allow the stannous ion to come into contact with the red cells, the patient is injected with [99mTc] pertechnetate. After another short incubation period when the tracer becomes incorporated in the red cells, imaging begins."	"Source: Christian, et al., 2004; p. 416."	"Question photos/Retake Photos/IMG_1330.jpeg"	"Question photos/Answers/Exam 5/IMG_1244.jpeg"	""	""	""
"exam5-053"	"5"	"53"	"Radiopharmaceuticals"	"Radiopharmaceuticals"	"concept"	"3"	"Boiling a [99mTc] sulfur colloid preparation for too long will result in colloidal particles that are:"	"too small"	"Clumpy"	"optimal size"	"chemically unstable"	"too large"	"4"	"too large"	"The diameter of the colloid particle is increased as a function of heating time. Thus, the longer the 99mTc preparation is heated, the larger the sulfur colloid particles become. Extended heating times, beyond what is recommended in the package insert, result in particles large enough to become trapped in the lung vasculature."	"Source: Ponto, et al., 1987; pp. 276-277."	"Question photos/Questions/Exam 5/IMG_1167.jpeg"	"Question photos/Answers/Exam 5/IMG_1244.jpeg"	""	""	""
"exam5-054"	"5"	"54"	"Instrumentation & QC"	"Instrumentation & QC"	"concept"	"4"	"Which of the following components in a [99mTc] medronate (MDP) preparation is a radiochemical impurity?"	"aluminum"	"99Mo"	"0.9% NaCl"	"[99mTc] pertechnetate"	"ascorbic acid"	"3"	"[99mTc] pertechnetate"	"Radiochemical purity is defined as the fraction of total radioactivity present in the desired chemical form, in this case, [99mTc] medronate (MDP). [99mTc] pertechnetate that did not bind to the ligand, medronate (MDP), is a radiochemical impurity. Aluminum is a chemical impurity. 99Mo is a radionuclidic impurity. It is a radionuclide other than the desired one,"	"Source: Saha, 2004; pp. 152-154, 165."	"Question photos/Questions/Exam 5/IMG_1167.jpeg"	"Question photos/Answers/Exam 5/IMG_1244.jpeg"	""	""	""
"exam5-055"	"5"	"55"	"Radiopharmaceuticals"	"Bone Imaging"	"image-interpretation"	"3"	"Which of the following image findings is most consistent with chromatography results of a [99mTc] oxidronate (HDP) sample demonstrating 65% radiochemical purity?"	"well-defined bone uptake"	"stomach and thyroid uptake"	"lung uptake"	"gastrointestinal tract activity"	"heart uptake"	"1"	"stomach and thyroid uptake"	"The radiochemical purity of the radiopharmaceutical is only 65%. Tagging efficiencies (radiochemical purities) of 90% or greater contribute to technically satisfactory images. The large amount of impurity (35%), most of which is likely to be free pertechnetate, will be demonstrated as uptake in areas of the body known to concentrate [99mTc] pertechnetate: the salivary and thyroid glands, and the gastric mucosa of the stomach."	"Source: Ponto, et al., 1987; pp. 268-269."	"Question photos/Questions/Exam 5/IMG_1167.jpeg"	"Question photos/Answers/Exam 5/IMG_1244.jpeg"	""	""	""
"exam5-056"	"5"	"56"	"Radiopharmaceuticals"	"Radiopharmaceuticals"	"calculation"	"4"	"If 740 kBq of a radiopharmaceutical is to be administered for each kilogram of body weight, approximately how much activity (in megabecquerels) should be administered to a patient who weighs 172 pounds?"	"9.5 MBq"	"652 MBq"	"78 MBq"	"280 MBq"	"58 MBq"	"4"	"58 MBq"	"First convert the patient's body weight into kilograms: kg = 78 kg 172 lbs X 2.2 1bs Next, calculate the total activity to be administered to the patient based on body weight: 740 KBq = 57,720 kBq 78 kg x Then, convert kBq into MBq. MBq - = 58 MBq 57,720 kBq x 1000 kBq"	"Source: Ponto, et al., 1987; pp. 268-269."	"Question photos/Questions/Exam 5/IMG_1167.jpeg"	"Question photos/Answers/Exam 5/IMG_1244.jpeg"	""	""	""
"exam5-057"	"5"	"57"	"Radiopharmaceuticals"	"Lung Imaging"	"protocol"	"2"	"If 50 millicuries of [99mTc] MAA are available at 0700, how many lung perfusion imaging studies can be performed if the administered dose is 5 mCi and one patient is injected every hour beginning at 0730?"	"10"	"7"	"6"	"20"	"15"	"2"	"6"	"If all patients were being injected at 0700, the maximum number of studies that could be performed is 10 (50 mCi ÷ 5 mCi/patient = 10 patients). However, the injections are beginning at 0730 and on each half hour thereafter. Therefore, the available activity must be decay corrected for 0730 and for each injection thereafter. (See chart.) Unit Activity Decay-corrected Activity Dosage Remaining Time Patient (mCi) (mCi) Available (mCi) 50 mCi × 0.946 = 47.3 42.3 0730 42.3 mCi × 0.891 = 37.7 32.7 0830 0930 24.1 32.7 mCi x 0.891 = 29.1 1030 16.5 24.1 mCi × 0.891 = 21.5 10.0 1130 16.5 mCi x 0.891 = 14.7 1230 10.0 mCi x 0.891 = 8.6 3.6"	"Source: Wells, 1999; pp. 189-190."	"Question photos/Retake Photos/IMG_1332.jpeg"	"Question photos/Answers/Exam 5/IMG_1244.jpeg"	""	""	""
"exam5-058"	"5"	"58"	"Radiopharmaceuticals"	"Cardiac Imaging"	"protocol"	"3"	"For cardiac first-pass studies, the prescribed adult dosage of [99mTc] pentetate (DTPA) is 925 MBq +-10%. On the basis of the vial label information shown here for [99mTc] pentetate (DTPA), what is the maximum volume that should be administered to the patient at 0800 on January 5?
Total activity:   3.7 GBq
Total volume:   2.0 mL 
Concentration:   1.85 GBq/mL
Calibration:   0600, January 5"	"0.57 mL"	"0.63 mL"	"1.0 mL"	"0.69 mL"	"1.3 mL"	"3"	"0.69 mL"	"The elapsed time between calibration and dosage administration is 2 hr (0600-0800). Decay-correct the initial concentration for 2 hr using the appropriate decay factor for 99mTc: 1.85 GBg/mL x 0.794 = 1.47 GBq/mL Then, determine the maximum volume that can be administered to the patient. The maximum prescribed activity, 925 MBq + 92.5 MBq or approximately 1,017 MBq, will make up the maximum volume. Remember that the concentration and the required activity must be expressed in the same units. Changing the required activity to GBq: GBq = 1.02 GBq 1017 MBQ × 1000 Bq activity required volume = C(t) 1.02 GBq = 1.47 GBg/ml. = 0.69 mL"	"Source: Wells, 1999; pp. 29, 172-173, 185-186."	"Question photos/Questions/Exam 5/IMG_1167.jpeg"	"Question photos/Answers/Exam 5/IMG_1244.jpeg"	""	""	""
"exam5-059"	"5"	"59"	"Radiation Safety"	"Radiation Safety"	"concept"	"4"	"In labeling red blood cells with 51Cr, the final step before re-injecting the labeled red blood cells into the patient is to:"	"Add ascorbic acid to the tagged blood."	"Wash the labeled red cells to remove excess 51Cr"	"Separate the red blood cells from the plasma."	"Add 51Cr to the patient's blood sample."	"Separate the white blood cells from the plasma."	"0"	"Add ascorbic acid to the tagged blood."	"Ascorbic acid is added after red cell tagging has occurred but before reinjection to reduce residual free chromium and stop further in vivo tagging."	"Source photo: IMG_1244.jpeg."	"Question photos/Questions/Exam 5/IMG_1167.jpeg"	"Question photos/Answers/Exam 5/IMG_1244.jpeg"	""	""	""
"exam5-060"	"5"	"60"	"Radiopharmaceuticals"	"Radiopharmaceuticals"	"concept"	"5"	"In what way does the modified in vivo method of labeling red blood cells with [99mTc] pertechnetate differ from the in vivo method?"	"The modified method requires a smaller amount of stannous pyrophosphate."	"The modified method ""pre-tins"" only a small volume of the patient's blood."	"The modified method uses a smaller activity of [99mTc] pertechnetate."	"The modified method mixes [99mTc] pertechnetate with only a small volume of the patient's blood."	"The modified method requires a larger amount of stannous pyrophosphate."	"3"	"The modified method mixes [99mTc] pertechnetate with only a small volume of the patient's blood."	"In both the in vivo and modified in vivo methods of labeling red blood cells with [99mTc] pertechnetate, reconstituted stannous pyrophosphate is injected intravenously into the patient. Hence, the same amount of stannous pyrophosphate is administered, and the entire volume of the patient's blood is ""pretinned"" in either method. Both methods use 20 to 30 millicuries of [99mTc] pertechnetate. The main difference in the modified in vivo method is that only a small volume (~3 mL) of the patient's pretinned blood is mixed with [99mTc] pertechnetate in a syringe. In the in vivo method, [99mTc] pertechnetate is injected intravenously 15-30 min after stannous pyrophosphate."	"Source: Saha, 2004; pp. 116-118."	"Question photos/Questions/Exam 5/IMG_1167.jpeg"	"Question photos/Answers/Exam 5/IMG_1244.jpeg"	""	""	""
"exam5-061"	"5"	"61"	"Radiation Safety"	"Radiation Safety"	"concept"	"1"	"Which of the following statements about the modified in vivo method for labeling red blood cells with [99mTc] pertechnetate is true?"	"Only a sample of the patient's blood is incubated with the reconstituted stannous pyrophosphate."	"Red cell labeling takes place only within the patient's circulatory system."	"A sample of the patient's ""pre-tinned"" blood is incubated with [99mTc] pertechnetate outside of the patient."	"Excess [99mTc] pertechnetate is removed from the blood sample before the sample is re-injected into the patient."	"A larger amount of stannous pyrophosphate is used."	"2"	"A sample of the patient's ""pre-tinned"" blood is incubated with [99mTc] pertechnetate outside of the patient."	"The modified in vivo method for labeling red blood cells involves first administering ""cold"" stannous pyrophosphate to the patient. Then, a small sample (1-5 mL) of the patient's blood is incubated with [99mTc] pertechnetate outside the patient. The in vitro method involves collecting a small blood sample that is first incubated with stannous ion, then [99mTc] pertechnetate outside the patient. The plasma containing unbound [99mTc] pertechnetate is removed and the red cells washed before reinjecting them. In the in vivo method, all labeling steps occur within the patient."	"Source: Christian, et al., 2004; p. 416."	"Question photos/Questions/Exam 5/IMG_1167.jpeg"	"Question photos/Answers/Exam 5/IMG_1245.jpeg"	""	""	""
"exam5-062"	"5"	"62"	"Radiation Safety"	"Radiation Safety"	"concept"	"2"	"According to NRC regulations, which of these unit dosages may be administered to the patient? Each option lists prescribed dosage followed by measured dosage."	"10 mCi prescribed; 13.5 mCi measured"	"15 mCi prescribed; 12.5 mCi measured"	"8-10 mCi prescribed; 10.9 mCi measured"	"20-25 mCi prescribed; 18.7 mCi measured"	"25 mCi prescribed; 30 mCi measured"	"1"	"15 mCi prescribed; 12.5 mCi measured"	"U.S. Nuclear Regulatory Commission, 2003 (10 CFR 35.63). The NRC states that the administered dosage must fall within the prescribed dosage range or may not differ from the prescribed dosage by more than 20%. If the prescribed dosage is 10 mCi, the measured dosage must be between 8 and 12 mCi (+20% of 10 mCi). The measured dosages in choices c and d fall outside the prescribed dosage ranges. Choice b is the correct answer because 12.5 mCi falls within +20% of 15 mCi."	"Source photo: Answers/Exam 5/IMG_1245.jpeg."	"Question photos/Retake Photos/IMG_1333.jpeg"	"Question photos/Answers/Exam 5/IMG_1245.jpeg"	"assets/question-bank/retake/exam5-062/e5q62.jpg"	"Graphic for Exam 5, Question 62."	""
"exam5-063"	"5"	"63"	"Instrumentation & QC"	"Instrumentation & QC"	"concept"	"3"	"In the radiochromium labeling process, ascorbic acid is used as which of the following?"	"reducing agent"	"radiotracer"	"oxidizing agent"	"anticoagulant"	"neutralizing agent"	"0"	"reducing agent"	"Ascorbic acid reduces the valence of any remaining free chromium from +6 to +3. The purpose of this step is to stop the red cell tagging process before the labeled blood is reinjected into the patient."	"Source: Christian, et al., 2004; p. 525."	"Question photos/Questions/Exam 5/IMG_1168.jpeg"	"Question photos/Answers/Exam 5/IMG_1245.jpeg"	""	""	""
"exam5-064"	"5"	"64"	"Radiopharmaceuticals"	"Radiopharmaceuticals"	"concept"	"4"	"If a vial of 99mTc-labeled radiopharmaceutical contains 4.65 MBq in 3.5 mL at 0800, what is the concentration at 0930?"	"1.12 MBq/mL"	"1.33 MBq/mL"	"0.90 MBq/mL"	"0.75 MBq/mL"	"0.52 MBq/mL"	"0"	"1.12 MBq/mL"	"factor for 99mTc: Decay-correct the activity for 1.5 hr (0800-0930) using the 1.5-hr decay 4.65 MBq x 0.84 = 3.91 MBq Determine the concentration at 0930 using the decay corrected activity: concentration = total activity = total volume 3.5 ml 3.91 MBQ = 1.12 MBq/ml."	"Source: Wells, 1999; pp. 172-173, 183."	"Question photos/Questions/Exam 5/IMG_1168.jpeg"	"Question photos/Answers/Exam 5/IMG_1245.jpeg"	""	""	""
"exam5-065"	"5"	"65"	"Radiation Safety"	"Radiation Safety"	"protocol"	"5"	"If a unit dosage of [99mTc] pertechnetate is calibrated to contain 25 mCi in 0.8 mL at 1400, what volume should be removed from the syringe to retain 15 mCi in the syringe at 1200?"	"0.20 mL"	"0.32 mL"	"0.52 mL"	"0.48 mL"	"0.42 mL"	"4"	"0.42 mL"	"First, determine the total activity in the syringe at 1200 by back- = 2 hr) for mTc: decay-correcting the activity using the 2-hr decay factor (1200-1400 25 mCi 0.794 = 31.5 mCi Then, determine the concentration at 1200: concentration = total activity = 31.5 mci total volume 0.8 ml. Determine the volume that will contain 15 mCi at 1200: 15 mCi activity required -= 0.38 mL volume = - = 39.4 mCi/ml. concentration Determine the volume that will have to be removed from the syringe: total volume - volume required = volume to be removed 0.8 mL - 0.38 mL = 0.42 mL"	"Source: Wells, 1999; pp. 197-198."	"Question photos/Questions/Exam 5/IMG_1168.jpeg"	"Question photos/Answers/Exam 5/IMG_1245.jpeg"	""	""	""
"exam5-066"	"5"	"66"	"Radiopharmaceuticals"	"MAA / Pulmonary Perfusion"	"protocol"	"1"	"If an MAA kit containing 4,5 million particles is prepared by adding 30 mCi in 2.5 mL, how many particles are contained in 3 mCi?"	"150,000"	"180,000"	"450,000"	"215,000"	"555,000"	"2"	"450,000"	"Based on the volume added to the kit, determine the number of particles in 1 mL: 4.5 million particles -= 1.8 million particles/mL 2.5 mL Determine the kit concentration: total activity 30 mCi concentration = - = 12 mCi/mL 2.5 mL total volume Determine the volume that will contain the required activity: 3 mCi volume = activity required concentration = 12 mCi/ml, = 0.25 ml. Determine the number of particles contained in the patient dosage: dosage volume x particles/mL = particles in patient dosage 0.25 mL x 1.8 million particles/mL = 450,000 particles Note that the number of particles in the patient dosage is within the recommended range for adults."	"Source: Wells, 1999; p. 213."	"Question photos/Questions/Exam 5/IMG_1168.jpeg"	"Question photos/Answers/Exam 5/IMG_1245.jpeg"	""	""	""
"exam5-067"	"5"	"67"	"Radiopharmaceuticals"	"Radiopharmaceuticals"	"concept"	"2"	"Of the following syringes, which size would be best for withdrawing 1 mL of radiopharmaceutical from a multi-dose vial?"	"3 mL"	"1 mL"	"5 mL"	"20 mL"	"10 mL"	"0"	"3 mL"	"American Pharmaceutical Association, 1999; p. 144. The syringe size is the next size larger than the volume to be withdrawn. If the syringe is filled to its maximum volume, the plunger may easily be pulled out while a volume is being withdrawn or while a patient is being injected with the volume in the syringe."	"Source photo: Answers/Exam 5/IMG_1245.jpeg."	"Question photos/Questions/Exam 5/IMG_1168.jpeg"	"Question photos/Answers/Exam 5/IMG_1245.jpeg"	""	""	""
"exam5-068"	"5"	"68"	"Radiation Safety"	"Radiation Safety"	"protocol"	"3"	"According to NRC regulations, which of the following signs should be posted in unrestricted areas?"	"""Caution: Radioactive Materials"""	"""Authorized Personnel Only"" "	"No posting is required."	"""Caution: Radiation Area"" "	"""Caution: High Radiation Area"""	"2"	"No posting is required."	"U.S. Nuclear Regulatory Commission, 2003 (10 CFR 20.1003 and 20.1301). According to the NRC, an unrestricted area is one in which access is not 3.5 ml 3.91 MBQ = 1.12 MBq/ml. limited by or under control of a license. Unrestricted areas are not posted."	"Source photo: Answers/Exam 5/IMG_1245.jpeg."	"Question photos/Questions/Exam 5/IMG_1168.jpeg"	"Question photos/Answers/Exam 5/IMG_1245.jpeg"	""	""	""
"exam5-069"	"5"	"69"	"Clinical Procedures"	"Clinical Procedures"	"concept"	"4"	"A package containing radioactive material is monitored and found to produce 12 mR/hr at the surface and 0.9 mR/hr at 1 meter from the surface. Which DOT label must be affixed to the outside of the package?"	"""Category II"""	"""Category I"""	"""Category IV"""	"No DOT label is required."	"""Category III"""	"0"	"""Category II"""	"U.S. Nuclear Regulatory Commission, 2003 (49 CFR 172.403 and 172.436-440). active material are: The label types and exposure rate limits for packages containing radio- Exposure rate (mR/hr) Label category At surface At 1 m Category I (white) $0.5 Category Il (yellow) ≤50 No detectable radiation 0.8 ml. •= 39.4 mCi/ml. $1.0 Category III (yellow) $200 $10"	"Source photo: Answers/Exam 5/IMG_1245.jpeg."	"Question photos/Questions/Exam 5/IMG_1168.jpeg"	"Question photos/Answers/Exam 5/IMG_1245.jpeg"	""	""	""
"exam5-070"	"5"	"70"	"Radiation Safety"	"Radiation Safety"	"concept"	"5"	"According to the NRC, decay in storage records must include the date that the radioactive material was:"	"calibrated"	"received"	"placed in storage"	"disposed"	"produced"	"3"	"disposed"	"U.S. Nuclear Regulatory Commission, 2003 (10 cfr 35.2092), and Siegel, 2004; p. 56. According to the NRC, records of radioactive materials that are allowed to decay in storage must include the date of disposal, survey instrument used, background level of radiation, radiation level at the surface of the waste container, and name of the individual who performed the survey."	"Source photo: Answers/Exam 5/IMG_1246.jpeg."	"Question photos/Questions/Exam 5/IMG_1168.jpeg"	"Question photos/Answers/Exam 5/IMG_1246.jpeg"	""	""	""
"exam5-071"	"5"	"71"	"Radiation Safety"	"Radiation Safety"	"concept"	"1"	"All of the following statements about the HVL are true except:"	"One HVL reduces the radiation intensity to half its original value."	"One HVL of lead will absorb the same amount of radiation as one HVL of aluminum."	"One HVL absorbs 50% of the photons emitted from a radiation source."	"Two HVLs reduce the radiation intensity to one quarter its original value."	"One HVL of lead is the same thickness as one HVL of aluminum."	"4"	"One HVL of lead is the same thickness as one HVL of aluminum."	"The thickness of a half-value layer (HVL) depends on the density of the shielding material and the photon energy of the radionuclide being shielded. The HVL for a radionuclide that emits a higher-energy photon must be thicker than the HVL for a lower-energy photon emitter to absorb 50% if the emitted photons. Thus, the HVL of lead for a low-energy photon emitter, such as 125I (27.5 keV), is 0.04 mm, but the HVL of lead for a higher-energy photon emitter, such as 15°Cs (662 keV), is 6.5 mm. Similarly, the HVL for high-density shielding material is less than the HVL for lower-density materials. For example, for 131I, the HVL of a high-density material such as lead is 0.22 cm, but in the case of aluminum, a material with a much lower density than lead, the HVL is 2.6 cm. In this instance, more (a greater thickness) of lower-density material is required to absorb 50% of the emitted protons. U.S. Nuclear Regulatory Commission, 2003 (10 CFR 35.3045), and Siegel, 2004; pp. 58-59. When a medical event (misadministration) occurs, the NRC requires the license to notify the NRC, the referring physician, and the involved individual, unless the referring physician determines, on the basis of medical judgment, that such notification would be harmful to the patient."	"Source: Early and Sodee, 1995; pp. 72-74."	"Question photos/Questions/Exam 5/IMG_1168.jpeg"	"Question photos/Answers/Exam 5/IMG_1246.jpeg"	""	""	""
"exam5-072"	"5"	"72"	"Radiation Safety"	"Thyroid Imaging"	"concept"	"2"	"If a patient receives 20 mCi of [131I] sodium iodide instead of the prescribed dosage of 15 mCi for therapy of hyperthyroidism, which of the following individuals/agencies must be notified?"	"NRC"	"NRC and referring physician"	"referring physician"	"NRC and FDA"	"FDA"	"1"	"NRC and referring physician"	"A therapeutic dosage error that meets medical-event criteria requires notification of the NRC and the referring physician according to NRC reporting requirements."	"Source photo: IMG_1246.jpeg."	"Question photos/Questions/Exam 5/IMG_1168.jpeg"	"Question photos/Answers/Exam 5/IMG_1246.jpeg"	""	""	""
"exam5-073"	"5"	"73"	"Radiation Safety"	"Radiation Safety"	"concept"	"3"	"According to NRC regulations, the annual whole-body occupational dose limit (TEDE) for adults is:"	"15 Rem"	"50 mRem"	"50 Rem"	"5000 mRem"	"10 Rem"	"3"	"5000 mRem"	"U.S. Nuclear Regulatory Commission, 2003 (10 CFR 20.1201), and Siegel, 2004; pp. 28-36. According to the NRC, the annual whole-body occupational dose limit for adults is 5,000 milliRem or 5 Rem."	"Source photo: Answers/Exam 5/IMG_1246.jpeg."	"Question photos/Questions/Exam 5/IMG_1168.jpeg"	"Question photos/Answers/Exam 5/IMG_1246.jpeg"	""	""	""
"exam5-074"	"5"	"74"	"Radiation Safety"	"Radiation Safety"	"concept"	"4"	"A ""sharps"" container reads 50 mR/hr when it is placed in storage. It contains only 99mTc waste. According to NRC regulations, when can the container be disposed of as nonradioactive biohazardous waste?"	"when the exposure rate drops to 1/10 of the original exposure rate"	"when the container gives only a background reading with a survey meter"	"when the exposure rate drops to 1/10 of the original exposure rate"	"when the container gives only a background reading with a wipe test"	"when the container gives a reading less than 5 mR/hr"	"1"	"when the container gives only a background reading with a survey meter"	"U.S. Nuclear Regulatory Commission, 2003 (10 CFR 35.92), and Siegel, 2004; pp. 53-54. According to NRC regulations, decay in storage of radioactive materials requíres that the materials remain in storage until the radioactivity is indistinguishable from background radiation using a survey meter on the most sensitive seale and without any shielding in place. Before disposal, all radiation labels must be obliterated unless the materials are in a container that will be managed as biomedical waste when released from the licensees."	"Source photo: Answers/Exam 5/IMG_1246.jpeg."	"Question photos/Questions/Exam 5/IMG_1169.jpeg"	"Question photos/Answers/Exam 5/IMG_1246.jpeg"	""	""	""
"exam5-075"	"5"	"75"	"Radiation Safety"	"Radiation Safety"	"protocol"	"5"	"According to the NRC, areas where therapeutic radiopharmaceuticals are prepared or administered must be surveyed:"	"weekly"	"monthly"	"quarterly"	"after each therapeutic dosage is prepared or administered"	"at the end of each day a therapeutic dosage is prepared or administered"	"4"	"at the end of each day a therapeutic dosage is prepared or administered"	"U.S. Nuclear Regulatory Commission, 2003 (10 CFR 35.70 and 10 CFR 20.1501), and Siegel, 2004; pp. 43-46. NCR regulations require a survey of areas where radiopharmaceuticals that require a written directive are prepared or administered. This would include therapeutic radiopharmaceuticals and dosages of 131I greater than 30 uCi. The survey is to be performed at the end of the day. As of October 2002, the NRC no longer requires daily surveys and weekly wipe tests. Instead it allows facilities to establish a survey and wipe test schedule. The schedule must be reasonable, based on the need to determine radiation levels, concentrations or quantities of radioactive materials, and potential radiological hazards."	"Source photo: Answers/Exam 5/IMG_1246.jpeg."	"Question photos/Questions/Exam 5/IMG_1169.jpeg"	"Question photos/Answers/Exam 5/IMG_1246.jpeg"	""	""	""
"exam5-076"	"5"	"76"	"Radiation Safety"	"Radiation Safety"	"concept"	"1"	"What is the measured exposure rate shown on the diagram of the G-M meter depicted here?"	"CPM 0.06 mR/hr"	"OFF 6.0 mR/hr"	"0.6 mR/hr"	"60 mR/hr"	"0.006 mR/hr"	"1"	"OFF 6.0 mR/hr"	"The measured exposure rate is the product of the number indicated by the needle on the meter and the scale. In this example, the reading on the meter is 0.6 on a scale of 10. Thus, 0.6 mR/hr x 10 = 6 mR/hr."	"Source: Thompson, et al., 1994; pp. 32-33."	"Question photos/Questions/Exam 5/IMG_1169.jpeg"	"Question photos/Answers/Exam 5/IMG_1246.jpeg"	"assets/question-bank/retake/exam5-076/e5q76.jpg"	"Graphic for Exam 5, Question 76."	""
"exam5-077"	"5"	"77"	"Radiation Safety"	"Radiation Safety"	"concept"	"2"	"According to the NRC, the NRC and the final delivery carrier must be notified if the exposure rate at the surface of a package containing radioactive materials exceeds:"	"100 mR/hr"	"2,000 mR/hr"	"1,000 mR/hr"	"200 mR/hr"	"10 mR/hr"	"3"	"200 mR/hr"	"U.S. Nuclear Regulatory Commission, 2003 (10 CFR 20.1906);, and Siegel, 2004; pp. 41-43. According to the NRC, both the NRC and the final delivery carrier must be notified if the exposure rate of a radioactive package is in excess of 200 mR/hr at the package surface or in excess of 10 mR/hr at 3 ft from the package surface."	"Source photo: Answers/Exam 5/IMG_1246.jpeg."	"Question photos/Questions/Exam 5/IMG_1169.jpeg"	"Question photos/Answers/Exam 5/IMG_1246.jpeg"	""	""	""
"exam5-078"	"5"	"78"	"Radiation Safety"	"Radiation Safety"	"concept"	"3"	"Contamination on the surface of the skin is best removed by:"	"flushing the area with hot water"	"cleansing the area with lukewarm water and detergent"	"scrubbing the area with a stiff brush"	"rubbing the area with an abrasive cleanser"	"cleansing the area with hydrogen peroxide"	"1"	"cleansing the area with lukewarm water and detergent"	"Decontamination of the skin should be attempted with a mild detergent and lukewarm water to avoid irritating the skin. Abrasive materials, scrubbing, and hot water all can increase absorption of the radioactivity through the skin."	"Source: Christian, et al., 2004; p. 202."	"Question photos/Questions/Exam 5/IMG_1169.jpeg"	"Question photos/Answers/Exam 5/IMG_1246.jpeg"	""	""	""
"exam5-079"	"5"	"79"	"Radiation Safety"	"Radiation Safety"	"concept"	"4"	"According to NRC regulations, which of the following concerning restricted areas is true?"	"Patient rooms become restricted areas after the patient has received a radiopharmaceutical."	"Only areas where radiopharmaceuticals are stored must be designated as restricted areas."	"Radiation area monitors are required in restricted areas."	"Restricted areas must be locked when authorized personnel are not present."	"Everyone entering or leaving a restricted area must be surveyed."	"3"	"Restricted areas must be locked when authorized personnel are not present."	"U.S. Nuclear Regulatory Commission, 2003 (10 CFR 20.1003). The NRC requires that access to restricted areas must be limited to prevent individuals from being exposed to radiation or radioactive materials that may cause undue risk. To control access, restricted areas must be locked when authorized staff are not present."	"Source photo: Answers/Exam 5/IMG_1246.jpeg."	"Question photos/Questions/Exam 5/IMG_1169.jpeg"	"Question photos/Answers/Exam 5/IMG_1246.jpeg"	""	""	""
"exam5-080"	"5"	"80"	"Radiation Safety"	"Radiation Safety"	"calculation"	"4"	"According to NRC regulations, radioactive waste can be decayed in storage if:"	"the exposure rate at the time of storage is less than 5 mR/hr at the surface"	"the exposure rate at the time of storage is less than 5 R/hr at the surface"	"it has a physical half-life of less than 120 days"	"it has a physical half-life of less than 1 year"	"it has a physical half-life of less than 100 days"	"2"	"it has a physical half-life of less than 120 days"	"U.S. Nuclear Regulatory Commission, 2003 (10 CFR 35.63), and Siegel, 2004; pp. 53-54. According to the NRC, radioactive materials must be decayed in storage if the half-life is less than 120 days."	"Source photo: Answers/Exam 5/IMG_1246.jpeg."	"Question photos/Questions/Exam 5/IMG_1169.jpeg"	"Question photos/Answers/Exam 5/IMG_1246.jpeg"	""	""	""
"exam5-081"	"5"	"81"	"Radiation Safety"	"Radiation Safety"	"concept"	"1"	"If the ambient exposure rate in a hot lab is determined to be 1.2 mR/hr, what will be the radiation dose to a technologist as a result of 3 hr of work in the lab?"	"3.6 mRem"	"0.4 mRem"	"0.06 mRem"	"50 mRem"	"40 mRem"	"0"	"3.6 mRem"	"To determine the total dose, multiply the exposure rate by the time of exposure. In this case: 1.2 mR/hr x 3h = 3.6 mR However, the exposure to people is recorded in mRem. With gamma energies used in diagnostic nuclear medicine, R = Rem, so mR can be directly converted to mRem."	"Source: Wells, 1999; p. 98."	"Question photos/Questions/Exam 5/IMG_1169.jpeg"	"Question photos/Answers/Exam 5/IMG_1246.jpeg"	""	""	""
"exam5-082"	"5"	"82"	"Radiation Safety"	"Dose Calibrator QC"	"protocol"	"2"	"Which of the following must be performed before a package containing radioactive materials can be returned to a vendor?"	"Confirm that the exposure rate does not exceed background levels."	"Perform a wipe test to assure there is no surface contamination."	"Cover each individual vial with a waterproof covering."	"Notify the NRC that a shipment is being made."	"Performing a calibration check on the dose calibrator."	"1"	"Perform a wipe test to assure there is no surface contamination."	"U.S. Nuclear Regulatory Commission, 2003 (49 CFR 170-178). DOT regulations require that a survey of the package be performed to verify that there is no surface contamination before shipping packages containing radioactive materials."	"Source photo: Answers/Exam 5/IMG_1247.jpeg."	"Question photos/Questions/Exam 5/IMG_1169.jpeg"	"Question photos/Answers/Exam 5/IMG_1247.jpeg"	""	""	""
"exam5-083"	"5"	"83"	"Radiation Safety"	"Lung Imaging"	"image-interpretation"	"4"	"Which of the following is a primary source of radiation exposure to the technologist who performs PET imaging?"	"Bremsstrahlung radiation from the patient"	"positrons escaping from the patient"	"y rays from the long-lved source used for transmission scanning"	"electromagnetic radiation from the PET camera"	"Compton scatter from the patient"	"4"	"Compton scatter from the patient"	"The primary sources of radiation exposure to the technologist who performs PET imaging are from the radiopharmaceutical dosages before and during administration and from the Compton scatter escaping the patient's body. Because they are particles, positrons will be absorbed by body tissue and will not be emitted from the body."	"Source: Christian, et al., 2004; pp. 307-308."	"Question photos/Questions/Exam 5/IMG_1169.jpeg"	"Question photos/Answers/Exam 5/IMG_1247.jpeg"	""	""	""
"exam5-084"	"5"	"84"	"Clinical Procedures"	"Clinical Procedures"	"concept"	"4"	"Which of the following personnel monitors would be appropriate for use when monitors are changed at 3 mo intervals?"	"TLD or OSL"	"TLD"	"OSL"	"film badge"	"pocket dosimetry"	"0"	"TLD or OSL"	"Either a TLD or an OSL can be used because the accuracy of the reading is not affected by time. The film in a film badge may begin to fog within this period of time, which may result in inaccurate exposure readings."	"Source: Siegel, 2004; p. 35."	"Question photos/Questions/Exam 5/IMG_1170.jpeg"	"Question photos/Answers/Exam 5/IMG_1247.jpeg"	""	""	""
"exam5-085"	"5"	"85"	"Instrumentation & QC"	"Dose Calibrator QC"	"calculation"	"3"	"A linearity test was performed on a dose calibrator and these data were collected:"	"Calculated activity The instrument consistently measures higher than expected."	"(mCi) According to the standard of practice, the instrument is operating within limits."	"Time The instrument measures lower activities more accurately than higher activities."	"Day The instrument measures higher activities more accurately than lower activities."	"20.0 0700 10.0 1300 5.0 1900 1.26 0700 0.63 1300 1900 0.32 0.08 0700 1300 0.04 1900 0.02 Based on these results, which of the following statements is true? According to the standard of practice, the instrument is not operating within limits."	"1"	"(mCi) According to the standard of practice, the instrument is operating within limits."	"U.S. Nuclear Regulatory Commission, 2003 (10 CFR 35.60), and Siegel, 2004; pp. 50-52. The NRC requires that dose calibrators be tested for proper functioning according to nationally recognized standards. The standard of practice dictates that the measured activity should be within +10% of the expected activity when the instrument is tested for linearity. All 9 measured activities are approximately 5% of the calculated values. Therefore, the results of this test are within acceptable linearity limits."	"Source photo: Answers/Exam 5/IMG_1247.jpeg."	"Question photos/Questions/Exam 5/IMG_1170.jpeg"	"Question photos/Answers/Exam 5/IMG_1247.jpeg"	"assets/question-bank/retake/exam5-085/e5q85.jpg"	"Graphic for Exam 5, Question 85."	""
"exam5-086"	"5"	"86"	"Instrumentation & QC"	"Dose Calibrator QC"	"protocol"	"1"	"A dose calibrator accuracy test may be performed with which of the following radioactive sources?"	"100 mCi 99mTc"	"75 uCi 137Cs"	"60 uCi 99mTc"	"25 uCi 137Cs"	"75 uCi 99mTc"	"1"	"75 uCi 137Cs"	"Various long-lived sources can be used to test accuracy. At least 50 uCi of 137Cs, 57Co, or 133Ba should be used. 99mTc is not an appropriate choice because it is relatively short-lived."	"Source: Bernier, et al., 1994; p. 80."	"Question photos/Questions/Exam 5/IMG_1170.jpeg"	"Question photos/Answers/Exam 5/IMG_1247.jpeg"	""	""	""
"exam5-087"	"5"	"87"	"Image Production"	"SPECT"	"concept"	"2"	"On the basis of the spectrometer calibration curve shown here, the operating voltage of the instrument is:"	"875"	"850"	"800"	"885"	"900"	"0"	"875"	"Calibrating a scintillation spectrometer involves the determination of the operating voltage applied to the dynodes of the photomultiplier tube. A reference standard, such as 137Cs, is counted at various voltage settings, and the counts are recorded. Then, the net counts per minute versus the voltage are plotted on linear graph paper. From the graph, the voltage at which the maximum number of counts is obtained is the operating voltage for the instrument. Calibration results are valid only for the gain setting used during the determination of the operating voltage."	"Source: Early and Sodee, 1995; pp. 158-162."	"Question photos/Retake Photos/IMG_1334.jpeg"	"Question photos/Answers/Exam 5/IMG_1247.jpeg"	"assets/question-bank/retake/exam5-087/e5q87.jpg"	"Graphic for Exam 5, Question 87."	""
"exam5-088"	"5"	"88"	"Instrumentation & QC"	"Uniformity QC"	"protocol"	"3"	"Extrinsic uniformity is performed daily on a scintillation camera with a ""Co sheet source and a low-energy all-purpose parallel-hole collimator. From the data shown here:"	"Time to collect 2 million counts incorrect photopeak/window setting 0.038"	"Day incorrect collimator 0.019"	"Measured activity a cracked crystal"	"240 sec incorrect acquisition matrix"	"(mCi) June 1 241 sec June 2 20.0 245 sec June 3 9.50 242 sec June 4 4.75 560 sec June 5 1.20 0.60 all of the following may have caused the decreased sensitivity seen on 0.30 0.076 June 5 except: a malfunctioning PMT"	"3"	"240 sec incorrect acquisition matrix"	"the next. If the window is not set correctly over the photopeak, it will take longer to acquire the specified number of counts. Likewise, using a collimator that has less sensitivity than a low-energy, all-purpose collimator (such as a high-resolution or medium-energy collimator) will require additional time to collect the counts. With a cracked crystal, the photopeak is broadened, thus decreasing the system's energy resolution and causing decreased counts in a given period of time. If an acquisition is set to terminate after a preset number of counts, the matrix size will not affect the length of the acquisition."	"Source: Early and Sodee, 1995; pp. 165-167, 272-273. Sensitivity is expressed as counts per minute per microcurie. From the data presented, there is a sudden change in sensitivity from one day to"	"Question photos/Questions/Exam 5/IMG_1170.jpeg"	"Question photos/Answers/Exam 5/IMG_1247.jpeg"	"assets/question-bank/retake/exam5-088/e5q88.jpg"	"Graphic for Exam 5, Question 88."	""
"exam5-089"	"5"	"89"	"Radiation Safety"	"Uniformity QC"	"image-interpretation"	"4"	"A technologist performs a uniformity test on a scintillation camera using a 99mTc point source and obtains the image shown here. What should the technologist do next?"	"Arrange for camera service."	"Record the results and proceed with imaging patients."	"Move the point source closer to the face of the detector."	"Move the point source farther from the face of the detector."	"Remove the collimator and repeat the acquisition."	"4"	"Remove the collimator and repeat the acquisition."	"Early and Sodee, 1995; pp. 261-271. Camera uniformity may be performed intrinsically (without the collimator) or extrinsically (with the collimator in place). Intrinsic uniformity images may be acquired with a point source placed at 3-5 UFOV (useful fields of view) from the crystal or with a sheet source placed over the crystal. Extrinsic uniformity must be performed with a sheet source placed on the crystal. The image shown was performed with a collimated point source. Therefore, the distribution of radioactivity over the face of the crystal is not even. The technologist should either remove the collimator and repeat the image or use a radionuclide sheet source with the collimator in place to obtain the uniformity image."	"Source: Bernier, et al., 1994; pp. 88-89, and"	"Question photos/Questions/Exam 5/IMG_1170.jpeg"	"Question photos/Answers/Exam 5/IMG_1247.jpeg"	"assets/question-bank/retake/exam5-089/e5q89.jpg"	"Graphic for Exam 5, Question 89."	""
"exam5-090"	"5"	"90"	"Instrumentation & QC"	"Dose Calibrator QC"	"protocol"	"5"	"According to standards of practice, how often must the accuracy of a dose calibrator be determined?"	"quarterly"	"annually"	"monthly"	"daily"	"hourly"	"1"	"annually"	"According to the standard of practice, the accuracy of a dose calibrator should be tested at installation and annually thereafter."	"Source: Bernier, et al., 1994; p. 80."	"Question photos/Questions/Exam 5/IMG_1170.jpeg"	"Question photos/Answers/Exam 5/IMG_1247.jpeg"	""	""	""
"exam5-091"	"5"	"91"	"Instrumentation & QC"	"SPECT"	"concept"	"1"	"The following center of rotation values were obtained on a SPECT camera:"	"Date Transfer any SPECT studies to a different computer terminal for processing."	"COR value Arrange for camera service. Acquire SPECT studies using the October 22 value."	"10/1"	"32.51 Acquire SPECT studies using the October 29 value."	"10/8 32.59 32.48 10/15 32.38 10/22 32.58 10/29 On October 29, the most appropriate action for the technologist is to: Acquire SPECT studies using the October 01 value."	"3"	"32.51 Acquire SPECT studies using the October 29 value."	"COR values should vary by no more than ½ pixel. Deviations greater than ½ pixel may degrade resolution in reconstructed images. The values presented are within the ½-pixel limit. Therefore, the technologist can use the camera for SPECT studies using the most recent value."	"Source: English, 1995; p. 44."	"Question photos/Questions/Exam 5/IMG_1171.jpeg"	"Question photos/Answers/Exam 5/IMG_1247.jpeg"	"assets/question-bank/retake/exam5-091/e5q91.jpg"	"Graphic for Exam 5, Question 91."	""
"exam5-092"	"5"	"92"	"Instrumentation & QC"	"Instrumentation & QC"	"protocol"	"2"	"How often should linearity and spatial resolution tests be performed on a scintillation camera?"	"daily"	"weekly"	"monthly"	"quarterly"	"yearly"	"1"	"weekly"	"The standard of practice calls for performance of linearity and spatial resolution testing on a weekly basis."	"Source: Bernier, et al., 1994; p. 89."	"Question photos/Questions/Exam 5/IMG_1171.jpeg"	"Question photos/Answers/Exam 5/IMG_1247.jpeg"	""	""	""
"exam5-093"	"5"	"93"	"Image Production"	"Image Production"	"calculation"	"5"	"If a 67Ga static image is acquired into a 128 x 128 byte-mode matrix using the photopeaks at 93, 185, and 300 keV, how much computer memory is required to store the image?"	"256 kB"	"64 kB"	"32 kB"	"128 kB"	"16 kB"	"4"	"16 kB"	"Counts from the three photopeaks are collected in one acquisition matrix to form a single ""Ga image. Therefore, one set of storage locations in computer memory is needed. One 128 x 128 byte-mode matrix bytes to kilobytes: contains 16,384 bytes. A kilobyte (kB) contains 1,024 bytes. To convert 1 kB 16,384 bytes x =16 kB 1024 bytes"	"Source: Lee, 2005; pp. 93-95."	"Question photos/Questions/Exam 5/IMG_1171.jpeg"	"Question photos/Answers/Exam 5/IMG_1247.jpeg"	""	""	""
"exam5-094"	"5"	"94"	"Instrumentation & QC"	"Uniformity QC"	"image-interpretation"	"3"	"Which of the following techniques is used to help eliminate the ""star"" effect created during tomographic reconstruction?"	"filtered backprojection"	"center of rotation offset correction"	"oversampling"	"uniformity correction"	"iterative reconstruction"	"0"	"filtered backprojection"	"Tomographic images may be reconstructed from the planar projections using a technique called backprojection. This creates a star pattern as the ray sums are projected back along a line in the reconstruction matrix. The use of a ramp filter during the process helps eliminate much of the ""star"" artifact."	"Source: Bernier, et al., 1994; pp. 254-260."	"Question photos/Questions/Exam 5/IMG_1171.jpeg"	"Question photos/Answers/Exam 5/IMG_1248.jpeg"	""	""	""
"exam5-095"	"5"	"95"	"Instrumentation & QC"	"Dose Calibrator QC"	"protocol"	"5"	"A technologist performs a linearity test on a dose calibrator. The expected activity at a given time is 28.2 uCi, and the actual reading is 27.0 uCi. Which of the following statements is correct?"	"The instrument should be repaired or replaced."	"The instrument can be used to measure activities in the microcurie range."	"A correction factor of 0.96 should be applied when measuring activities in the microcurie range."	"A correction factor of 1.04 should be applied when measuring activities in the microcurie range."	"A correction factor of 1.14 should be applied when measuring activities in the microcurie range."	"1"	"The instrument can be used to measure activities in the microcurie range."	"If the percentage error in the measurement is less than 10%, then the instrument can be used as is. The measured activity falls within ≤10% of the expected value. Therefore, no correction factor is needed."	"Source: Bernier, et al., 1994; p. 81."	"Question photos/Retake Photos/IMG_1336.jpeg"	"Question photos/Answers/Exam 5/IMG_1248.jpeg"	""	""	""
"exam5-096"	"5"	"96"	"Radiation Safety"	"SPECT"	"concept"	"1"	"Which of the following instruments is most appropriate for detecting low-level accidental contamination?"	"thermoluminescent dosimeter"	"cutie pie (ionization chamber)"	"Geiger-Mueller counter"	"pocket dosimeter"	"optically stimulated luminescence dosimetry"	"2"	"Geiger-Mueller counter"	"The Geiger-Mueller (G-M) counter is best suited for detecting low-level contamination because it is sensitive to exposure rates just above background, although the readings are not as accurate as those obtained with an ionization chamber. The G-M has a quicker response time compared with the ionization chamber. Although a pocket dosimeter can give an immediate reading, it cannot be used to localize contamination."	"Source: Powsner and Powsner, 1998; pp. 57-58."	"Question photos/Questions/Exam 5/IMG_1171.jpeg"	"Question photos/Answers/Exam 5/IMG_1248.jpeg"	""	""	""
"exam5-097"	"5"	"97"	"Instrumentation & QC"	"PET"	"image-interpretation"	"3"	"Image noise can be decreased during dedicated PET imaging by:"	"decreasing the distance between the patient and the detectors"	"using 2D mode"	"decreasing the dosage activity"	"scanning for a longer time"	"using 4D mode"	"3"	"scanning for a longer time"	"The more data, the smaller the effect of the randomness of radioactive decay. Scanning for a longer time increases the number of counts acquired, thereby decreasing noise. Using 2D mode allows for more, because it accepts cross-ring interactions. Decreasing the dosage decreases counts and, therefore, increases noise. In a dedicated PET unit, the detectors are stationary on a non-adjustable ring. The distance between the patient and the detectors cannot be adjusted, except to center the imaging pallet in the middle of the ring."	"Source: Turkington, 2001; p. 8."	"Question photos/Retake Photos/IMG_1338.jpeg"	"Question photos/Answers/Exam 5/IMG_1248.jpeg"	""	""	""
"exam5-098"	"5"	"98"	"Instrumentation & QC"	"Instrumentation & QC"	"calculation"	"4"	"What is the standard maximum acceptable % energy resolution measured with 137Cs for a NaI(Tl) scintillation detector?"	"8%"	"12%"	"20%"	"22%"	"25%"	"1"	"12%"	"The percentage energy resolution should not exceed 12%. If the photopeak has broadened beyond this point, the instrument cannot accurately distinguish one energy from another."	"Source: Early and Sodee, 1995; p. 165."	"Question photos/Questions/Exam 5/IMG_1171.jpeg"	"Question photos/Answers/Exam 5/IMG_1248.jpeg"	""	""	""
"exam5-099"	"5"	"99"	"Radiation Safety"	"SPECT"	"protocol"	"4"	"A 10% window for 662 keV is set on a spectrometer with a lower-level discriminator (LLD) and an upper-level discriminator (ULD). If each increment on the discriminator dial equals 1 keV, what should be the settings for the LLD and the ULD?"	"LLD = 596; ULD = 728"	"LLD = 657; ULD = 667"	"LLD = 652; ULD = 672"	"LLD = 629; ULD = 695"	"LLD = 667; ULD = 677"	"3"	"LLD = 629; ULD = 695"	"Half the percentage of the window is above and half is below the designated energy. The window is expressed as a percentage of the energy of the radionuclide. In this case, it will be 662 keV, because 5% of 662 keV = 33 keV. The LLD will be set at the lower limit of the window (629 keV), and the ULD will be set at the upper limit (695 keV)."	"Source: Wells, 1999; p. 142."	"Question photos/Questions/Exam 5/IMG_1171.jpeg"	"Question photos/Answers/Exam 5/IMG_1248.jpeg"	""	""	""
"exam5-100"	"5"	"100"	"Radiation Safety"	"Dose Calibrator QC"	"concept"	"5"	"Which of the following radiation monitoring devices is best suited to survey a patient who has received 150 mCi of 131I for therapy?"	"pocket ionization chamber"	"portable ionization chamber"	"Geiger-Mueller counter"	"dose calibrator"	"liquid scintillation counter"	"1"	"portable ionization chamber"	"A portable ionization chamber, sometimes referred to as a cutie pie, is used to measure areas of high photon intensity. This instrument gives a direct measurement of the total number of ion pairs produced per unit time and, therefore, is more accurate than a Geiger-Mueller counter when surveying a large amount of radioactivity. tive decay. Scanning amnga te"	"Source: Early and Sodee, 1995; pp. 131-135."	"Question photos/Retake Photos/IMG_1339.jpeg"	"Question photos/Answers/Exam 5/IMG_1248.jpeg"	""	""	""
"exam6-001"	"6"	"1"	"Radiation Safety"	"Radiation Safety"	"concept"	"1"	"If someone is receiving 20 mRem/hr exposure at a distance of 3 m from a source, at what distance would they receive 500 mRem/hr exposure?"	"0.36 cm"	"0.36 m"	"60 cm"	"0.60 cm"	"3.6 cm"	"2"	"60 cm"	"The Inverse Square Law is represented by the equation I, (D,) ' = 1, (D,)2, with / equaling intensity in mR/hr and D equaling distance. 20 mR/hr represents the L, value, while 3 m will be the D, value. 500 mR/hr is the D, value and the L, value can be found by plugging in all the given information to the Inverse Square Law equation and solving for the missing variable. 20 mR/hr (3 m)' = 500 mR/hr (L)? (1)* = 20 mR/hr (9 m) = 0.36 m 500 mR/hr Take the square root of both sides to get 1, = 0.60 m How many cm = 0.60 m x 100 cm/1 m = 60 cm?"	"Source: Christian and Waterstram-Rich, 2007; p. 4."	"Question photos/Questions/Exam 6/IMG_1172.jpeg"	"Question photos/Answers/Exam 6/IMG_1249.jpeg"	""	""	""
"exam6-002"	"6"	"2"	"Radiation Safety"	"Radiation Safety"	"concept"	"2"	"If an area survey reveals an ambient radiation level of 7 mRem/hr, which of the following radioactive signs would be the best choice to display on the door leading to this area?"	"""Caution: Radioactive Materials"""	"""Caution: Radiation Area"""	"""Caution: High Radiation Area"""	"""Grave Danger: Very High Radiation Area"""	"""Caution: Very High Radiation Area"""	"1"	"""Caution: Radiation Area"""	"The ""Caution: Radioactive Materials"" sign is used in any area where certain quantities of radioactive materials are used or stored. The ""Caution: Radiation Area"" sign is used in areas where an individual could receive more than 5 mRem (0.05 mSv) in 1 hr at 30 cm from a radioactive source. The ""Caution: High Radiation Area"" sign is used where an individual could receive more than 100 mRem/hr (1 mSv) in 1 hr at 30 cm from a radioactive source. Since the ambient radiation exposure is between 5 mRem/hr and 100 mRem/hr, the appropriate caution sign would be ""Caution: Radiation Area."""	"Source: Christian and Waterstram-Rich, 2007; p. 207."	"Question photos/Questions/Exam 6/IMG_1172.jpeg"	"Question photos/Answers/Exam 6/IMG_1249.jpeg"	""	""	""
"exam6-003"	"6"	"3"	"Radiation Safety"	"Radiation Safety"	"protocol"	"3"	"An ionization chamber is left in integral mode for 10 min and records a total dose of 3 mRem. Which of the following area posting signs should be used on the door leading into this area?"	"""Caution: Radiation Area"""	"""Caution: Radioactive Materials"""	"""Caution: High Radiation Area"""	"""Grave Danger: Very High Radiation Area"""	"""Caution: Very High Radiation Area"""	"0"	"""Caution: Radiation Area"""	"The ""Caution: Radioactive Materials"" sign is used in any area where certain quantities of radioactive materials are used or stored. The ""Caution: Radiation Area"" sign is used in areas where an individual could receive more than 5 mRem (0.05 mSv) in 1 hr at 30 cm from a radioactive source. The ""Caution: High Radiation Area"" sign is used where an individual could receive more than 100 mRem/hr (1 mSv) in 1 hr at 30 cm from a radioactive source. Since the integral dose in 10 min is 3 mRem, this implies that the total dose for 1 hr is 6 times this amount, or 18 mRem/hr. Therefore, the radiation exposure is between 5 mRem/hr and 100 mRem/hr, and the appropriate caution sign would be ""Caution: Radiation Area."""	"Source: Christian and Waterstram-Rich, 2007; p. 207."	"Question photos/Questions/Exam 6/IMG_1172.jpeg"	"Question photos/Answers/Exam 6/IMG_1249.jpeg"	""	""	""
"exam6-004"	"6"	"4"	"Clinical Procedures"	"Clinical Procedures"	"concept"	"4"	"Which of the following area posting signs would not normally be found in a hospital?"	"""Grave Danger: Very High Radiation Area"""	"""Caution: Radiation Area"""	"""Caution: High Radiation Area"""	"""Caution: Radioactive Materials"""	"""Caution: Very High Radiation Area"""	"0"	"""Grave Danger: Very High Radiation Area"""	"In areas where personnel would receive life-threatening doses of radiation such as levels over 500 R/hr, the sign ""Grave Danger: Very High Radiation Area"" would be used. It is unlikely that materials with an activity of lethal dose levels would be stored on the premises of a hospital."	"Source: Christian and Waterstram-Rich, 2007; p. 207."	"Question photos/Questions/Exam 6/IMG_1172.jpeg"	"Question photos/Answers/Exam 6/IMG_1250.jpeg"	""	""	""
"exam6-005"	"6"	"5"	"Radiation Safety"	"Dose Calibrator QC"	"concept"	"5"	"Which of the following type of survey instruments would be best to use to survey a spill for removable contamination in a hot lab area where radioisotopes are being stored?"	"G-M detector"	"personal pocket dosimeter"	"well counter with a wipe test"	"dose calibrator with a wipe test"	"cutie pie"	"2"	"well counter with a wipe test"	"G-M detectors are used to survey large areas for contamination that may not always be removable. Pocket dosimeters are used to measure personnel exposure. Dose calibrators are used to measure activity in patient doses. Scintillation probes can be used to detect removable and non-removable contamination at a higher efficiency than G-M detectors because of its use of a sodium iodide-thallium crystal. Most often, wipe tests with a well counter are used to check for removable contamination."	"Source: Christian and Waterstram-Rich, 2007; p. 60, 198-99, 211."	"Question photos/Questions/Exam 6/IMG_1172.jpeg"	"Question photos/Answers/Exam 6/IMG_1250.jpeg"	""	""	""
"exam6-006"	"6"	"6"	"Radiation Safety"	"Radiation Safety"	"concept"	"1"	"Four HVLs reduce the amount of incident radiation exposure to what?"	"6.5%"	"12.25%"	"3.125%"	"25%"	"50%"	"0"	"6.5%"	"amount of incident radiation to a transmission factor of 0.0625 or 6.25%."	"Source: Christian and Waterstram-Rich, 2007; p. 205. The half-value layer (HVL) is the amount of material needed to reduce radiation intensity by half. Following this logic, 4 HVLs reduce the"	"Question photos/Questions/Exam 6/IMG_1172.jpeg"	"Question photos/Answers/Exam 6/IMG_1250.jpeg"	""	""	""
"exam6-007"	"6"	"7"	"Radiation Safety"	"Radiation Safety"	"concept"	"2"	"Which of the following is not required to be included in the records of a radioactive package receipt check-in process?"	"name of radioisotope"	"name of patient"	"amount of activity"	"external wipe check"	"internal wipe check"	"1"	"name of patient"	"as mandated by NRC regulations. Patient name is not relevant at this point because you are simply taking inventory."	"Source: Christian and Waterstram-Rich, 2007; p. 203-204. When packages are received, they are inventoried by recording the name of the radioisotope, amount of activity, and results of wipe checks"	"Question photos/Questions/Exam 6/IMG_1172.jpeg"	"Question photos/Answers/Exam 6/IMG_1250.jpeg"	""	""	""
"exam6-008"	"6"	"8"	"Radiation Safety"	"Radiation Safety"	"concept"	"3"	"If a package is reading 2 mRem/hr at a distance of 2 m, what is the appropriate DOT label for this package?"	"No labeling is required."	"DOT I"	"DOT III"	"DOT II"	"DOT IV"	"3"	"DOT II"	"The DOT I transport index or exposure rate at 1 m from the package is mandated to be zero. The DOT II transport index is mandated to be more than 0 but less than 1 mR/hr at 1 m. DOT III is mandated to be more than 1 mR/hr but less than 10 mR/hr at 1 m. This package would fall under the DOT Il. • DOT I (white) • At contact, not more than 0.5 mR/hr • At 3 feet (1 m), no detectable radiation (NDR) • DOT II (yellow) o At contact, not more than 50 mR/hr • Al 3 feet (1 m), not more than 1 mR/hr • DOT III (yellow) ° At contact, not more than 200 mR/hr o At 3 feet (1 m), not more than 10 mR/hr"	"Source: Christian and Waterstram-Rich, 2007; p. 204."	"Question photos/Questions/Exam 6/IMG_1172.jpeg"	"Question photos/Answers/Exam 6/IMG_1250.jpeg"	""	""	""
"exam6-009"	"6"	"9"	"Radiation Safety"	"Radiation Safety"	"concept"	"4"	"The purpose of the transport index is to:"	"indicate the highest activity of the contents at 1 m from the surface"	"list the final destination of the package"	"not to give emergency personnel information about the contents of the package in an accident"	"not to list the radioisotopes in the package"	"document wipe check information"	"0"	"indicate the highest activity of the contents at 1 m from the surface"	"The transport index indicates to all handlers the degree of care that should be taken when handling the package. This index is quantified by an exposure reading taken 1 m from the package or source."	"Source: Christian and Waterstram-Rich, 2007; p. 203-204."	"Question photos/Questions/Exam 6/IMG_1172.jpeg"	"Question photos/Answers/Exam 6/IMG_1250.jpeg"	""	""	""
"exam6-010"	"6"	"10"	"Radiation Safety"	"Bone Imaging"	"image-interpretation"	"3"	"If a patient who is having a bone scan urinates on the floor next to a camera, what would be the best course of action to reduce radiation exposure?"	"Remove the spill with absorbent material and cover any residual activity with a lead plate or lead apron."	"Move the camera away from the spill."	"Let the radioactive urine decay to background."	"Notify the referring physician of a medical event."	"Notify the NRC of a medical event."	"0"	"Remove the spill with absorbent material and cover any residual activity with a lead plate or lead apron."	"When decontaminating a liquid spill that can include potentially radioactive biologic waste (urine, emesis, etc.) expelled from a patient, the spill can be cleaned up with absorbent material. When contamination cannot be completely removed with thorough cleaning, lead plates or aprons can be used to cover the area of the spill."	"Source: Christian and Waterstram-Rich, 2007; p. 205-206."	"Question photos/Questions/Exam 6/IMG_1172.jpeg"	"Question photos/Answers/Exam 6/IMG_1250.jpeg"	""	""	""
"exam6-011"	"6"	"11"	"Clinical Procedures"	"Clinical Procedures"	"concept"	"1"	"Which DOT radioactive labeling is entirely white?"	"DOT III"	"DOT II"	"DOT I"	"DOT IV"	"DOT V"	"2"	"DOT I"	"According to the Department of Transportation, the radioactive label designated as totally white is DOT I. DOT I denotes packages with less than 0.5 mR/hr exposure rate at the surface and with no detectable radiation (NDR) at 1 m."	"Source: Christian and Waterstram-Rich, 2007; p. 204."	"Question photos/Questions/Exam 6/IMG_1173.jpeg"	"Question photos/Answers/Exam 6/IMG_1250.jpeg"	""	""	""
"exam6-012"	"6"	"12"	"Radiation Safety"	"Radiation Safety"	"concept"	"2"	"Which absorber would be the best to use to shield strontium-89?"	"cardboard"	"No shielding is required."	"lead"	"plexiglass"	"paraffin"	"3"	"plexiglass"	"Strontium-89 is a pure beta emitter. Lead shielding cannot be used to block beta particles because of the production of bremsstrahlung radiation caused by the interaction of beta particles with dense materials such as lead. Cardboard is not dense enough to stop the torturous path of beta particles. Plexiglass is ideal because of its density since bremsstrahlung reactions would be kept to a minimum."	"Source: Christian and Waterstram-Rich, 2007; p. 15, 587."	"Question photos/Questions/Exam 6/IMG_1173.jpeg"	"Question photos/Answers/Exam 6/IMG_1250.jpeg"	""	""	""
"exam6-013"	"6"	"13"	"Radiation Safety"	"Radiation Safety"	"concept"	"3"	"Which of the following indicates the amount of radioactive substance in a sample or source?"	"total effective dose"	"exposure"	"absorbed dose"	"dose equivalent"	"activity"	"4"	"activity"	"Exposure is specifically defined as the amount of charge in the air from interactions with X or gamma radiation, 0 to 3MeV. The unit of exposure is the roentgen: 1 R = 2.58 x 10* c/kg. However, activity indicates the amount of radioactive substance in a sample or source. The units are the curie or becquerel."	"Source: Christian and Waterstram-Rich, 2007; p. 51."	"Question photos/Questions/Exam 6/IMG_1173.jpeg"	"Question photos/Answers/Exam 6/IMG_1250.jpeg"	""	""	""
"exam6-014"	"6"	"14"	"Radiation Safety"	"Radiation Safety"	"concept"	"4"	"If the exposure rate is 25 mRem/hr and the person being exposed is present for 25 min, what is his/her total exposure?"	"25 mRem"	"10.4 mRem"	"12.5 mRem"	"5.2 mRem"	"27 mRem"	"1"	"10.4 mRem"	"Source: Christian and Waterstram-Rich, 2007; 25 mRem/hr (1 hr/60 min) x 25 min = 10.4 mRem"	"Source: Christian and Waterstram-Rich, 2007; 25 mRem/hr (1 hr/60 min) x 25 min = 10.4 mRem"	"Question photos/Questions/Exam 6/IMG_1173.jpeg"	"Question photos/Answers/Exam 6/IMG_1250.jpeg"	""	""	""
"exam6-015"	"6"	"15"	"Clinical Procedures"	"Clinical Procedures"	"concept"	"5"	"What is 120 Sv in millirads (Quality Factor [QF] =1)?"	"120 million mrad"	"12 million mrad"	"1.2 million mrad"	"120,000 mrad"	"12,000 mrad"	"1"	"12 million mrad"	"1 Sv = 1 Gray = 100 rad 1 Sv = 100 Rem 120 Sv = (100)120 rad 120 Sv = 12,000 rad = 12,000,000 mrad"	"Source: Christian and Waterstram-Rich, 2007; p. 671."	"Question photos/Questions/Exam 6/IMG_1173.jpeg"	"Question photos/Answers/Exam 6/IMG_1251.jpeg"	""	""	""
"exam6-016"	"6"	"16"	"Clinical Procedures"	"Clinical Procedures"	"concept"	"1"	"An Alpha particle is similar to what?"	"an electron"	"a proton"	"a hydrogen atom minus its neutron"	"a helium atom minus its neutrons"	"a helium atom minus its electrons"	"4"	"a helium atom minus its electrons"	"When an alpha particle decays, it loses the two electrons it originally had. Helium nuclei consist of the same number of protons and neutrons."	"Source: Christian and Waterstram-Rich, 2007; p. 45."	"Question photos/Questions/Exam 6/IMG_1173.jpeg"	"Question photos/Answers/Exam 6/IMG_1251.jpeg"	""	""	""
"exam6-017"	"6"	"17"	"Instrumentation & QC"	"Collimators"	"concept"	"2"	"A higher or lower sensitivity is affected by all of the following except:"	"properly set Pulse Height Analyzer (PHA) and window width"	"collimator design"	"thickness of camera crystal"	"instrument deadtime"	"improperly set Pulse Height Analyzer (PHA) and window width"	"0"	"properly set Pulse Height Analyzer (PHA) and window width"	"The thickness of the crystal, collimator design, and instrument deadtime all affect sensitivity and can cause it to be higher or lower from day to day. However, a properly set pulse height analyzer with a proper window around the main peak will not affect the sensitivity and make it higher or lower from day to day."	"Source: Prekeges, 2011; p. 96."	"Question photos/Questions/Exam 6/IMG_1173.jpeg"	"Question photos/Answers/Exam 6/IMG_1251.jpeg"	""	""	""
"exam6-018"	"6"	"18"	"Instrumentation & QC"	"Dose Calibrator QC"	"protocol"	"3"	"Geometric variation, on a dose calibrator, should be performed:"	"hourly"	"at installation and yearly"	"quarterly"	"daily"	"at installation and after repair"	"4"	"at installation and after repair"	"Geometric calibration is performed at installation, whenever a change is made in the type of vial or syringe used in radiopharmaceutical processing, and after the chamber is repaired."	"Source: Christian and Waterstram-Rich, 2007; p. 87."	"Question photos/Questions/Exam 6/IMG_1173.jpeg"	"Question photos/Answers/Exam 6/IMG_1251.jpeg"	""	""	""
"exam6-019"	"6"	"19"	"Radiation Safety"	"Radiation Safety"	"concept"	"4"	"Photomultiplier tube drift is associated with which of the following: "	"auto-voltage stabilization"	"inverse gain"	"energy correction"	"linearity correction"	"auto-gain stabilization"	"4"	"auto-gain stabilization"	"The amplifications of electrons in photomultiplier tubes (PMTs) and, therefore, PMT output, are affected by many factors: temperature, PMT age, and Earth's magnetic field or unshielded MRIs. Automatic gain stabilization, if not correct, can cause tube drift to occur."	"Source: Prekeges, 2011; p. 61."	"Question photos/Questions/Exam 6/IMG_1173.jpeg"	"Question photos/Answers/Exam 6/IMG_1251.jpeg"	""	""	""
"exam6-020"	"6"	"20"	"Clinical Procedures"	"Clinical Procedures"	"concept"	"5"	"A paralyzable counting system will: "	"exhibit a nonlinear threshold response"	"never plateau and never obtain a peak count"	"plateau with no decrease in countrate as activity increases, which is the peak count"	"not exhibit any countrate difference"	"decrease in count rate after some peak in countrate is obtained"	"4"	"decrease in count rate after some peak in countrate is obtained"	"Source: Christian and Waterstram-Rich, 2007; In a paralyzable system, as the activity increases, the count rate increases to a maximum valve and then actually starts decreasing at higher activity levels."	"Source: Christian and Waterstram-Rich, 2007; In a paralyzable system, as the activity increases, the count rate increases to a maximum valve and then actually starts decreasing at higher activity levels."	"Question photos/Questions/Exam 6/IMG_1173.jpeg"	"Question photos/Answers/Exam 6/IMG_1251.jpeg"	""	""	""
"exam6-021"	"6"	"21"	"Radiation Safety"	"Uniformity QC"	"concept"	"1"	"Sources of intrinsic non-uniformity include all of the following except:"	"""mistuned"" PMTs"	"regional variations in Z-pulse amplitude"	"spatial distortion"	"linearity"	"mapping malfunction"	"3"	"linearity"	"The three main sources of non-uniformity are ""mistuned"" PMTs, regional variations in Z-pulse amplitude (spatial distortion), and edge packing. Linearity is a separate issue and not a part of uniformity assessment itself."	"Source: Prekeges, 2011; p. 58."	"Question photos/Questions/Exam 6/IMG_1173.jpeg"	"Question photos/Answers/Exam 6/IMG_1251.jpeg"	""	""	""
"exam6-022"	"6"	"22"	"Clinical Procedures"	"Clinical Procedures"	"concept"	"2"	"What is added to NaI crystals to allow them to scintillate at room temperature?"	"Tl"	"Xe"	"Ce"	"Ag"	"BGO"	"0"	"Tl"	"Nal (TI) scintillation camera systems will have a 8% to 12% energy resolution. Thallium functions as an actuator that allows the creation of acditional ""energy states"" within the crystal. Crystals are very sensitive to thermal and mechanical shocks."	"Source: Christian and Waterstram-Rich, 2007; p. 104."	"Question photos/Retake Photos/IMG_1340.jpeg"	"Question photos/Answers/Exam 6/IMG_1251.jpeg"	""	""	""
"exam6-023"	"6"	"23"	"Instrumentation & QC"	"Instrumentation & QC"	"concept"	"3"	"What maximum percentage difference is acceptable for most regulatory agencies for all four dose-calibrator QC checks?"	"+-5%"	"+-10%"	"+-7%"	"+-15%"	"+-20% "	"1"	"+-10%"	"The limit for % difference is # 10%, according to the NRC regulations. However, it may be 5% per manufacturer recommendations, which the NRC also says must be adhered to."	"Source: Christian and Waterstram-Rich, 2007; p. 86-87."	"Question photos/Questions/Exam 6/IMG_1173.jpeg"	"Question photos/Answers/Exam 6/IMG_1251.jpeg"	""	""	""
"exam6-024"	"6"	"24"	"Instrumentation & QC"	"Collimators"	"concept"	"4"	"Extrinsic quality control on a camera means quality control is done:"	"automatically overnight"	"without the collimator on"	"inside the camera"	"outside the camera"	"with the collimator on"	"4"	"with the collimator on"	"Extrinsic testing allows evaluation of the total system as it is used clinically, including the collimator. When a collimator is used during assessment, a source having a uniform radionuclide distribution is placed on the collimator."	"Source: Christian and Waterstram-Rich, 2007; p. 89."	"Question photos/Retake Photos/IMG_1341.jpeg"	"Question photos/Answers/Exam 6/IMG_1251.jpeg"	""	""	""
"exam6-025"	"6"	"25"	"Instrumentation & QC"	"Instrumentation & QC"	"concept"	"5"	"Linearity correction involves:"	"diagonal lines"	"horizontal lines"	"horizontal and vertical lines"	"vertical lines"	"diagonal and vertical lines"	"2"	"horizontal and vertical lines"	"Correction involves evaluating the straightness of both horizontal and vertical lines while using a phantom."	"Source: Christian, et al., 2004; p. 97."	"Question photos/Questions/Exam 6/IMG_1174.jpeg"	"Question photos/Answers/Exam 6/IMG_1251.jpeg"	""	""	""
"exam6-026"	"6"	"26"	"Instrumentation & QC"	"Instrumentation & QC"	"protocol"	"1"	"Dose-calibrator constancy should be performed:"	"monthly"	"daily"	"weekly"	"quarterly"	"hourly"	"1"	"daily"	"Constancy of a dose calibrator is performed every day that it is used. This is usually done using a long-lived radioisotope and comparing daily values to previously measured values."	"Source: Christian, et al., 2004; p. 86."	"Question photos/Questions/Exam 6/IMG_1174.jpeg"	"Question photos/Answers/Exam 6/IMG_1251.jpeg"	""	""	""
"exam6-027"	"6"	"27"	"Clinical Procedures"	"Renal Imaging"	"concept"	"2"	"Which of the following quantitative renal techniques require(s) the calculation of kidney depth?
A. Schlegel technique
B. Gates' method
C. Two-compartment effective renal plasma flow (ERPF) determination
D. Russell's glomerular filtration rate (GFR) method"	"A"	"B and C"	"C and D"	"B and D"	"A and B"	"4"	"A and B"	"sampling. These methods allow determination of these parameters separately for each kidney and derive values for global renal function."	"Source: Chachati, A., et al., JNM 28, 1987; pp. 829-836. Schlegel, et al., Brodkey, et al., and Gates described non-invasive isotopic methods for the estimation of GFR and ERPF without blood or urine"	"Question photos/Questions/Exam 6/IMG_1174.jpeg"	"Question photos/Answers/Exam 6/IMG_1251.jpeg"	""	""	""
"exam6-028"	"6"	"28"	"Clinical Procedures"	"Clinical Procedures"	"concept"	"3"	"Which of the following functional images represents the magnitude of ventricular contraction?"	"non-phase image"	"paradox image"	"phase image"	"stroke-volume image"	"amplitude image"	"4"	"amplitude image"	"The amplitude image is superior to the simple stroke volume image because it shows the actual volume of blood ejected from each region of the heart."	"Source: Lee, 1991; p. 176."	"Question photos/Questions/Exam 6/IMG_1174.jpeg"	"Question photos/Answers/Exam 6/IMG_1251.jpeg"	""	""	""
"exam6-029"	"6"	"29"	"Clinical Procedures"	"Lung Imaging"	"concept"	"4"	"The background ROI used in determining percentage gastroesophageal (GE) reflux is placed over the:"	"lower left lung"	"small intestine"	"right hepatic lobe"	"upper esophagus"	"lower esophagus"	"0"	"lower left lung"	"Background subtraction is used to enhance image quality and increase statistical reliability for quantitative studies such as gastroesophageal reflux studies. The lower left lung serves as an appropriate background region of interest close to but not within the field of view of imaging the esophagus and stomach."	"Source: Christian, et al., 2004; p. 526."	"Question photos/Questions/Exam 6/IMG_1174.jpeg"	"Question photos/Answers/Exam 6/IMG_1251.jpeg"	""	""	""
"exam6-030"	"6"	"30"	"Instrumentation & QC"	"Instrumentation & QC"	"calculation"	"5"	"Geometric mean is sometimes used in quantization because it corrects for:"	"the size and shape of the organ"	"background activity"	"radioactive half-life"	"radioactive decay"	"attenuation and organ depth"	"4"	"attenuation and organ depth"	"The geometric mean calculation and use in quantitative studies allow for a sense of organ depth and where in an organ any possible attenuation is occurring. This could be due to contrast media, which could be in a part of the colon but not the entire colon."	"Source: Christian, et al., 2004; p. 532."	"Question photos/Questions/Exam 6/IMG_1174.jpeg"	"Question photos/Answers/Exam 6/IMG_1251.jpeg"	""	""	""
"exam6-031"	"6"	"31"	"Clinical Procedures"	"Clinical Procedures"	"concept"	"1"	"Given a heart rate of 85 bpm, if a 24-frame gated heart study is acquired, the length of each frame in milliseconds is:"	"0.06 msec"	"0.3 msec"	"705 msec"	"29 msec"	"0.03 msec"	"3"	"29 msec"	"With the patient heart rate at 85 bpm, each beat is 0.7058 sec (60 sec/85 beats = 0.7058 sec). Divide this by 25 frames to get 0.029 sec and then convert to msec by multiplying by 1000 to get 29 msec."	"Source: Lee, 1991; p. 152."	"Question photos/Questions/Exam 6/IMG_1174.jpeg"	"Question photos/Answers/Exam 6/IMG_1252.jpeg"	""	""	""
"exam6-032"	"6"	"32"	"Instrumentation & QC"	"SPECT"	"image-interpretation"	"4"	"Concentric ring artifacts in a reconstructed SPECT image may be caused by:"	"improper collimation"	"inadequate uniformity"	"correction of large statistical fluctuations in the projection data"	"too few angles of reconstruction"	"too many angles of reconstruction"	"1"	"inadequate uniformity"	"Extrinsic flood field uniformity correction is performed to prevent ring artifacts."	"Source: Christian, et al., 2004; p. 309."	"Question photos/Questions/Exam 6/IMG_1174.jpeg"	"Question photos/Answers/Exam 6/IMG_1252.jpeg"	""	""	""
"exam6-033"	"6"	"33"	"Clinical Procedures"	"Cardiac Imaging"	"concept"	"3"	"In processing a myocardial perfusion study, a slice from which body axis is used to identify the degree to which the heart points to the left and to construct slices in the three opposing cardiac planes?"	"horizontal long axis"	"transaxial"	"vertical long axis"	"short axis"	"horizontal short axis"	"1"	"transaxial"	"For automatic reorientation of the heart, identify the left ventricle in the transaxial images using a threshold-based approach."	"Source: Christian, et al., 2004; p. 297."	"Question photos/Questions/Exam 6/IMG_1174.jpeg"	"Question photos/Answers/Exam 6/IMG_1252.jpeg"	""	""	""
"exam6-034"	"6"	"34"	"Instrumentation & QC"	"Instrumentation & QC"	"concept"	"4"	"The most important purpose of center of rotation offset correction is to:"	"eliminate the effects of detector tilt in the reconstructed images"	"minimize count sensitivity variations from one area of the crystal to another"	"ensure that all pixels are uniformly sized over the entire field of view"	"align the center of the computer matrix with the mechanical axis of rotation"	"maximize count sensitivity variations from one area of the crystal to another"	"3"	"align the center of the computer matrix with the mechanical axis of rotation"	"The center of rotation (COR) offset correction makes certain that the COR of the camera matrix corresponds to the COR of the camera heads."	"Source: Christian, et al., 2004; p. 302-303."	"Question photos/Questions/Exam 6/IMG_1174.jpeg"	"Question photos/Answers/Exam 6/IMG_1252.jpeg"	""	""	""
"exam6-035"	"6"	"35"	"Image Production"	"SPECT"	"concept"	"5"	"The x and y-axes of a circumferential profile curve are, respectively:"	"x-axis—bull's eye quadrant, y-axis: % maximum counts"	"x-axis—time, y-axis: activity"	"x-axis— segment of the myocardium, y-axis: maximum counts"	"x-axis—rest, y-axis: stress"	"x-axis—maximum counts, y-axis: segment of the myocardium"	"2"	"x-axis— segment of the myocardium, y-axis: maximum counts"	"In a circumferential profile curve, segments of the myocardium are listed on the x-axis and the maximum counts related to these segments are plotted on the y-axis."	"Source: Christian, et al., 2004; p. 298."	"Question photos/Questions/Exam 6/IMG_1174.jpeg"	"Question photos/Answers/Exam 6/IMG_1252.jpeg"	""	""	""
"exam6-036"	"6"	"36"	"Image Production"	"Image Production"	"concept"	"1"	"Diaphragmatic attenuation may be reduced by:"	"360 degree acquisition"	"supine acquisition"	"delayed imaging"	"prone acquisition"	"giving a bolus injection"	"3"	"prone acquisition"	"Imaging in the prone position minimizes attenuation artifacts in myocardial imaging where the inferior wall of the heart may be shadowed by breast tissue or the diaphragm."	"Source: Christian, et al., 2004; p. 291."	"Question photos/Questions/Exam 6/IMG_1174.jpeg"	"Question photos/Answers/Exam 6/IMG_1252.jpeg"	""	""	""
"exam6-037"	"6"	"37"	"Clinical Procedures"	"Clinical Procedures"	"concept"	"2"	"Which of the following is a definition of sensitivity of a diagnostic test?"	"how good the test is at detecting a true negative"	"how good the test is at detecting a true positive"	"how good the test is at detecting the difference between a true negative and a true positive"	"how good the test is at detecting something"	"how good the test is at detecting idiopathic conditions"	"1"	"how good the test is at detecting a true positive"	"Sensitivity is the percentage or fraction of ill patients who have a positive test. Thus, sensitivity is how good a test is at detecting a true positive. Specificity is how good a test is at detecting a true negative."	"Source: Bolus, 2001; p. 143-147."	"Question photos/Questions/Exam 6/IMG_1175.jpeg"	"Question photos/Answers/Exam 6/IMG_1252.jpeg"	""	""	""
"exam6-038"	"6"	"38"	"Radiopharmaceuticals"	"Lung Imaging"	"concept"	"3"	"In a patient with pulmonary embolism, the perfusion and xenon ventilation lung images will demonstrate the following findings:"	"Perfusion"	"Ventilation"	"Normal"	"Normal"	"Normal Abnormal tracer retention Normal Perfusion defects Perfusion defects Abnormal tracer retention Perfusion defects Normal"	"4"	"Normal Abnormal tracer retention Normal Perfusion defects Perfusion defects Abnormal tracer retention Perfusion defects Normal"	"Ventilation study usually presents as normal (uniform and symmetrical uptake and wash-out in all three phases) in cases of pulmonary embolism (PE). Mismatching areas of activity (usually two or more segmental defects) in the perfusion study are indicators for PE."	"Source: Shackett, 2009; p. 162."	"Question photos/Questions/Exam 6/IMG_1175.jpeg"	"Question photos/Answers/Exam 6/IMG_1252.jpeg"	"assets/question-bank/retake/exam6-038/e6q38.jpg"	"Graphic for Exam 6, Question 38."	""
"exam6-039"	"6"	"39"	"Radiation Safety"	"Lung Imaging"	"concept"	"4"	"Of the following, the biggest disadvantage of 133Xe (xenon gas) for performing lung ventilation studies is its:"	"rapid lung clearance"	"surface contamination"	"high cost"	"unavailability"	"trapping and shielding requirement"	"4"	"trapping and shielding requirement"	"Pricing and availability have forced 133Xe into prominence. The more even on comatose patients. straightforward wash-in/wash-out method is preferred and can be used"	"Source: Christian, et al., 2004; p. 470-471."	"Question photos/Questions/Exam 6/IMG_1175.jpeg"	"Question photos/Answers/Exam 6/IMG_1252.jpeg"	""	""	""
"exam6-040"	"6"	"40"	"Radiation Safety"	"Lung Imaging"	"concept"	"5"	"Which of the following statements about radiolabeled aerosols used for lung ventilation imaging is true?"	"The particles are deposited in ventilated areas of the lungs."	"It is necessary to trap any radiolabeled particles exhaled by the patient."	"Particle sizes range from 30-90um in diameter. "	"Deposition of particles in the central airway is never a problem with lung aerosol studies."	"Contamination concerns are not warranted."	"0"	"The particles are deposited in ventilated areas of the lungs."	"Aerosols are deposited in the bronchial tree in relation to particle size, air flow rates, and turbulence. The delivery tubing effectively filters out larger particles 10-15 pm in diameter. Smaller particles are deposited in the larger airways during both inspiration and expiration. Particles less than 2 pm can reach the alveoli and be deposited there, while even smaller particles, less than 0.1 pm, probably escape in the expired air:"	"Source: Christian, et al., 2004; p. 471."	"Question photos/Questions/Exam 6/IMG_1175.jpeg"	"Question photos/Answers/Exam 6/IMG_1252.jpeg"	""	""	""
"exam6-041"	"6"	"41"	"Instrumentation & QC"	"Instrumentation & QC"	"concept"	"1"	"An uptake probe is what type of detector?"	"Geiger-Mueller counter"	"proportional counter"	"ionization chamber"	"scintillation detector"	"cutie pie"	"3"	"scintillation detector"	"To count radioactivity in a person, a probe system is often used. The probe consists of a sodium iodide crystal with PMT, electronics, and collimator."	"Source: Christian, et al., 2004; p. 65."	"Question photos/Questions/Exam 6/IMG_1175.jpeg"	"Question photos/Answers/Exam 6/IMG_1252.jpeg"	""	""	""
"exam6-042"	"6"	"42"	"Image Production"	"Image Production"	"concept"	"2"	"The purpose of a charcoal filter in a xenon administration unit is to adsorb:"	"bacteria"	"carbon dioxide"	"moisture"	"pyrogens"	"xenon"	"4"	"xenon"	"Commercial ventilation units employ xenon traps that use activated charcoal to prevent the release of radioactive xenon during the washout phase of a study."	"Source: Christian, et al., 2004; p. 470."	"Question photos/Questions/Exam 6/IMG_1175.jpeg"	"Question photos/Answers/Exam 6/IMG_1252.jpeg"	""	""	""
"exam6-043"	"6"	"43"	"Radiopharmaceuticals"	"Lung Imaging"	"concept"	"3"	"The concentration of 133Xe gas in the lungs is increasing in which phase of a xenon ventilation study?"	"There is no phase of increasing activity."	"equilibrium"	"washout"	"wash-in"	"trapping"	"3"	"wash-in"	"In the wash-in phase, 10-20 mCi of 13Xe diluted in 2 L of oxygen are re-breathed from a simple re-breathing apparatus for approximately 3 min while a static image is taken."	"Source: Christian, et al., 2004; p. 471."	"Question photos/Questions/Exam 6/IMG_1175.jpeg"	"Question photos/Answers/Exam 6/IMG_1252.jpeg"	""	""	""
"exam6-044"	"6"	"44"	"Radiopharmaceuticals"	"MAA / Pulmonary Perfusion"	"concept"	"4"	"What is the range of particle size, in micrometers, of the majority of particles in 99mTc macroaggregated albumin (MAA)?"	"150-250um"	"100-150um"	"10-90um"	"1-40um"	"100-250um"	"2"	"10-90um"	"Particles formed have diameters of 10-90 um, with the majority between 10 and 40 um."	"Source: Christian, et al., 2004; p. 174."	"Question photos/Questions/Exam 6/IMG_1175.jpeg"	"Question photos/Answers/Exam 6/IMG_1252.jpeg"	""	""	""
"exam6-045"	"6"	"45"	"Radiation Safety"	"Bone Imaging"	"concept"	"5"	"Following administration of a bone imaging tracer, the patient is instructed to drink fluids to:"	"decrease radiation exposure to the bones"	"enhance visualization of the kidneys and bladder"	"clear excess tracer from the blood"	"remove tracer from normal bone tissue"	"determine if kidney stones are present"	"2"	"clear excess tracer from the blood"	"Unless contraindicated, patients should be hydrated to aid clearance of the radiopharmaceutical from the body. This aids in increasing the target:non-target ratio."	"Source: Christian, et al., 2004; p. 577."	"Question photos/Retake Photos/IMG_1342.jpeg"	"Question photos/Answers/Exam 6/IMG_1252.jpeg"	""	""	""
"exam6-046"	"6"	"46"	"Radiopharmaceuticals"	"Radiopharmaceuticals"	"protocol"	"1"	"Radioxenon ventilation studies should be performed in rooms whose air pressure is:"	"higher than adjacent areas"	"positive"	"equal to adjacent areas"	"neither higher or lower than adjacent areas"	"lower than adjacent areas"	"4"	"lower than adjacent areas"	"A negative-pressure room is required for xenon ventilation studies to maintain ALARA for staff members and patients in the event of a leak during the study."	"Source: Christian, et al., 2004; p. 470."	"Question photos/Questions/Exam 6/IMG_1175.jpeg"	"Question photos/Answers/Exam 6/IMG_1252.jpeg"	""	""	""
"exam6-047"	"6"	"47"	"Patient Care"	"Patient Care"	"concept"	"2"	"The clinical indication for a diagnostic test is:"	"a list of the patient's symptoms"	"the patient's diagnosis"	"the question the referring physician needs answered"	"a summary of the patient's clinical history"	"the differential diagnosis"	"2"	"the question the referring physician needs answered"	"The clinical indication is usually associated with the chief complaint and is a question the referring physician needs answered. This involves ruling in or ruling out something that s/he is unable to ascertain just by a patient history."	"Source: Adler and Carlton, 2007; p. 162."	"Question photos/Questions/Exam 6/IMG_1175.jpeg"	"Question photos/Answers/Exam 6/IMG_1252.jpeg"	""	""	""
"exam6-048"	"6"	"48"	"Image Production"	"Image Production"	"concept"	"3"	"In a xenon administration unit, the purpose of soda lime is to absorb:"	"bacteria"	"carbon dioxide"	"moisture"	"xenon"	"pyrogens"	"1"	"carbon dioxide"	"Carbon dioxide is absorbed in the closed system by soda lime crystals, while moisture is removed by calcium sulfate or cobalt chloride crystals."	"Source: Christian, et al., 2004; p. 470."	"Question photos/Questions/Exam 6/IMG_1175.jpeg"	"Question photos/Answers/Exam 6/IMG_1252.jpeg"	""	""	""
"exam6-049"	"6"	"49"	"Clinical Procedures"	"Hepatobiliary Imaging"	"concept"	"4"	"If visualized, the gallbladder fossa may be seen on what view(s) of a liver/spleen image?"	"anterior and posterior"	"right lateral only"	"anterior only"	"anterior and right lateral"	"left lateral only"	"3"	"anterior and right lateral"	"Views in the anterior are normal while the anterior oblique or right lateral projection may be useful for separating the gallbladder and comthe kidneys. mon bile duct from the duodenum and underlying structures such as"	"Source: Christian, et al., 2004; p. 541."	"Question photos/Questions/Exam 6/IMG_1176.jpeg"	"Question photos/Answers/Exam 6/IMG_1252.jpeg"	""	""	""
"exam6-050"	"6"	"50"	"Clinical Procedures"	"Thyroid Imaging"	"concept"	"5"	"When performing Meckel's diverticulum imaging, which of the following would be visualized in a positive study?"	"malignant thyroid tissue"	"ectopic stomach mucosa"	"stomach mucosa"	"ectopic endometrial tissue"	"ectopic uterine lining"	"1"	"ectopic stomach mucosa"	"Meckel's diverticulum is based on the visualization of the ectopic mucosa with intravenously administered [99mTc] pertechnetate."	"Source: Mettler and Guiberteau, 2006; p. 216."	"Question photos/Questions/Exam 6/IMG_1176.jpeg"	"Question photos/Answers/Exam 6/IMG_1253.jpeg"	""	""	""
"exam6-051"	"6"	"51"	"Radiopharmaceuticals"	"Renal Imaging"	"image-interpretation"	"5"	"Which of the following studies requires radiolabeled red blood cells?"	"infection imaging"	"renal scan"	"liver/spleen scan"	"MUGA scan"	"gastric emptying"	"3"	"MUGA scan"	"The multigated blood pool acquisition (MUGA) study requires radiolabeled red blood cells that are compartmentalized in the heart to assess ejection fraction and stroke volume."	"Source: Shackett, 2009; p. 56."	"Question photos/Questions/Exam 6/IMG_1176.jpeg"	"Question photos/Answers/Exam 6/IMG_1253.jpeg"	""	""	""
"exam6-052"	"6"	"52"	"Clinical Procedures"	"Lung Imaging"	"protocol"	"2"	"Over what area are 24 hour images sometimes performed to demonstrate gastroesophageal reflux?"	"lower esophagus"	"lung fields"	"stomach"	"upper small intestine"	"lower small intestine"	"1"	"lung fields"	"Delayed images of the thorax can be obtained up to 24 hr post-administration of the radiopharmaceutical to detect reflux leading to pulmonary aspiration."	"Source: Christian, et al., 2004; p. 526."	"Question photos/Questions/Exam 6/IMG_1176.jpeg"	"Question photos/Answers/Exam 6/IMG_1253.jpeg"	""	""	""
"exam6-053"	"6"	"53"	"Clinical Procedures"	"Clinical Procedures"	"concept"	"3"	"The clinical indication for performing a 14C urea (H Pylori) breath test is to:"	"rule out excess urea in the blood"	"detect the presence of Helicobacter pylori bacteria"	"determine the cause of gastric reflux"	"diagnose possible causes of abnormal gastric emptying"	"determine the cause of esophageal reflux"	"1"	"detect the presence of Helicobacter pylori bacteria"	"Helicobacter pylori produces a significant amount of the enzyme urease, which is not present in normal human tissue. When 'C-labeled urea is administered orally to the patient and urease activity is present in the stomach, 4C urea is split into ammonia and *CO*, which is absorbed into the blood and exhaled through the lungs. The '*C activity is trapped in an alkaline solution and measured."	"Source: Christian, et al., 2004; p. 546."	"Question photos/Questions/Exam 6/IMG_1176.jpeg"	"Question photos/Answers/Exam 6/IMG_1253.jpeg"	""	""	""
"exam6-054"	"6"	"54"	"Clinical Procedures"	"Clinical Procedures"	"concept"	"4"	"Images acquired during a gastric-emptying study are primarily used for:"	"demonstrating exit of the tracer from the stomach"	"assessing normal biodistribution of the tracer"	"drawing regions of interest"	"measuring the size of the stomach"	"determination of an effective gastric plasma flow"	"2"	"drawing regions of interest"	"Although conventional gastric emptying is a simple procedure that measures the transit of a standardized radiolabeled test meal through the stomach, the images themselves are not utilized alone. Quantitative information is determined by drawing regions of interest and letting the computer algorithm (s) determine transit times, curves, and graphs."	"Source: Christian, et al., 2004; p. 526-531."	"Question photos/Retake Photos/IMG_1343.jpeg"	"Question photos/Answers/Exam 6/IMG_1253.jpeg"	""	""	""
"exam6-055"	"6"	"55"	"Clinical Procedures"	"Lung Imaging"	"concept"	"5"	"When imaging to determine LeVeen shunt patency, the camera initially is positioned anteriorly over the abdomen, and delayed images can be done:"	"over the brain"	"over the chest or abdomen"	"over the sacroiliac area"	"over the lung or liver fields"	"over the bladder"	"3"	"over the lung or liver fields"	"The last part of the procedure is to obtain 2-4-hr delayed images if no lung or liver visualization occurs within 60 min. Under abnormal results, no lung activity after 4-hr delays using [99mTc] MAA indicates an obstruction. An obstruction is also indicated if no activity in the liver is seen after 4-hr delays using [99mTc] sodium chloride."	"Source: Shackett, 2009; p. 56."	"Question photos/Questions/Exam 6/IMG_1176.jpeg"	"Question photos/Answers/Exam 6/IMG_1253.jpeg"	""	""	""
"exam6-056"	"6"	"56"	"Radiation Safety"	"Radiation Safety"	"concept"	"1"	"In a red cell volume determination, it is necessary to add ascorbic acid to the labeled red cells to:"	"determine whether the patient is anemic"	"remove the 51Cr not tagged to red cells"	"suspend the cells homogeneously"	"prevent coagulation of the whole blood sample"	"prevent additional tagging once the cells are re-injected into the patient"	"4"	"prevent additional tagging once the cells are re-injected into the patient"	"Ascorbic acid is added after incubation to reduce the free chromate to chromic ions, which immediately stops the tagging procedure by keeping the chromic ions from penetrating the red blood cell membrane."	"Source: Christian, et al., 2004; p. 598."	"Question photos/Questions/Exam 6/IMG_1176.jpeg"	"Question photos/Answers/Exam 6/IMG_1253.jpeg"	""	""	""
"exam6-057"	"6"	"57"	"Clinical Procedures"	"Hepatobiliary Imaging"	"concept"	"2"	"Morphine is administered during hepatobiliary imaging to cause the:"	"cystic duct to open"	"gallbladder to empty completely"	"sphincter of Oddi to contract"	"tracer to be diverted to the common bile duct"	"tracer to be diverted into the spleen"	"2"	"sphincter of Oddi to contract"	"Morphine sulfate contracts the sphincter of Oddi and generates an increase in pressure in the common bile duct and cystic duct. c Christian, et al., 2004; p. 598. Gastric emptying is a complex process affected by the physical and chemical composition of the ingested meal. The rate of gastric emplying is determined by many factors including the volume, physical state, caloric content, caloric density, concentration of nutrients, meal distribution, salinity, acidity, and viscosity of the test meal used."	"Source: Christian, et al., 2004; p. 598."	"Question photos/Questions/Exam 6/IMG_1176.jpeg"	"Question photos/Answers/Exam 6/IMG_1253.jpeg"	""	""	""
"exam6-058"	"6"	"58"	"Radiopharmaceuticals"	"Radiopharmaceuticals"	"image-interpretation"	"3"	"Which of the following is the reason that it is important to have a standardized meal size and composition in a gastric-emptying scan?"	"It can affect the radiation dose to the patient."	"It can affect the ability to have gastric emptying."	"It can affect the rate of gastric emptying."	"It has no effect and is not necessary."	"It can affect the cause of the gastric issue."	"2"	"It can affect the rate of gastric emptying."	"Meal size and composition affect the rate of gastric emptying, so a standardized meal is required for consistent gastric-emptying results."	"Source photo: IMG_1253.jpeg."	"Question photos/Questions/Exam 6/IMG_1176.jpeg"	"Question photos/Answers/Exam 6/IMG_1253.jpeg"	""	""	""
"exam6-059"	"6"	"59"	"Clinical Procedures"	"Renal Imaging"	"concept"	"4"	"Which of the following is/are not indicators of renal function?"	"blood, urea nitrogen (BUN) level"	"CBC"	"creatinine clearance"	"peak transit time"	"ERPF"	"1"	"CBC"	"BUN is the blood-urea-nitrogen level. Greater than 100 mg/dl indicates serious impairment of renal function. Creatinine is entirely excreted by the kidneys, as is BUN. A level greater than 4 mg/dL indicates serious impairment of renal function. The peak transit time is an indicator of radiopharmaceutical clearance when performing renal scans. CBC is the complete blood count, which is a standard blood test to determine the number of red blood cells, white blood cells, platelets, hemoglobin, and hematocrit."	"Source: Pagana and Pagana, 2010; p. 443, 178, 162, and Christian, et al., 2004; p. 560."	"Question photos/Questions/Exam 6/IMG_1176.jpeg"	"Question photos/Answers/Exam 6/IMG_1253.jpeg"	""	""	""
"exam6-060"	"6"	"60"	"Radiopharmaceuticals"	"Renal Imaging"	"image-interpretation"	"5"	"If 99mTc radioactivity in the circulation from a previous nuclear medicine test occurs in a renal scan in the plasma draw:"	"the ERPF will be higher than it should"	"it is impossible to predict what will happen to the ERPF"	"the ERPF will not be affected"	"the ERPF will be lower than it should"	"the ERPF cannot be determined"	"3"	"the ERPF will be lower than it should"	"Since the effective renal plasma flow (ERPF) calculation consists of counts of the dose injected divided by counts within a plasma sample taken at approximately 45 min post-injection, a higher amount of counts in the plasma sample would result in an erroneously lower ERPF value."	"Source: Shackett, 2009; p. 255."	"Question photos/Questions/Exam 6/IMG_1176.jpeg"	"Question photos/Answers/Exam 6/IMG_1253.jpeg"	""	""	""
"exam6-061"	"6"	"61"	"Radiopharmaceuticals"	"Renal Imaging"	"protocol"	"1"	"Static renal parenchyma imaging would be best performed with which of the following radiopharmaceuticals?"	"[99mTc] succimer (DMSA)"	"[99mTc] pentetate (DTPA)"	"[99mTc] mertiatide (MAG3)"	"[99mTc] gluceptate"	"[99mTc] medronate (MDP)"	"0"	"[99mTc] succimer (DMSA)"	"[99mTc] succimer (DMSA) or succimer (DMSA) injection is indicated for kidney imaging for evaluation of renal parenchymal disorders. [99mTc] gluceptate is no longer commercially available, but is best for renal cortex imaging."	"Source: Kowalsky and Falen, 2004; p. 299-300."	"Question photos/Questions/Exam 6/IMG_1177.jpeg"	"Question photos/Answers/Exam 6/IMG_1253.jpeg"	""	""	""
"exam6-062"	"6"	"62"	"Radiopharmaceuticals"	"Radiopharmaceuticals"	"protocol"	"2"	"In a normal kidney, the maximum amount of tracer should be concentrated in the kidney how many minutes after administration of [99mTc] mertiatide (MAG3)?"	"3-5 min"	"1-2 min"	"8-10 min"	"30-35 min"	"44-47 min"	"0"	"3-5 min"	"The time activity curve of a renogram from a normal MAG-3 study shows prompt uptake of tracer 3-5 min post-injection."	"Source: Christian, et al., 2004; p. 559."	"Question photos/Questions/Exam 6/IMG_1177.jpeg"	"Question photos/Answers/Exam 6/IMG_1253.jpeg"	""	""	""
"exam6-063"	"6"	"63"	"Clinical Procedures"	"Clinical Procedures"	"protocol"	"3"	"If the tracer for an ERPF determination using the blood sampling method is administered at 0900, at what time should the blood sample be collected?"	"0915"	"0944"	"0935"	"1000"	"1015"	"1"	"0944"	"In approximately 44- 45 min, there will have been a maximum amount of tracer uptake and washing out in the kidneys. The residual plasma level can then be assessed for an ERPF by drawing a blood sample."	"Source: Christian, et al., 2004; p. 559-560."	"Question photos/Questions/Exam 6/IMG_1177.jpeg"	"Question photos/Answers/Exam 6/IMG_1253.jpeg"	""	""	""
"exam6-064"	"6"	"64"	"Image Production"	"Image Production"	"concept"	"4"	"When using the camera method for a GFR, compare the kidney counts to what?"	"dynamic image ROI counts"	"injection site"	"post-injection injection site counts"	"plasma counts"	"pre-injection syringe counts"	"4"	"pre-injection syringe counts"	"Right and left kidney counts are compared to the pre- and post-injection syringe counts."	"Source: Shackett, 2009; p. 255."	"Question photos/Questions/Exam 6/IMG_1177.jpeg"	"Question photos/Answers/Exam 6/IMG_1253.jpeg"	""	""	""
"exam6-065"	"6"	"65"	"Instrumentation & QC"	"Instrumentation & QC"	"concept"	"5"	"Perfusion of the ventricular septum in the heart is provided primarily by which coronary artery?"	"right coronary"	"left circumflex"	"left anterior descending"	"left coronary"	"right circumflex"	"2"	"left anterior descending"	"The left anterior descending coronary artery supplies the anterior wall and most of the ventricular septum."	"Source: Crawford and Husain, 2011; p. 2."	"Question photos/Questions/Exam 6/IMG_1177.jpeg"	"Question photos/Answers/Exam 6/IMG_1253.jpeg"	""	""	""
"exam6-066"	"6"	"66"	"Radiopharmaceuticals"	"Radiopharmaceuticals"	"protocol"	"1"	"When performing a left ventricular function examination with 99mTc-labeled red blood cells, which of these angles should be adjusted to visually separate the ventricles from one another?"	"the anterior"	"the left lateral"	"the left anterior oblique"	"both the anterior and LAO"	"the left posterior oblique"	"3"	"both the anterior and LAO"	"Because of the position of the heart and the fact that it turns slightly to the left, positioning the camera anteriorly—typically anterior and left anterior oblique (LAO) (35-60 degrees) —will allow for the best septal wall separation for ejection fraction calculation and processing."	"Source: Shackett, 2009; p. 57-59."	"Question photos/Questions/Exam 6/IMG_1177.jpeg"	"Question photos/Answers/Exam 6/IMG_1254.jpeg"	""	""	""
"exam6-067"	"6"	"67"	"Clinical Procedures"	"Renal Imaging"	"protocol"	"2"	"Tachycardia is demonstrated on a EKG strip as: "	"a large P-R interval"	"an increased heart rate"	"a normal QRS heart rhythm"	"a decreased heart rate"	"a flat line"	"1"	"an increased heart rate"	"A normal heart rate is 60-90 bpm in an adult. An increased heart rate is greater than 100 bpm, while a decreased heart rate is less than 60 bpm. Tachycardia is a general symptomatic term that does not describe the cause of the rapid rate."	"Source: Christian, et al., 2004; p. 246."	"Question photos/Questions/Exam 6/IMG_1177.jpeg"	"Question photos/Answers/Exam 6/IMG_1254.jpeg"	""	""	""
"exam6-068"	"6"	"68"	"Patient Care"	"Patient Care"	"concept"	"3"	"Adenosine is contraindicated for patients with which of the following conditions?"	"chronic obstructive pulmonary disease"	"stress-induced myocardial ischemia"	"diabetes"	"peripheral vascular disease"	"stroke"	"0"	"chronic obstructive pulmonary disease"	"This is a contraindication if the patient has a history of reactive airway disease. The patient must have bronchodilator therapy and resuscitative measures available. Dobutamine or Lexiscan® would be a more reasonable pharmaceutical."	"Source: Christian, et al., 2004; p. 493-495."	"Question photos/Questions/Exam 6/IMG_1177.jpeg"	"Question photos/Answers/Exam 6/IMG_1254.jpeg"	""	""	""
"exam6-069"	"6"	"69"	"Clinical Procedures"	"Clinical Procedures"	"protocol"	"4"	"Consumption of a fatty meal may have the same effect on the hepatobiliary system as which of the following compounds?"	"cimetidine"	"furosemide"	"morphine"	"sincalide"	"aspirin"	"3"	"sincalide"	"To assess the gallbladder ejection fraction (GBEF) and/or the sphincter of Oddi response to cholecystokinin (CCK), the c-terminal octapetide portion of CCK, sincalide (Kinevac) is given intravenously at a concentration of 0.02 pg/kg in normal saline over a period of 3-30 min."	"Source: Christian, et al., 2004; p. 541-543."	"Question photos/Questions/Exam 6/IMG_1177.jpeg"	"Question photos/Answers/Exam 6/IMG_1254.jpeg"	""	""	""
"exam6-070"	"6"	"70"	"Instrumentation & QC"	"Instrumentation & QC"	"concept"	"5"	"Delayed improvement of perfusion after coronary artery revascularization is referred to as:"	"hibernating myocardium"	"infarcted myocardium"	"stunned myocardium"	"necrosed myocardium"	"myocarditis"	"2"	"stunned myocardium"	"Areas of stunned myocardium usually present with normal or near-normal perfusion but with absent or diminished contractility. Since the underlying myocardial cells are still viable, stunning generally spontaneously subsides over several weeks once blood flow has been restored."	"Source: Mettler and Guiberteau, 2006; p. 135."	"Question photos/Questions/Exam 6/IMG_1177.jpeg"	"Question photos/Answers/Exam 6/IMG_1254.jpeg"	""	""	""
"exam6-071"	"6"	"71"	"Clinical Procedures"	"Clinical Procedures"	"calculation"	"4"	"The percentage ejection fraction calculated from this data is:
diastole 2750 cpm
systole 1775 cpm"	"61"	"55"	"22"	"35"	"12"	"3"	"35"	"Ejection fraction (EF) is the fraction of blood ejected by the left ventricle (L.V) during the contraction or ejection phase of the cardiac cycle or systole. Before the start of systole, the LV is filled with blood to the capacity known as end diastolic volume (EDV) during the filling phase or diastole. During systole, the LV contracts and ejects blood until it reaches its minimum capacity, known as end systolic volume (ESV); it does not empty completely. Clearly, the EF is dependent on the ventricular EDV, dilatation. which may vary with ventricular disease associated with ventricular Ejection fraction (EF) = (EDV - ESV)/(EDV) × 100% EF = (2750 cpm - 1775cpm)/(2750cpm) × 100% EF = (980 cpm/2750 cpm) × 100% EF = ~35%"	"Source: Christian, et al., 2004; p. 483."	"Question photos/Retake Photos/IMG_1344.jpeg"	"Question photos/Answers/Exam 6/IMG_1254.jpeg"	""	""	""
"exam6-072"	"6"	"72"	"Image Production"	"Image Production"	"concept"	"2"	"Which wave of the ECG is used to trigger the scintillation camera to acquire counts?"	"P"	"R"	"T"	"U"	"V"	"1"	"R"	"A standard or small POV camera equipped with a high-resolution parallel-hole collimator is used to perform gated studies. Using the R wave of the ECG to trigger data collection, hundreds of cardiac cycles are collected and stored in a computer. Depending on the computer software, the interval between R waves is divided into frames, most often 16. Typically each frame is acquired in a 64 x 64 matrix; 200,000- 400,000 counts per frame are obtained for a total of about 3-6 million counts for the entire 16-frame study."	"Source: Crawford and Husain, 2011; p. 110-114."	"Question photos/Retake Photos/IMG_1345.jpeg"	"Question photos/Answers/Exam 6/IMG_1254.jpeg"	""	""	""
"exam6-073"	"6"	"73"	"Patient Care"	"Patient Care"	"calculation"	"3"	"Which of the following would not be a characteristic of an ideal myocardial perfusion agent?"	"high first-pass myocardial extraction proportional to blood flow"	"adequate imaging window"	"high target:non-target ratio"	"ability to complete both rest and stress imaging in 2 days"	"half-life sufficient to complete the heart study"	"3"	"ability to complete both rest and stress imaging in 2 days"	"Ideal characteristics of a myocardial perfusion agent include high first-pass myocardial extraction proportional to blood flow, high target:non-target ratio, adequate imaging window, and ability to complete both rest and stress imaging on the same day in as short a time as possible."	"Source: Crawford and Husain, 2011; p. 7."	"Question photos/Questions/Exam 6/IMG_1178.jpeg"	"Question photos/Answers/Exam 6/IMG_1254.jpeg"	""	""	""
"exam6-074"	"6"	"74"	"Image Production"	"Cardiac Imaging"	"concept"	"4"	"All of the following are advantages of the first-pass method for performing cardiac function imaging except:"	"short acquisition time"	"low background activity"	"choice of radiopharmaceuticals"	"dose that can visualize the right side of the heart"	"multiple views with one tracer"	"4"	"multiple views with one tracer"	"The first-pass method for performing cardiac function imaging has a short acquisition timeusually about 30 sec. The first-pass method has a low background activity. Any non-particulate radiopharmaceutical in a volume of 0.3-0.5 mL can be used."	"Source: Crawford and Husain, 2011; p. 73."	"Question photos/Questions/Exam 6/IMG_1178.jpeg"	"Question photos/Answers/Exam 6/IMG_1254.jpeg"	""	""	""
"exam6-075"	"6"	"75"	"Radiopharmaceuticals"	"Radiopharmaceuticals"	"protocol"	"5"	"In the 1-day protocol for myocardial perfusion imaging performed with a 99mTC labeled tracer, the larger amount of activity is administered:"	"for the rest study"	"for the study performed second"	"for the study performed first"	"for the stress study"	"for the study performed third"	"1"	"for the study performed second"	"When a 1-day protocol for myocardial perfusion imaging is performed with a 99mTc-labeled tracer, the smaller dose is administered for the first imaging study and a higher dose is administered for the second study."	"Source: Crawford and Husain, 2011; p. 29."	"Question photos/Questions/Exam 6/IMG_1178.jpeg"	"Question photos/Answers/Exam 6/IMG_1254.jpeg"	""	""	""
"exam6-076"	"6"	"76"	"Instrumentation & QC"	"Cardiac Imaging"	"concept"	"1"	"Which of the following is most likely to interfere with performing a left ventricular ejection fraction using the gated equilibrium technique?"	"doxorubicin toxicity"	"coronary artery disease"	"cardiomyopathy"	"cardiac arrhythmia"	"stroke"	"3"	"cardiac arrhythmia"	"To be valid for systolic and diastolic analysis, MUGA requires a constant regular heart rate and R-R interval. The more arrhythmic the heart rate, the less accurate the representation of diastolic function."	"Source: Crawford and Husain, 2011; p. 70."	"Question photos/Questions/Exam 6/IMG_1178.jpeg"	"Question photos/Answers/Exam 6/IMG_1254.jpeg"	""	""	""
"exam6-077"	"6"	"77"	"Instrumentation & QC"	"Instrumentation & QC"	"calculation"	"4"	"An advantage of [201Tl] thallium chloride is that it:"	"has a high photon flux at a high-energy window"	"is a calcium analog"	"has a short half-life"	"redistributes"	"has a high first pass extraction rate and stays fixed in the myocardium"	"3"	"redistributes"	"Thallium-201 redistributes, which means rest and stress images can be obtained with one injection. It has a low-energy photopeak and life of 73.1 hr. low-photon flux. It is a potassium analog. It has a relatively long half-"	"Source: Crawford and Husain, 2011; p. 7."	"Question photos/Questions/Exam 6/IMG_1178.jpeg"	"Question photos/Answers/Exam 6/IMG_1254.jpeg"	""	""	""
"exam6-078"	"6"	"78"	"Clinical Procedures"	"Cardiac Imaging"	"image-interpretation"	"5"	"A cardiac shunt would be best demonstrated with which of the following nuclear medicine techniques?"	"fist-pass radionuclide angiography"	"equilibrium-gated ventriculogram"	"myocardial infarct imaging"	"myocardial perfusion imaging"	"LeVeen shunt study"	"0"	"fist-pass radionuclide angiography"	"First-pass radionuclide angiography is used to detect and evaluate intracardiac shunts (when blood flow follows any pattern other than going from systemic circulation to the right atrium, right ventricle, lungs, left atrium, left ventricle, and then back to the systemic circulation)."	"Source: Crawford and Husain, 2011; p. 73."	"Question photos/Questions/Exam 6/IMG_1178.jpeg"	"Question photos/Answers/Exam 6/IMG_1254.jpeg"	""	""	""
"exam6-079"	"6"	"79"	"Clinical Procedures"	"Cardiac Imaging"	"protocol"	"4"	"Functional cardiac studies may be performed to evaluate wall-motion abnormalities caused by all of the following except:"	"aneurysm"	"myocardial infarction"	"myocardial perfusion patency"	"myocardial ischemia"	"myocarditis"	"2"	"myocardial perfusion patency"	"Functional cardiac studies may be performed to evaluate wall motion and myocardial ischemia. abnormalities caused by aneurysm (dyskinesia), myocardial infarction,"	"Source: Crawford and Husain, 2011; p. 67-68."	"Question photos/Questions/Exam 6/IMG_1178.jpeg"	"Question photos/Answers/Exam 6/IMG_1254.jpeg"	""	""	""
"exam6-080"	"6"	"80"	"Radiopharmaceuticals"	"Radiopharmaceuticals"	"concept"	"5"	"One advantage of the in vivo method of 99mTc red cell tagging is that:"	"All the circulating red cells are labeled with tracer."	"No incubation times are required at any step in the process."	"Smaller amounts of stannous chloride are required."	"Only a small number of cells are tagged."	"No manipulation of blood samples outside the body is required."	"4"	"No manipulation of blood samples outside the body is required."	"The in vivo method of 99mTc red cell tagging is the easiest for the techinadvertent cross-transfusion. nologist, with no handling or manipulation of blood products or risk of"	"Source: Crawford and Husain, 2011; p. 75."	"Question photos/Questions/Exam 6/IMG_1178.jpeg"	"Question photos/Answers/Exam 6/IMG_1254.jpeg"	""	""	""
"exam6-081"	"6"	"81"	"Patient Care"	"Patient Care"	"concept"	"1"	"In preparation for a stress test, patients are instructed to fast to:"	"prevent gastrointestinal upsets during exercise"	"clear the body of nicotine"	"enhance myocardial tracer uptake"	"standardize test conditions among patients"	"minimize tracer uptake in the GI tract"	"4"	"minimize tracer uptake in the GI tract"	"In preparation for a stress test, patients are instructed to fast to reduce tracer uptake in the GI tract."	"Source: Crawford and Husain, 2011; p. 12."	"Question photos/Questions/Exam 6/IMG_1178.jpeg"	"Question photos/Answers/Exam 6/IMG_1255.jpeg"	""	""	""
"exam6-082"	"6"	"82"	"Radiation Safety"	"Radiation Safety"	"calculation"	"3"	"Given the decay factor of a radioisotope is 0.254 for 1 hr and 30 mCi/mL concentration is available at 0700, how much total activity will remain in the vial at 1100 if a total volume of 5 mL was used to make up the kit?"	"312 uCi"	"125 uCi"	"452 uCi"	"754 uCi"	"624 uCi"	"4"	"624 uCi"	"The total amount of activity equals 5 mL x 30 mCi/mL = 150 mCi at 0700. A 4-hr decay factor would be (0.254)* = 0.00416. A decay factor (DF) of 0.00416 x 150 mCi = 0.624 mCi at 1100 am.? uCi = 0.624 mCi x 1000 uCi/1 mCi = 624 uCi"	"Source: Shackett, 2009; p. 373."	"Question photos/Retake Photos/IMG_1346.jpeg"	"Question photos/Answers/Exam 6/IMG_1255.jpeg"	""	""	""
"exam6-083"	"6"	"83"	"Radiation Safety"	"Radiation Safety"	"concept"	"3"	"Which of the following statements is true when transient equilibrium occurs between 99Mo and 99mTc?"	"The 99Mo and 99mTc activities are equal."	"The maximum amount of 99mTc activity is present."	"The ratio of the 99Mo and 99mTc activities remains constant."	"99mTc and 99Mo have the same decay constant."	"The maximum amount of 99Mo activity is present."	"2"	"The ratio of the 99Mo and 99mTc activities remains constant."	"Transient equilibrium holds true when (T,)P and (Ty)d differ by a factor of about 10 to 50. The daughter activity grows owing to the decay of the parent radionuclide, reaches a maximum followed by equilibrium, and then decays with a half-life of the parent."	"Source: Saha, 2004; p. 23."	"Question photos/Questions/Exam 6/IMG_1178.jpeg"	"Question photos/Answers/Exam 6/IMG_1255.jpeg"	""	""	""
"exam6-084"	"6"	"84"	"Radiopharmaceuticals"	"Generator / Eluate"	"protocol"	"4"	"The concentration of [99mTc] pertechnetate is required to be 60 mCi/mL. If approximately 1,200 mCi [99mTc] pertechnetate will be eluted from a wet column generator, which size evacuated vial should be used to collect the eluate?"	"20 mL"	"10 mL"	"15 mL"	"5 mL"	"25 mL"	"0"	"20 mL"	"Concentration equals total activity divided by total volume. 1200 mCi divided by 60 mCi/mL equals 20 mL."	"Source: Shackett, 2009; p. 373."	"Question photos/Questions/Exam 6/IMG_1178.jpeg"	"Question photos/Answers/Exam 6/IMG_1255.jpeg"	""	""	""
"exam6-085"	"6"	"85"	"Radiopharmaceuticals"	"MAA / Pulmonary Perfusion"	"concept"	"5"	"The average recommended number of MAA particles recommended to be administered is:"	"100,000"	"150,000"	"350,000"	"1,000,000"	"50,000"	"2"	"350,000"	"package insert MAA particles average about 30-40 pm in diameter and, because of this size, become impacted (trapped) in the terminal arterioles and capillaries after they pass through the pulmonary artery. If the recommended dose of particulate material is about 350,000 particles, fewer than 1 in 1000 pulmonary arterioles are actually blocked. The recommended number of particles per single injection is 200,000 to 700,000, with the suggested number being approximately 350,000."	"Source: Christian and Waterstram-Rich, 2007; p. 467-468, and DRAX Image MAA"	"Question photos/Questions/Exam 6/IMG_1179.jpeg"	"Question photos/Answers/Exam 6/IMG_1255.jpeg"	""	""	""
"exam6-086"	"6"	"86"	"Radiopharmaceuticals"	"Radiopharmaceuticals"	"protocol"	"1"	"What approximate volume of [99mTc] pertechnetate should be added to the medronate (MDP) kit to prepare 180 mCi of [99mTc] medronate (MDP)?"	"Medronate (MDP) Kit 0.6 ml"	"300 mCi 10.4 mL 7.5 mL"	"Maximum activity to be added: 1-8 mL"	"Reconstituting volume: [99mTc] Pertechnetate 6.3 mL 12.5 mL"	"28.7 mCi/mL Concentration: 75 ml Total volume:"	"3"	"Reconstituting volume: [99mTc] Pertechnetate 6.3 mL 12.5 mL"	"300 mCi volume = 28,7 mCi/ml. volume = 6.3 mL"	"Source: Shackett, 2009; p. 373."	"Question photos/Questions/Exam 6/IMG_1179.jpeg"	"Question photos/Answers/Exam 6/IMG_1255.jpeg"	"assets/question-bank/retake/exam6-086/e6q86.jpg"	"Graphic for Exam 6, Question 86."	""
"exam6-087"	"6"	"87"	"Patient Care"	"Patient Care"	"concept"	"2"	"Bioavailability refers to what concerning pharmacology?"	"access to medication across the world"	"fraction of drug that is excreted from the body"	"fraction of drug that is delivered to body on the basis of weight"	"fraction of drug that reaches the heart"	"fraction of drug that reaches systemic circulation after a particular route of administration"	"4"	"fraction of drug that reaches systemic circulation after a particular route of administration"	"Bioavailability describes the fraction of an administered dose of unchanged drug that reaches the systemic circulation."	"Source: Saha, 2004."	"Question photos/Questions/Exam 6/IMG_1179.jpeg"	"Question photos/Answers/Exam 6/IMG_1255.jpeg"	""	""	""
"exam6-088"	"6"	"88"	"Radiopharmaceuticals"	"Generator / Eluate"	"concept"	"3"	"Which of the following is not a factor in generator yields:"	"time since last elution"	"column cracks"	"air leaks"	"amount of 99Mo on the column"	"amount of aluminum on the column"	"4"	"amount of aluminum on the column"	"Generator yield is affected by factors such as elapsed time since last elution, column integrity, air leaks, and molybdenum activity on the column, not by aluminum breakthrough amount."	"Source photo: IMG_1255.jpeg."	"Question photos/Questions/Exam 6/IMG_1179.jpeg"	"Question photos/Answers/Exam 6/IMG_1255.jpeg"	""	""	""
"exam6-089"	"6"	"89"	"Radiopharmaceuticals"	"Radiopharmaceuticals"	"protocol"	"4"	"Radiopharmaceutical kits reconstituted with [99mTc] pertechnetate are prepared in nitrogen- or argon-purged vials to prevent:"	"bacterial growth"	"hydrolysis"	"radiolysis"	"oxidation"	"pyrogens"	"3"	"oxidation"	"Introducing nitrogen gas through a sterile filter allows kit contents to be stable for longer periods of time and oxidative processes to no longer affect the labeling yield."	"Source: Zolle, 2006; p. 96-97."	"Question photos/Questions/Exam 6/IMG_1179.jpeg"	"Question photos/Answers/Exam 6/IMG_1255.jpeg"	""	""	""
"exam6-090"	"6"	"90"	"Instrumentation & QC"	"Instrumentation & QC"	"concept"	"5"	"Which of the following is not part of a 99mTc radiopharmaceutical kit?"	"pyrogenocidal agent"	"ascorbic acid or stannous ion"	"reducing agent"	"lyophilized compound"	"preservative-free saline"	"0"	"pyrogenocidal agent"	"An ascorbic acid or stannous ion compound, a lyophilized compound, and a reducing agent are components of a 99mTc radiopharmaceutical kit. There is no additive that can prevent pyrogens. The presence of pyrogens is tested for as a quality-control measure by the manufacturer of the kit."	"Source: Saha, 2004; p. 106."	"Question photos/Questions/Exam 6/IMG_1179.jpeg"	"Question photos/Answers/Exam 6/IMG_1255.jpeg"	""	""	""
"exam6-091"	"6"	"91"	"Radiopharmaceuticals"	"Lung Imaging"	"protocol"	"1"	"Hydrolysis of reduced 99mTc during kit preparation is demonstrated on clinical images by radioactivity concentrated in the:"	"kidneys"	"thyroid"	"lungs"	"liver"	"heart"	"3"	"liver"	"Weak chelates that undergo in vivo hydrolysis are expected to deposit tin in the reticuloendothelial system (RES). The RES is located in the liver, spleen, and bone marrow."	"Source: Kowalsky and Falen, 2004; p. 281."	"Question photos/Questions/Exam 6/IMG_1179.jpeg"	"Question photos/Answers/Exam 6/IMG_1255.jpeg"	""	""	""
"exam6-092"	"6"	"92"	"Radiopharmaceuticals"	"Radiopharmaceuticals"	"concept"	"2"	"When labeling 99mTc (+7), in what state is the technetium changed to make it more reactive?"	"99mTc (+8)"	"99mTc (+6)"	"99mTc (+4)"	"99mTc (+5)"	"99mTc (+3)"	"2"	"99mTc (+4)"	"99mTc+7 is reduced to 99mTc+4 in a reaction that occurs during the reduction of technetium by stannous chloride in an acidic medium."	"Source: Saha, 2004; p. 98."	"Question photos/Questions/Exam 6/IMG_1179.jpeg"	"Question photos/Answers/Exam 6/IMG_1255.jpeg"	""	""	""
"exam6-093"	"6"	"93"	"Instrumentation & QC"	"PET"	"image-interpretation"	"5"	"Radiochemical impurities can change:"	"radionuclidic purity"	"generator yields"	"PET blank scans"	"center of rotation"	"target:non-target ratios"	"4"	"target:non-target ratios"	"The presence of radiochemical impurities in a radiopharmaceutical can result in poor-quality images due to high background from the surrounding tissues in the blood, which is a result of undesirable radionuclides in the dose. This will affect the target:non-target ratio."	"Source: Saha, 2004; p. 153."	"Question photos/Questions/Exam 6/IMG_1179.jpeg"	"Question photos/Answers/Exam 6/IMG_1255.jpeg"	""	""	""
"exam6-094"	"6"	"94"	"Clinical Procedures"	"Clinical Procedures"	"image-interpretation"	"3"	"ITLC refers to:"	"instant transverse light chromatography"	"instant thin layer chromatography"	"instant tomographic layer chromatography"	"instant thin light chromatography"	"instant tomographic light chromatography"	"1"	"instant thin layer chromatography"	"ITLC stands for instant thin layer chromatography."	"Source: Saha, 2004; p. 106."	"Question photos/Questions/Exam 6/IMG_1179.jpeg"	"Question photos/Answers/Exam 6/IMG_1255.jpeg"	""	""	""
"exam6-095"	"6"	"95"	"Image Production"	"Image Production"	"image-interpretation"	"4"	"Possible radiochromatography artifacts include all of the following except:"	"using tweezers to pick up the chromatography paper"	"the strip touching the side of the developing chamber"	"the solvent evaporating before chromatography is completed"	"using the wrong solvent"	"too much solvent in the bottom of the chamber"	"0"	"using tweezers to pick up the chromatography paper"	"Grease from fingerprints can alter migration patterns during the development phase of radiochromatography; therefore, using tweezers to pick up the chromatography paper would not cause a radiochromatography artifact."	"Source: Kowalsky and Falen, 2004; p. 412."	"Question photos/Questions/Exam 6/IMG_1179.jpeg"	"Question photos/Answers/Exam 6/IMG_1255.jpeg"	""	""	""
"exam6-096"	"6"	"96"	"Radiopharmaceuticals"	"MAA / Pulmonary Perfusion"	"concept"	"1"	"An MAA kit has 3 million total particles. If a 5 mCi dose is needed at 1000 and the following information is provided: 

25 mCi/mL in 5 mL total volume at 0700
what approximate number of particles will be given to the patient?"	"600,000"	"169,635"	"120,000"	"134,831"	"97,623"	"1"	"169,635"	"Activity concentration at 1000 = 25 mCi/mL x 0.5^(3 hr/6 hr) = 17.68 mCi/mL. Volume needed = 5 mCi / 17.68 mCi/mL = 0.28 mL. Particle concentration = 3,000,000 particles / 5 mL = 600,000 particles/mL. Number of particles administered = 0.28 mL x 600,000 particles/mL = approximately 169,635 particles."	"Source: Shackett, 2009; p. 373."	"Question photos/Questions/Exam 6/IMG_1180.jpeg"	"Question photos/Answers/Exam 6/IMG_1255.jpeg"	""	""	""
"exam6-097"	"6"	"97"	"Radiopharmaceuticals"	"Radiopharmaceuticals"	"protocol"	"2"	"A 20 uCi 123I dose is needed on Monday morning at 0800 CST. What amount of 123I should be sent from Atlanta at 0800 the previous Friday morning for the right amount to be available Monday morning?"	"925 uCi"	"878 uCi"	"988 uCi"	"1288 uCi"	"1067 uCi"	"0"	"925 uCi"	"The time difference between Atlanta, which is on Eastern time, and Central time is 1 hr. Factoring this difference into the elapsed time from 0700 CST on the previous Friday to 0800 CST on Monday gives 73 hr. The decay factor for 123I for 73 hr is 0.0216279. The pre-calibration factor is 1 / 0.0216279 = 46.23. Therefore, 46.23 x 20 uCi = 924.73 uCi, or approximately 925 uCi."	"Source: Shackett, 2009; p. 373."	"Question photos/Questions/Exam 6/IMG_1180.jpeg"	"Question photos/Answers/Exam 6/IMG_1256.jpeg"	""	""	""
"exam6-098"	"6"	"98"	"Radiopharmaceuticals"	"Radiopharmaceuticals"	"protocol"	"3"	"A 25 mCi dose in a volume of 2 mL is added to 50 mL and a one-sixth serial dilution is performed. What amount of total activity is present in a 5 mL sample of tube no. 33?"	"15.12 x 10^-25 mCi"	"6.04 x 10^-25 mCi"	"9.08 x 10^-25 mCi"	"12.12 x 10^-25 mCi"	"3.02 x 10^-25 mCi"	"4"	"3.02 x 10^-25 mCi"	"Program Course Notes. Original dilution x (dilution factor) no. of tubesl = dilution factor 25 mCi/52 mL = 0.48 mCi /mL (1/6 dilution) 33-1 = 6.03 x 10-2"" mCi/ml in tube 33 5 ml. x 6.03 x 10-20 mCi/ml. = 3.02 x 10-25 mCi in tube 33 of serial dilution"	"Source: Shackett, 2009; p. 373; UAB NMT"	"Question photos/Retake Photos/IMG_1347.jpeg"	"Question photos/Answers/Exam 6/IMG_1256.jpeg"	""	""	""
"exam6-099"	"6"	"99"	"Clinical Procedures"	"Clinical Procedures"	"concept"	"4"	"A pharmacokinectic profile of a drug depends on what?"	"mode of administration"	"mode of excretion"	"time to excretion"	"time to administration"	"mode of delivery"	"0"	"mode of administration"	"The mode of administration will determine the other factors concerning the pharmacokinetic profile of a drug, which include the process by which a drug is absorbed, distributed, metabolized, and eliminated by the body."	"Source: Kowalsky and Falen, 2004; p. 181."	"Question photos/Questions/Exam 6/IMG_1180.jpeg"	"Question photos/Answers/Exam 6/IMG_1256.jpeg"	""	""	""
"exam6-100"	"6"	"100"	"Clinical Procedures"	"Clinical Procedures"	"concept"	"5"	"Which of the following may be used to reduce the allergic effects of contrast media?"	"acetaminophen"	"diphenhydramine"	"air"	"water"	"saline"	"1"	"diphenhydramine"	"Diphenhydramine, which is an antihistamine, can be given to reduce the symptoms if an allergic reaction occurs due to administration of contrast media."	"Source: Adler and Carlton, 2007; p. 331."	"Question photos/Questions/Exam 6/IMG_1180.jpeg"	"Question photos/Answers/Exam 6/IMG_1256.jpeg"	""	""	""
"exam7-001"	"7"	"1"	"Radiation Safety"	"Radiation Safety"	"concept"	"1"	"According to the NRC, survey meters must be calibrated _____ and following any repairs."	"semiannually (twice a year)"	"biannually (every other year)"	"monthly (once a month)"	"yearly (once a year)"	"quarterly (four times a year)"	"3"	"yearly (once a year)"	"Survey meters are calibrated annually to make sure that the instrument is performing within NRC regulation guidelines."	"Source: Christian and Waterstram-Rich, 2007; p. 85-86."	"Question photos/Retake Photos/IMG_1348.jpeg"	"Question photos/Answers/Exam 7/IMG_1257.jpeg"	""	""	""
"exam7-002"	"7"	"2"	"Radiation Safety"	"Radiation Safety"	"concept"	"2"	"The difference between a direct radiation survey and a wipe check radiation survey is that:"	"There is none."	"One is qualitative and one is not."	"One is quantitative and one is not."	"One breaks bonds and the other does not."	"One gives an instant reading and one does not."	"4"	"One gives an instant reading and one does not."	"The direct radiation survey will give an instant reading, while the wipe check does not give an instant reading"	"Source: Noz and Maguire, 2007; p. 114-116."	"Question photos/Questions/Exam 7/IMG_1181.jpeg"	"Question photos/Answers/Exam 7/IMG_1257.jpeg"	""	""	""
"exam7-003"	"7"	"3"	"Radiation Safety"	"Thyroid Imaging"	"concept"	"3"	"For an occupational worker who has received 14,000 mRem of exposure to the eyes in 1 year on his/her eye dose dosimeter, which course of action would be appropriate?"	"Recommend eye chelation therapy."	"Review ALARA standards to reduce exposure because s/he is close to exceeding their annual eye dose limit."	"Review ALARA standards to reduce exposure because s/he HAS exceeded his/her annual eye dose limit."	"Recommend s/he use leaded eyeglasses to reduce exposure. "	"Recommend s/he use thyroid shields."	"1"	"Review ALARA standards to reduce exposure because s/he is close to exceeding their annual eye dose limit."	"An occupational radiation worker is allowed up to 15,000 mRem/yr dose to the eye. Since this worker is close to but not exceeding the yearly dose, a review of the ALARA concept and a dedicated reduction in eye exposure in the future is recommended."	"Source: Siegel, 2004; p. 29-32."	"Question photos/Questions/Exam 7/IMG_1181.jpeg"	"Question photos/Answers/Exam 7/IMG_1257.jpeg"	""	""	""
"exam7-004"	"7"	"4"	"Radiation Safety"	"SPECT"	"concept"	"4"	"A nuclear medicine department has an action level of 500 mRem per month whole-body exposure. If you were the NRC inspector, what would you recommend to this site?"	"Reduce their action level to at least 410 mRem per month to be compliant with annual possible levels of exposure."	"Reduce their action level to at least 450 mRem per month to be compliant with annual possible levels of exposure."	"Increase their action level to 5000 mRem per month."	"Nothing; everything is fine."	"Reduce their action level to at least 430 mRem per month to be compliant with annual possible levels of exposure."	"0"	"Reduce their action level to at least 410 mRem per month to be compliant with annual possible levels of exposure."	"It is recommended that a radiation occupational worker who is using radiation stay under 410 mRem per month. This limit will keep the worker's radiation levels within the NRC regulations of 5,000 mRem per year whole-body dose."	"Source: Noz and Maguire, 2007; p. 78-79."	"Question photos/Questions/Exam 7/IMG_1181.jpeg"	"Question photos/Answers/Exam 7/IMG_1257.jpeg"	""	""	""
"exam7-005"	"7"	"5"	"Radiopharmaceuticals"	"Radiopharmaceuticals"	"concept"	"5"	"The allowed dose of ionizing radiation to a declared pregnant woman's embryo/fetus is:"	"10% of the standard occupational worker's whole-body dose per year"	"1% of the standard occupational worker's whole-body dose per year"	"20% of the standard yearly occupational dose for the gestation period"	"1% of the standard yearly occupational dose for the gestation period"	"10% of the standard yearly occupational dose for the gestation period"	"4"	"10% of the standard yearly occupational dose for the gestation period"	"It is recommended that women who are pregnant stay within or lower than 10% (500 mRem) of the regular occupational limit of 5,000 mRem/yr for the duration of the gestational period."	"Source: Forshier, 2002, p. 113-115, 144-145."	"Question photos/Questions/Exam 7/IMG_1182.jpeg"	"Question photos/Answers/Exam 7/IMG_1257.jpeg"	""	""	""
"exam7-006"	"7"	"6"	"Radiation Safety"	"Radiation Safety"	"concept"	"1"	"In doing a room survey, you discover that a therapy patient's room has removable contamination above acceptable levels. What is the acceptable level?"	"<367 Bq/100 cm2"	"<200 MBq/100 cm2"	"<12,000 Bq/100 cm2"	"<200 Bq/100 cm2"	"<15,000 Bq/100 cm2"	"0"	"<367 Bq/100 cm2"	"To remain in compliance, removable contamination in the therapy room must be below the applicable contamination action level."	"Source: Siegel, 2004; p. 46."	"Question photos/Questions/Exam 7/IMG_1182.jpeg"	"Question photos/Answers/Exam 7/IMG_1257.jpeg"	""	""	""
"exam7-007"	"7"	"7"	"Radiation Safety"	"Radiation Safety"	"concept"	"2"	"In calibrating your survey meter for your nuclear medicine department, you discover that it has a 12% error. What is your next course of action to remain in compliance with NRC regulations?"	"Recommend that it be serviced."	"Throw it away."	"Replace the batteries."	"Use the survey meter as you normally would."	"Check the high-voltage power supply."	"3"	"Use the survey meter as you normally would."	"U.S. Nuclear Regulatory Commission, 2003 (10CFR35.61). It is all right to use a survey as long as it does not exceed 20% of expected readings according to the NRC."	"Source photo: Answers/Exam 7/IMG_1257.jpeg."	"Question photos/Questions/Exam 7/IMG_1182.jpeg"	"Question photos/Answers/Exam 7/IMG_1257.jpeg"	""	""	""
"exam7-008"	"7"	"8"	"Radiation Safety"	"SPECT"	"concept"	"3"	"You suspect that a low-level ß emitter has been spilled on a countertop. Which of the following survey techniques would be best?"	"wipe-check with a SCA/MCA-type meter"	"scintillation probe-type meter"	"wipe-check with a G-M-type meter"	"pancake probe G-M-type meter"	"wipe-check with a pocket dosimeter"	"0"	"wipe-check with a SCA/MCA-type meter"	"Performing a wipe check with a SCA/MCA would be the best method because it is able to detect the low energies from the beta emitter."	"Source: Noz and Maguire, 2007; p. 158-159."	"Question photos/Questions/Exam 7/IMG_1182.jpeg"	"Question photos/Answers/Exam 7/IMG_1257.jpeg"	""	""	""
"exam7-009"	"7"	"9"	"Radiation Safety"	"Radiation Safety"	"concept"	"4"	"An unrestricted nuclear medicine waiting room is on the other side of the wall from a hot lab. G-M meter readings in the hot lab read 50 mRem/hr. Readings on the other side of the wall in the waiting room read 25 mRem/hr. What is the minimum number HVLs of Pb required in the wall to bring the waiting room reading down into compliance with NRC regulations?"	"4"	"2"	"5"	"1"	"3"	"0"	"4"	"then 4 HVLs of Pb is needed to decrease the radiation to the acceptable level of 2 mRem/hr."	"Source: Christian and Waterstram-Rich, 2007; p. 205-206. For unrestricted areas, it is recommended that the radiation level stay below 2 mRem/hr. Therefore, if the waiting room reads 25 mRem/hr,"	"Question photos/Retake Photos/IMG_1349.jpeg"	"Question photos/Answers/Exam 7/IMG_1257.jpeg"	""	""	""
"exam7-010"	"7"	"10"	"Radiopharmaceuticals"	"Radiopharmaceuticals"	"concept"	"5"	"If a G-M meter has a scale of 1-5 mR/hr. If a deflection on the meter reads 4.5 and the meter is set on the xO.1 setting, what is the reading?"	"40.5 mR/hr"	"4.5 mR/hr"	"0.45 mR/hr"	"0.045 mR/hr"	"45 mR/hr"	"2"	"0.45 mR/hr"	"The reading determined by using the G-M meter was 4.5 mR/hr. However, it was measured on the X0.1 setting. Therefore, the initial reading meter correctly. of 45 mR/hr has to be multiplied by XO.1 to get the reading from the"	"Source: Prekeges, 2011; p. 9."	"Question photos/Questions/Exam 7/IMG_1182.jpeg"	"Question photos/Answers/Exam 7/IMG_1257.jpeg"	""	""	""
"exam7-011"	"7"	"11"	"Instrumentation & QC"	"Instrumentation & QC"	"protocol"	"1"	"In operating a G-M meter on a daily basis, what is the first thing you should always do?"	"Use a check source to make sure the meter is working correctly."	"Set it to the most-sensitive scale/setting."	"Insert the batteries."	"Check the batteries."	"Set it to the least-sensitive scale/setting."	"3"	"Check the batteries."	"It is always important to verify that the battery in the survey meter is working correctly to ensure proper detector response."	"Source: Prekeges, 2011; p. 11-12."	"Question photos/Retake Photos/IMG_1350.jpeg"	"Question photos/Answers/Exam 7/IMG_1258.jpeg"	""	""	""
"exam7-012"	"7"	"12"	"Radiation Safety"	"Radiation Safety"	"concept"	"2"	"Form X or NRC Form 3 includes all of the following except:"	"The employer must abide by the state and federal regulations."	"The worker is required to become familiar with the regulations and operating procedures for the work engaged in."	"The worker must abide by the state and federal regulations."	"The employer will make available to the worker a copy of all applicable state and federal regulations, licenses, and operating ment, you discover that it has a 12% error. What is your next course of procedures pertaining to the work."	"The employer is not required to post any notices of violations of the regulations involving radiological working conditions."	"4"	"The employer is not required to post any notices of violations of the regulations involving radiological working conditions."	"According to the NRC, the employer is required to post any notices or violations of the regulations to employees."	"Source: Christian and Waterstram-Rich, 2007; p. 216-217."	"Question photos/Questions/Exam 7/IMG_1182.jpeg"	"Question photos/Answers/Exam 7/IMG_1258.jpeg"	""	""	""
"exam7-013"	"7"	"13"	"Clinical Procedures"	"Clinical Procedures"	"concept"	"3"	"The triblade radiation symbol must be which of the following colors on a yellow background?"	"green"	"red"	"purple"	"brown"	"gray"	"2"	"purple"	"U.S. Nuclear Regulatory Commission, 2003 (10 CFR 20.1901). Radiation warning signs consist of a purple, magenta, or black tri-blade symbol on a yellow background."	"Source photo: Answers/Exam 7/IMG_1258.jpeg."	"Question photos/Retake Photos/IMG_1351.jpeg"	"Question photos/Answers/Exam 7/IMG_1258.jpeg"	""	""	""
"exam7-014"	"7"	"14"	"Radiation Safety"	"Radiation Safety"	"concept"	"4"	"Which of the following radiation signs would be required if a survey meter reading were 40 mRem/hr at 60 cm from a source in the room?"	"""Caution: Radioactive Material"""	"""Caution: High Radiation Area"""	"""Caution: Radiation Area"""	"""Grave Danger: Very High Radiation Area"""	"""Caution: Very High Radiation Area"""	"1"	"""Caution: High Radiation Area"""	"Different radiation caution signs are used depending on the amount of radiation an individual is likely to receive in that area in the course of 1 hr while 30 cm from a radioactive source or surface. Using the Inverse Square Law and the information given, it can be determined that an individual in this circumstance would receive 160 mRem/hr at a distance of 30 cm. For an area where an individual is exposed to radiation levels in excess of 100 mRem/hr, the correct sign to post is the ""Caution: High Radiation Area"" sign."	"Source: Christian and Waterstram-Rich, 2007; p. 4-5, 207."	"Question photos/Questions/Exam 7/IMG_1182.jpeg"	"Question photos/Answers/Exam 7/IMG_1258.jpeg"	""	""	""
"exam7-015"	"7"	"15"	"Radiation Safety"	"Radiation Safety"	"concept"	"5"	"When a DOT II radioactive label on a package reads 9 mR/hr at 1 m, what is the appropriate action to take?"	"Log in the package as you normally would."	"Contact the regional office of the NRC."	"Inform the vendor that the wrong label was on the container."	"Notify the DOT that a ""shipment event"" has occurred."	"Notify the DOT that a ""medical event"" has occurred."	"2"	"Inform the vendor that the wrong label was on the container."	"If a package reads 9 mRem/hr at 1 meter, it should have a DOT Yellow III shipping label. A DOT Yellow II shipping label is limited to a reading of 1 mRem/hr at 1 m. When a package arrives with the wrong label, the vendor should be contacted. • DOTI (white) • At contact, not more than 0.5 mR/hr • At 3 feet (1 m), no detectible radiation (NDR) • DOT II (yellow) • At contact, not more then 50 mR/hr • At 3 feet (1 m), not more than 1 mR/hr • DOT III (yellow) • At contact, not more than 200 mR/hr • At 3 feet (1 m), not more than 10 mR/hr"	"Source: Christian and Waterstram-Rich, 2007; p. 205."	"Question photos/Questions/Exam 7/IMG_1182.jpeg"	"Question photos/Answers/Exam 7/IMG_1258.jpeg"	""	""	""
"exam7-016"	"7"	"16"	"Clinical Procedures"	"Clinical Procedures"	"concept"	"1"	"The average energy required to create an ion pair in air is:"	"60 eV"	"34 eV"	"5 eV"	"30 keV"	"50 eV"	"1"	"34 eV"	"The average amount of energy required to cause an ionization depends on the type of gas used in the chamber, but it is generally between 20 and 45 eV per ion pair. 34 eV per ion pair is a commonly accepted value. lowding n the"	"Source: Prekeges, 2011; p. 3."	"Question photos/Questions/Exam 7/IMG_1183.jpeg"	"Question photos/Answers/Exam 7/IMG_1258.jpeg"	""	""	""
"exam7-017"	"7"	"17"	"Clinical Procedures"	"Clinical Procedures"	"concept"	"2"	"The ionization of the entire fixed volume of a gas due to secondary ionization is known as the _______."	"Geiger effect"	"Townsend avalanche"	"proportional effect"	"internal amplification"	"inverse gain"	"0"	"Geiger effect"	"Region V of gaseous detectors is the Geiger-Mueller region. Within this region, a charged particle, x-ray, or gamma ray will initiate an avalanche of ionization reactions (Townsend avalanche). When one initial ionization event triggers a Townsend avalanche of secondary ions that extends throughout the entire volume of the detector, this is called the Geiger effect."	"Source: Prekeges, 2011; p. 5."	"Question photos/Questions/Exam 7/IMG_1183.jpeg"	"Question photos/Answers/Exam 7/IMG_1258.jpeg"	""	""	""
"exam7-018"	"7"	"18"	"Instrumentation & QC"	"Instrumentation & QC"	"concept"	"3"	"How do the sizes of the pulses produced by the collection of ions in the proportional region compare to those produced by an instrument that operates in the ionization region of the gas curve for radiation detectors?"	"The pulses are in resonance."	"The pulses are smaller."	"The pulses are the same size."	"The pulses are larger"	"The pulses are affected by pulse pile-up."	"3"	"The pulses are larger"	"The sizes of the pulses are determined by the amount of ions created in the gas chamber. More ions are created when there is a greater charge between the cathode and anode. On the characteristic voltage curve for gas detectors, the proportional region operates at a higher current than the ionization region. Because the proportional region operates at a higher current, it produces more ions and has a larger pulse."	"Source: Prekeges, 2011; p. 5."	"Question photos/Questions/Exam 7/IMG_1183.jpeg"	"Question photos/Answers/Exam 7/IMG_1258.jpeg"	""	""	""
"exam7-019"	"7"	"19"	"Instrumentation & QC"	"Instrumentation & QC"	"concept"	"4"	"Gas amplification is a phenomenon associated with instruments that operate in which region of the gas curve for radiation detectors?"	"recombination"	"ionization"	"proportional"	"continuous discharge"	"G-M"	"2"	"proportional"	"Within the proportional region of the characteristic voltage curve for gaseous detectors, charged particles collide with gas molecules to produce additional ionization events. This additional ionization results in an amplified current that is proportional to the number of original ion pairs created by the incident radiation. Because ions collide with gas to create an amplified current, this occurrence is called gas amplification."	"Source: Hendee and Ritenour, 2002; p. 132."	"Question photos/Questions/Exam 7/IMG_1183.jpeg"	"Question photos/Answers/Exam 7/IMG_1258.jpeg"	""	""	""
"exam7-020"	"7"	"20"	"Instrumentation & QC"	"Instrumentation & QC"	"concept"	"5"	"The output pulse height of a gaseous detector is, in most cases, dependent upon what?"	"the quantity of radiation that passes through the gas"	"numbers of ions produced in the gas"	"volume of gas in the detector"	"pressure of the gas in the tube"	"type of gas in the tube"	"1"	"numbers of ions produced in the gas"	"The pulse height represents the amount of radiation detected in the gas chamber. The amount of radioactivity is based upon the number of ions produced by the interactions between the gas and radiation."	"Source: Prekeges, 2011; p. 5."	"Question photos/Questions/Exam 7/IMG_1183.jpeg"	"Question photos/Answers/Exam 7/IMG_1258.jpeg"	""	""	""
"exam7-021"	"7"	"21"	"Radiation Safety"	"SPECT"	"concept"	"1"	"Which of the following is used for SPECT system performance?"	"high count flood"	"COR offset measurement"	"PLES phantom"	"Jaszczak phantom"	"3D or 4D operation"	"3"	"Jaszczak phantom"	"A Jaszczak phantom consists of a 20-cm-diameter plexiglass cylinder with rod and spheres inserted. The Jaszczak phantom provides excellent information about SPECT performance."	"Source: Prekeges, 2011; p. 181."	"Question photos/Questions/Exam 7/IMG_1183.jpeg"	"Question photos/Answers/Exam 7/IMG_1258.jpeg"	""	""	""
"exam7-022"	"7"	"22"	"Image Production"	"Image Production"	"concept"	"2"	"Which of the following operations would help in improving the image contrast after display?"	"use a smoothing filter"	"use an edge enhancement filter"	"use windowing"	"use a formatter"	"use a PHA"	"2"	"use windowing"	"Neither smoothing nor edge enhancement filters will improve image contrast after display. A formatter is no longer widely used in most facilities because it is for a gamma camera using film."	"Source: Prekeges, 2011; p. 135-138."	"Question photos/Questions/Exam 7/IMG_1183.jpeg"	"Question photos/Answers/Exam 7/IMG_1258.jpeg"	""	""	""
"exam7-023"	"7"	"23"	"Image Production"	"Cardiac Imaging"	"concept"	"3"	"Which SPECT cardiac slice is used to generate a polar plot?"	"transverse"	"HLA"	"VLA"	"SA"	"sagittal"	"3"	"SA"	"Source: Christian and Waterstram-Rich, 2007; Polar plots are circular profiles of the heart created by placing the most-apical short axis slice in the center, surrounded by each successive short axis slice. The most-basal slice becomes the outermost ring of the plot."	"Source: Christian and Waterstram-Rich, 2007; Polar plots are circular profiles of the heart created by placing the most-apical short axis slice in the center, surrounded by each successive short axis slice. The most-basal slice becomes the outermost ring of the plot."	"Question photos/Questions/Exam 7/IMG_1183.jpeg"	"Question photos/Answers/Exam 7/IMG_1258.jpeg"	""	""	""
"exam7-024"	"7"	"24"	"Instrumentation & QC"	"Instrumentation & QC"	"concept"	"4"	"For the majority of physiologic studies, ""cold"" spots are areas on the image display that indicate:"	"necrotic tissue"	"mistuned PMTs"	"increased activity"	"nonlinearity"	"a cracked crystal"	"0"	"necrotic tissue"	"and Waterstram-Rich, 2007; p. 127. Any area that uptakes the radiotracer will display as ""hotter"" than the background. This means that there is more uptake in these locations. Radiotracer will uptake in active cells and overactive cells. Cold spots are indicative of areas in which the cells are not active, such as dead or necrotic tissue."	"Source: Prekeges, 2011; p. 53, 67, and Christian"	"Question photos/Questions/Exam 7/IMG_1183.jpeg"	"Question photos/Answers/Exam 7/IMG_1258.jpeg"	""	""	""
"exam7-025"	"7"	"25"	"Instrumentation & QC"	"Uniformity QC"	"concept"	"5"	"Correction tables are used for:"	"uniformity correction"	"detector misalignment correction"	"COR correction"	"linearity correction"	"spatial linearity correction"	"0"	"uniformity correction"	"Sometimes camera non-uniformity can be attributed to regional variations of insensitivity. Count subtraction/addition would be most appropriate at this point. Most gamma cameras achieve this by using an isotopeor collimator-specific uniformity correction map to generate an image of final non-uniformity within a +1-3% range."	"Source: Prekeges, 2011; p. 61."	"Question photos/Questions/Exam 7/IMG_1183.jpeg"	"Question photos/Answers/Exam 7/IMG_1259.jpeg"	""	""	""
"exam7-026"	"7"	"26"	"Clinical Procedures"	"Clinical Procedures"	"concept"	"1"	"Total combined energy of the two annihilation photos originating from an annihilation reaction is:"	"500 keV"	"1.02 MeV"	"1 MeV"	"511 keV"	"2.04 MeV"	"1"	"1.02 MeV"	"A good event in PET is determined by the coincident detection of two 511-keV photons for a total of 1.02 MeV. These two 511-keV annihilation photons originate from the combination of a positron and an electron during the annihilation reaction."	"Source: Prekeges, 2011; p. 193."	"Question photos/Questions/Exam 7/IMG_1183.jpeg"	"Question photos/Answers/Exam 7/IMG_1259.jpeg"	""	""	""
"exam7-027"	"7"	"27"	"Instrumentation & QC"	"PET"	"concept"	"2"	"The path between the two detectors in PET is referred to as the:"	"line of origination"	"line of action"	"line of flight"	"line of response"	"line of correction"	"3"	"line of response"	"In PET imaging, during coincidence detection, each crystal acts as a separate detector. Each scintillation crystal is allowed to be in coincidence with other scintillation crystals. Each pair of crystals for which coincidence is allowed is designated as an individual line of response."	"Source: Prekeges, 2011; p. 191."	"Question photos/Questions/Exam 7/IMG_1183.jpeg"	"Question photos/Answers/Exam 7/IMG_1259.jpeg"	""	""	""
"exam7-028"	"7"	"28"	"Instrumentation & QC"	"Instrumentation & QC"	"concept"	"3"	"The chance detection of photons from unrelated annihilation events within the coincidence timing window is called the _______ coincidence:"	"true"	"scatter"	"prompt"	"random"	"delayed"	"3"	"random"	"Random coincidence occurs when two photons from two separate annihilations are detected within the coincidence timing window. The system naturally assumes that both photons come from one annihilation event and that the interaction occurred within the line of response for both detectors."	"Source: Prekeges, 2011; p. 196."	"Question photos/Questions/Exam 7/IMG_1184.jpeg"	"Question photos/Answers/Exam 7/IMG_1259.jpeg"	""	""	""
"exam7-029"	"7"	"29"	"Instrumentation & QC"	"PET"	"image-interpretation"	"4"	"A ""blank scan"" is performed in PET:"	"hourly"	"monthly"	"weekly"	"with every patient study"	"daily"	"4"	"daily"	"A ""blank scan"" is a short-timed acquisition that is done at the beginning of each day to verify that the PET's tomography feature is operating correctly for the day."	"Source: Prekeges, 2011; p. 234."	"Question photos/Questions/Exam 7/IMG_1184.jpeg"	"Question photos/Answers/Exam 7/IMG_1259.jpeg"	""	""	""
"exam7-030"	"7"	"30"	"Instrumentation & QC"	"Instrumentation & QC"	"image-interpretation"	"5"	"Upon performing a blank scan, your final image looks like this. What is the likely explanation?"	"perfect blank scan"	"high voltage fluctuation"	"detector malfunction"	"unexplained phenomenon"	"artifact in the field of view ""windowing"" (choosing a linear scale with"	"2"	"detector malfunction"	"In PET tomography, since each block has a small number of photomultiplier tubes and uses only one set of electronic devices, a malfunction will oftentimes affect the entire sinogram. Therefore, since blocks typically appear as diagonal lines on the sinogram, a malfunction also appears along a diagonal line."	"Source: Prekeges, 2011; p. 235."	"Question photos/Questions/Exam 7/IMG_1184.jpeg"	"Question photos/Answers/Exam 7/IMG_1259.jpeg"	"assets/question-bank/retake/exam7-030/e7q30.jpg"	"Graphic for Exam 7, Question 30."	""
"exam7-031"	"7"	"31"	"Image Production"	"Image Production"	"concept"	"1"	"In nuclear medicine, ""windowing"" (choosing a linear scale with threshold) is used primarily for:"	"background subtraction"	"image normalization"	"background normalization"	"image reconstruction"	"background addition"	"2"	"background normalization"	"The purpose of the window in reconstruction techniques is to limit the reconstruction to data within a range, much like a pulse height analyzer on a gamma camera. Thus, it is used primarily for background subtraction."	"Source: Lee, 2005; p. 201-202."	"Question photos/Questions/Exam 7/IMG_1184.jpeg"	"Question photos/Answers/Exam 7/IMG_1259.jpeg"	""	""	""
"exam7-032"	"7"	"32"	"Instrumentation & QC"	"Instrumentation & QC"	"calculation"	"4"	"Which of the following is the correct method to calculate gall bladder (GB) ejection fraction?"	"A"	"B"	"C"	"D"	"E"	"4"	"E"	"This is the only equation given that accurately represents the true total net value of counts from the gallbladder by using the percent difference equation. This equation can also be represented as: pre-CCK cts - lowest post - CCK cts - x 100 pre-CCK cts"	"Source: Shackett, 2009; p. 130."	"Question photos/Questions/Exam 7/IMG_1184.jpeg"	"Question photos/Answers/Exam 7/IMG_1259.jpeg"	"assets/question-bank/retake/exam7-032/e7q32.jpg"	"Graphic for Exam 7, Question 32."	""
"exam7-033"	"7"	"33"	"Instrumentation & QC"	"SPECT"	"concept"	"3"	"For SPECT acquisition, a reasonable choice for pixel size would be:"	"5.25 mm^2"	"1/3 FWHM of detector resolution or smaller"	"equal to 3 FWHM"	"equal to 2 FWHM"	"3.12 mm^2"	"4"	"3.12 mm^2"	"If a test image of two point sources is acquired in a 128 x 128 image matrix, the approximate pixel size would be 3.133 mm in one plane. Both the x and y planes are needed."	"Source: Lee, 2005; p. 223-226."	"Question photos/Retake Photos/IMG_1352.jpeg"	"Question photos/Answers/Exam 7/IMG_1259.jpeg"	""	""	""
"exam7-034"	"7"	"34"	"Image Production"	"SPECT"	"image-interpretation"	"3"	"The star artifact during SPECT reconstruction can be reduced by:"	"increasing the time per projection"	"increasing the number of projections"	"applying a 4 D mode acquisition"	"decreasing the number of projections"	"decreasing the time per projection"	"1"	"increasing the number of projections"	"Unfiltered backprojection (UBP) is a method of reconstruction used in SPECT imaging. One disadvantage of unfiltered backprojection is that the area of increased count density is greater than the area of increased activity in the object. As more projections are added to the object, the image begins to form a star artifact, and the object's size increases. The more projections are added, the larger and blurrier the star artifact becomes. This is why filtered backprojection is commonly used. With regular or filtered backprojection, since it is used clinically, the more projections you have, the better the resolution."	"Source: Prekeges, 2011; p. 131."	"Question photos/Questions/Exam 7/IMG_1184.jpeg"	"Question photos/Answers/Exam 7/IMG_1259.jpeg"	""	""	""
"exam7-035"	"7"	"35"	"Image Production"	"SPECT"	"image-interpretation"	"4"	"Which one of the following will not give information on left ventricular function?"	"gated equilibrium radionuclide angiography"	"gated myocardial perfusion imaging"	"ungated first-pass study"	"gated myocardial PET"	"ungated myocardial SPECT"	"4"	"ungated myocardial SPECT"	"The purpose of the first-pass study is to evaluate the ejection fraction of the right and/or left ventricle and determine the overall functioning capabilities of the heart. When calculating left ventricular ejection fraction, a multiple-gated acquisition is normally used. Gating allows heart motion and contraction to be resolved better by dividing the projections into discrete time intervals throughout an entire cardiac cycle. This provides more-precise and specific information related to a specific portion of the heart. This method includes gated equilibrium radionuclide angiography and gated tomographic myocardial perfusion imaging. A first-pass study occurs too quickly to get any reliable gating, but one does get ventricular function information. Therefore, ungated myocardial SPECT would not provide the information on ventricular function that all the other options here do."	"Source: Christian, et al., 2004; p. 300."	"Question photos/Retake Photos/IMG_1353.jpeg"	"Question photos/Answers/Exam 7/IMG_1259.jpeg"	""	""	""
"exam7-036"	"7"	"36"	"Radiation Safety"	"Thyroid Imaging"	"concept"	"1"	"When performing a thyroid uptake, the non-thyroidal body background measurement is obtained over the:"	"stomach"	"skull"	"sternum"	"thigh"	"lumbar spine"	"3"	"thigh"	"The thigh area is used to obtain non-thyroidal body background because it provides a more-accurate approximation of the soft tissue uptake throughout the entire body. The camera is positioned over the patient's thigh at the same distance as it is positioned from the thyroid organ."	"Source: Shackett, 2009; p. 342."	"Question photos/Questions/Exam 7/IMG_1184.jpeg"	"Question photos/Answers/Exam 7/IMG_1259.jpeg"	""	""	""
"exam7-037"	"7"	"37"	"Image Production"	"Thyroid Imaging"	"calculation"	"3"	"To prepare a patient for a thyroid uptake, the technologist performs a baseline thyroid count and measures radioactivity in the neck that is twice the background counts. Which of these actions is the most appropriate for the technologist to follow?"	"Cancel the exam: this is a contraindication for performing it in this patient."	"Administer [131I] sodium iodide instead of [123I] sodium iodide for the uptake."	"Put the patient on a low iodide diet."	"Subtract the baseline counts from the thyroid counts collected at a later time."	"Calculate a thyroid uptake using only the baseline counts."	"3"	"Subtract the baseline counts from the thyroid counts collected at a later time."	"When preparing a patient for thyroid uptake using a thyroid probe, counts are taken from the thigh and neck at thyroid level. The thigh counts represent background or baseline counts and should be subtracted from the thyroid counts collected later as part of the uptake calculation."	"Source: Shackett, 2009; p. 343-344."	"Question photos/Retake Photos/IMG_1354.jpeg"	"Question photos/Answers/Exam 7/IMG_1259.jpeg"	""	""	""
"exam7-038"	"7"	"38"	"Clinical Procedures"	"Thyroid Imaging"	"concept"	"3"	"The therapeutic effectivness of 131I in treating hyperthyroidism results from the delivery of energy to thyroid tissue from:"	"Alpha particles"	"neutron radiation"	"Gamma rays"	"X-rays"	"Beta particles"	"4"	"Beta particles"	"X-ray alpha particles are not emitted from 3IJ. 13'T is both a gamma and beta emitter; however, the beta particles are what is responsible for the effectiveness of the therapy."	"Source: Shackett, 2009; p. 332."	"Question photos/Questions/Exam 7/IMG_1184.jpeg"	"Question photos/Answers/Exam 7/IMG_1260.jpeg"	""	""	""
"exam7-039"	"7"	"39"	"Clinical Procedures"	"Thyroid Imaging"	"concept"	"4"	"Fever, dehydration, and slightly elevated white cell count are all symptoms of:"	"nontoxic goiter"	"euthyroid"	"hypothyroidism"	"benign thyroid goiter"	"hyperthyroidism"	"4"	"hyperthyroidism"	"Some of the symptoms of hyperthyroidism include fever, sweating, dehydration, palpitations, increased heart rate, and elevated white blood cell counts."	"Source: Shackett, 2009; p. 345, and Christian, et al., 2004; p. 332."	"Question photos/Questions/Exam 7/IMG_1185.jpeg"	"Question photos/Answers/Exam 7/IMG_1260.jpeg"	""	""	""
"exam7-040"	"7"	"40"	"Radiation Safety"	"Thyroid Imaging"	"concept"	"5"	"In a normally functioning system, an increase in circulating thyroid hormone will cause TSH secretion to:"	"remain the same"	"increase"	"decrease"	"vary unpredictably"	"cause a goiter formation"	"2"	"decrease"	"An increase in circulating thyroid hormone suppresses TSH secretion, so TSH decreases in a normally functioning feedback system."	"Source: Shackett, 2009; p. 345, and Christian, et al., 2004; pp. 419-420."	"Question photos/Questions/Exam 7/IMG_1185.jpeg"	"Question photos/Answers/Exam 7/IMG_1260.jpeg"	""	""	""
"exam7-041"	"7"	"41"	"Clinical Procedures"	"Bone Imaging"	"concept"	"1"	"Which of the following would not normally appear as an area of increased activity on the bone image of an adult?"	"anterior iliac crests"	"epiphyseal plates"	"sacroiliac joints"	"nasopharyngeal area"	"kidneys"	"1"	"epiphyseal plates"	"Iliac crests, sacroiliac joints, and the nasopharyngeal areas are typical ""hot spots"" in adult bone imaging. Typically there is symmetrical, increased uptake in all joints, junctions, and scapulas. Epiphyseal plates, also known as 89Srowth plates,"" are bright hot spots in pediatric images. Children are steadily growing, which causes increased uptake in those areas."	"Source: Shackett, 2009; p. 31."	"Question photos/Questions/Exam 7/IMG_1185.jpeg"	"Question photos/Answers/Exam 7/IMG_1260.jpeg"	""	""	""
"exam7-042"	"7"	"42"	"Clinical Procedures"	"Bone Imaging"	"concept"	"2"	"For which of the following clinical indications would limited bone imaging (""spot"" views) be most appropriate?"	"rule out avascular necrosis of the right femoral head"	"rule out metastatic prostate cancer"	"determine extent of Paget's disease"	"history of child abuse; rule out occult fractures"	"rule out metastatic breast cancer"	"0"	"rule out avascular necrosis of the right femoral head"	"Spot views are individual images of certain areas after the initial wholebody image has been performed. They provide detailed images of areas not clearly visualized on the whole-body images. The right femoral head is a specific area that has to be imaged, which makes limited imaging the appropriate choice."	"Source: Christian, et al., 2004; p. 578-579."	"Question photos/Questions/Exam 7/IMG_1185.jpeg"	"Question photos/Answers/Exam 7/IMG_1260.jpeg"	""	""	""
"exam7-043"	"7"	"43"	"Radiopharmaceuticals"	"Lung Imaging"	"concept"	"3"	"It is safe to block a portion of the pulmonary circulation with MAA particles in patients with symptoms of pulmonary emboli because:"	"the particles pass through the lungs"	"the particles are made from albumin isolated from human serum"	"the particles are rapidly phagocytized by lung macrophages"	"the number of injected particles is very small compared to the number of available precapillary arterioles"	"the albumin is denatured before it is made into particles"	"3"	"the number of injected particles is very small compared to the number of available precapillary arterioles"	"MAA causes micro emboli in approximately 100,000 capillaries of the 350 million arterioles and 280 billion small capillaries of the lungs. The particles are typically 10-90 pm in size, therefore the number injected does not compromise the patient. In general, 0.1% of the capillaries are blocked after an injection."	"Source: Shackett, 2009; p. 152."	"Question photos/Questions/Exam 7/IMG_1185.jpeg"	"Question photos/Answers/Exam 7/IMG_1260.jpeg"	""	""	""
"exam7-044"	"7"	"44"	"Radiopharmaceuticals"	"Bone Imaging"	"concept"	"4"	"If tracer concentration is visualized in the stomach, thyroid, and salivary glands on a bone image, the most likely explanation is that:"	"The tracer contained unbound [99mTc] pertechnetate."	"The patient did not drink sufficient fluids."	"There is pathology in those areas."	"The patient was imaged too soon to allow adequate blood clearance of the tracer."	"The patient ate dairy products between the injection time and post imaging."	"0"	"The tracer contained unbound [99mTc] pertechnetate."	"Radiotracer tag, like 99mTc, may break down or be delivered to the body with an insufficient tag. This means that the tracer did not properly attach itself to the pharmaceutical used for the study. It results in unbound pertechnetate or ""free 'Tc"" that localizes in the stomach, thyroid, salivary glands, gastrointestinal tract, and some other systems."	"Source: Shackett, 2009; p. 32."	"Question photos/Questions/Exam 7/IMG_1185.jpeg"	"Question photos/Answers/Exam 7/IMG_1260.jpeg"	""	""	""
"exam7-045"	"7"	"45"	"Clinical Procedures"	"Bone Imaging"	"concept"	"5"	"Which of the following phrases describes the sensitivity and specificity of bone imaging?"	"sensitive and specific"	"more specific than sensitive"	"sensitive but not specific"	"neither sensitive or specific"	"not sensitive but specific"	"2"	"sensitive but not specific"	"Bone imaging is sensitive for detecting abnormal bone activity but is not specific for the underlying cause."	"Source: Christian, et al., 2004; pp. 576-585."	"Question photos/Questions/Exam 7/IMG_1185.jpeg"	"Question photos/Answers/Exam 7/IMG_1260.jpeg"	""	""	""
"exam7-046"	"7"	"46"	"Clinical Procedures"	"Clinical Procedures"	"concept"	"1"	"Ischemia means:"	"necrotic tissue"	"infarction"	"decreased blood flow"	"the superior portion of the pelvis"	"scar tissue"	"2"	"decreased blood flow"	"Necrotic tissue is that which has undergone premature cell death. An infarction is localized necrosis caused by a lack of blood supply. Ischemia is the term used to describe inadequate or decreased blood flow to an area caused by a blockage."	"Source: Christian, et al., 2004; p. 510-511."	"Question photos/Questions/Exam 7/IMG_1185.jpeg"	"Question photos/Answers/Exam 7/IMG_1260.jpeg"	""	""	""
"exam7-047"	"7"	"47"	"Instrumentation & QC"	"Instrumentation & QC"	"protocol"	"2"	"To confirm a referring physician's request for a nuclear medicine therapeutic procedure, the technologist should:"	"Confer with the nuclear medicine physician."	"Ask the patient why s/he came to nuclear medicine."	"Locate the written directive for the therapy in the patient's medical record."	"Text the physician. "	"Telephone the referring physician for confirmation."	"2"	"Locate the written directive for the therapy in the patient's medical record."	"For a therapeutic procedure, there should always be a written directive in the patient's record. It is mandatory that a nuclear medicine technologist have the written directive and that he/she verifies it before administering any therapeutic radiopharmaceuticals. The referring physician or nuclear medicine physicians may not always be readily available for questions, and the patient may not always be certain about the procedures s/he is scheduled for."	"Source: Shackett, 2009; p. 350."	"Question photos/Questions/Exam 7/IMG_1185.jpeg"	"Question photos/Answers/Exam 7/IMG_1260.jpeg"	""	""	""
"exam7-048"	"7"	"48"	"Patient Care"	"Bone Imaging"	"protocol"	"3"	"All of the following statements about three- or four-phase bone imaging are true except:"	"This study has dynamic imaging."	"The last phase is performed 24 hr post-tracer administration."	"The patient is positioned under the camera before tracer administration."	"This study has static imaging."	"Special instructions are given to the patient before the injection."	"4"	"Special instructions are given to the patient before the injection."	"Threeand four-phase bone imaging studies include dynamic images for the flow and blood pool. Static images are also included for images of the extremities and torso. To capture blood pooling and flow as they occur, the patient should be positioned under the camera before tracer administration. The instructions given to the patient are to drink lots of fluids and to urinate frequently after the injection. Since 24-hour images are taken by request using the four-phase protocol, no special instructions are needed before the injection."	"Source: Shackett, 2009; p. 28-31."	"Question photos/Questions/Exam 7/IMG_1185.jpeg"	"Question photos/Answers/Exam 7/IMG_1260.jpeg"	""	""	""
"exam7-049"	"7"	"49"	"Clinical Procedures"	"Bone Imaging"	"concept"	"4"	"Which of the following structures normally appear as areas of increased activity on the bone images of a child vs. an adult?"	"ribs"	"femur"	"humerus"	"sternoclavicular joints"	"costochondral junctions"	"4"	"costochondral junctions"	"Normal uptake in children and adults includes the ribs, femur, and joints (sterno-clavicle joints included). However, in children, the growth plates show increased activity during bone imaging and do not in adults."	"Source: Shackett, 2009; p. 31."	"Question photos/Questions/Exam 7/IMG_1185.jpeg"	"Question photos/Answers/Exam 7/IMG_1260.jpeg"	""	""	""
"exam7-050"	"7"	"50"	"Clinical Procedures"	"Clinical Procedures"	"concept"	"5"	"Non-reactivity toward a particular antigen is called:"	"tolerance"	"immunity"	"immunogenicity"	"anaphylaxis"	"autoimmunity"	"0"	"tolerance"	"Taber's Cyclopedic Medical Dictionary, 2009; p. 2197. Tolerance refers to non-reactivity toward a particular antigen."	"Source photo: Answers/Exam 7/IMG_1260.jpeg."	"Question photos/Questions/Exam 7/IMG_1185.jpeg"	"Question photos/Answers/Exam 7/IMG_1260.jpeg"	""	""	""
"exam7-051"	"7"	"51"	"Clinical Procedures"	"Clinical Procedures"	"concept"	"1"	"The ability of an antibody to react with one and ""only"" one antigen is known as its:"	"affinity"	"sensitivity"	"avidity"	"specificity"	"tolerance"	"3"	"specificity"	"Taber's Cyclopedic Medical Dictionary, 2009; p. 2033. Specificity refers to the ability of an antibody to react with one, and only one, antigen."	"Source photo: Answers/Exam 7/IMG_1260.jpeg."	"Question photos/Questions/Exam 7/IMG_1186.jpeg"	"Question photos/Answers/Exam 7/IMG_1260.jpeg"	""	""	""
"exam7-052"	"7"	"52"	"Clinical Procedures"	"Clinical Procedures"	"concept"	"2"	"The property where an antibody reacts with two or more antigens of similar structure is known as:"	"sensitivity"	"cross-reactivity"	"tolerance"	"immunoreactivity"	"avidity"	"1"	"cross-reactivity"	"Taber's Cyclopedic Medical Dictionary, 2009; p. 505. The property where an antibody reacts with two or more antigens of similar structure is called cross-reactivity."	"Source photo: Answers/Exam 7/IMG_1260.jpeg."	"Question photos/Questions/Exam 7/IMG_1186.jpeg"	"Question photos/Answers/Exam 7/IMG_1260.jpeg"	""	""	""
"exam7-053"	"7"	"53"	"Clinical Procedures"	"Clinical Procedures"	"concept"	"3"	"The major antibody class found in normal human serum is:"	"IgG"	"IgM"	"IgA"	"IgD"	"IgE"	"0"	"IgG"	"IgG is the major antibody found in normal human serum. It is also the smallest and most-common antibody. IgM is the primary antibody against A & B antigen on red blood cells. IgA is primarily an aid in mucosal immunity, and IgD makes up 1% of proteins in plasma membranes of mature B-lymphocytes."	"Source: Christian and Waterstram-Rich, 2007; p. 609."	"Question photos/Questions/Exam 7/IMG_1186.jpeg"	"Question photos/Answers/Exam 7/IMG_1261.jpeg"	""	""	""
"exam7-054"	"7"	"54"	"Clinical Procedures"	"PET"	"concept"	"4"	"All of the following PET radionuclides must be produced very close to the site where they are administered except:"	"82Rb"	"11C"	"15O"	"18F"	"13N"	"3"	"18F"	"18F has the longest half-life of these PET radionuclides. Therefore, it is not necessary for 18F to be produced close to the site where it is administered. 18F has a half-life of 110 min; 11C, 20 min; 15O, 2 min; and 13N, 10 min."	"Source: Shackett, 2009; p. 398."	"Question photos/Questions/Exam 7/IMG_1186.jpeg"	"Question photos/Answers/Exam 7/IMG_1261.jpeg"	""	""	""
"exam7-055"	"7"	"55"	"Radiopharmaceuticals"	"Radiopharmaceuticals"	"concept"	"5"	"For what reason is a patient's blood glucose level checked before [18F]FDG administration?"	"FDG tends to increase blood glucose levels that may already be elevated."	"The blood glucose level may have to be increased to ensure good tracer uptake."	"Hypoglycemia reduces tumor uptake of the tracer."	"FDG administration is contraindicated in diabetic patients."	"Hyperglycemia reduces tumor uptake of the tracer."	"4"	"Hyperglycemia reduces tumor uptake of the tracer."	"Hyperglycemia reduces tumor uptake of the tracer; therefore, the patient's blood glucose level is checked prior to [18F]FDG administration. FDG does not increase glucose levels and is not a contraindication in diabetic patients. High blood glucose levels do not ensure good tracer uptake; they actually reduce uptake in the tumor."	"Source: Shackett, 2009; p. 398."	"Question photos/Questions/Exam 7/IMG_1186.jpeg"	"Question photos/Answers/Exam 7/IMG_1261.jpeg"	""	""	""
"exam7-056"	"7"	"56"	"Radiation Safety"	"PET"	"concept"	"1"	"Preparation of patients undergoing PET imaging for an oncologic clinical indication includes all of the following except:"	"checking blood glucose levels"	"installation of IV line"	"12-lead ECG monitoring"	"fasting"	"hydration"	"2"	"12-lead ECG monitoring"	"For PET oncologic studies, the patient should hydrate right before the test and fast for at least 6 hr before test to reduce insulin levels and uptake in certain organs. An IV should be installed in the patient so the injection can be flushed with saline. A 12-lead ECG monitoring is not required."	"Source: Shackett, 2009; p. 223."	"Question photos/Questions/Exam 7/IMG_1186.jpeg"	"Question photos/Answers/Exam 7/IMG_1261.jpeg"	""	""	""
"exam7-057"	"7"	"57"	"Clinical Procedures"	"Thyroid Imaging"	"concept"	"2"	"[90Y] ibritumomab tiuxetan is used for therapy of which type of cancer?"	"breast"	"prostate"	"liver"	"non-Hodgkin's lymphoma"	"thyroid"	"3"	"non-Hodgkin's lymphoma"	"Yttrium ibritumomab tiuxetan therapy is used for non-Hodgkin's lymphoma. This therapy is not used for breast, prostate, or liver cancers."	"Source: Shackett, 2009; p. 313."	"Question photos/Questions/Exam 7/IMG_1186.jpeg"	"Question photos/Answers/Exam 7/IMG_1261.jpeg"	""	""	""
"exam7-058"	"7"	"58"	"Clinical Procedures"	"Clinical Procedures"	"concept"	"3"	"[90Y] ibritumomab tiuxetan is used in conjunction with which chemotherapeutic agent?"	"interferon"	"ribavirin"	"cyclosporine"	"methotrexate"	"rituximab"	"4"	"rituximab"	"Yttrium-90 ibritumomab tiuxetan is used in conjunction with rituximab chemotherapeutic agent. Y-90 is not used in conjunction with interferon, cyclosporine, or methotrexate."	"Source: Shackett, 2009; p. 314."	"Question photos/Questions/Exam 7/IMG_1186.jpeg"	"Question photos/Answers/Exam 7/IMG_1261.jpeg"	""	""	""
"exam7-059"	"7"	"59"	"Radiopharmaceuticals"	"PET"	"concept"	"4"	"The size of the spleen can best be determined using what view of a [99mTc] sulfur colloid image?"	"anterior"	"posterior"	"right lateral"	"left lateral"	"anterior oblique"	"1"	"posterior"	"The spleen is located posterior-laterally in the left upper abdomen, so a right lateral will not show the size of the spleen well. A left lateral view will show the liver and spleen, making it hard to view the size of the spleen. The best view to determine the size of the spleen, therefore, is the posterior view."	"Source: Shackett, 2009; p. 144."	"Question photos/Questions/Exam 7/IMG_1186.jpeg"	"Question photos/Answers/Exam 7/IMG_1261.jpeg"	""	""	""
"exam7-060"	"7"	"60"	"Radiopharmaceuticals"	"Radiopharmaceuticals"	"calculation"	"5"	"If 4 mCi of [99mTc] sulfur colloid is administered intravenously, approximately how much activity will be concentrated in the spleen of a normal subject (biodistribution is 80, 15, and 5% to different parts of the body)?"	"0.6 mCi"	"3.2 mCi"	"4 mCi"	"0.2 mCi"	"2.3 mCi"	"0"	"0.6 mCi"	"[99mTc] sulfur colloid once injected will biodistribute 80% in the liver, 15% in the spleen, and 5% in the bone marrow. If 4 mCi is injected, 0.6 mCi will be concentrated in the spleen. 4 mCi x 0.15 = 0.6 mCi of activity"	"Source: Shackett, 2009; p. 142."	"Question photos/Questions/Exam 7/IMG_1186.jpeg"	"Question photos/Answers/Exam 7/IMG_1261.jpeg"	""	""	""
"exam7-061"	"7"	"61"	"Radiopharmaceuticals"	"Bone Imaging"	"concept"	"1"	"Significant visualization of bone marrow uptake on a [99mTc] sulfur colloid liver/spleen image is most likely due to which of the following?"	"liver dysfunction"	"insufficient circulation time of the radiopharmaceutical"	"multiple myeloma"	"overactive bone marrow"	"improper colloid particles that are too large"	"0"	"liver dysfunction"	"Colloid shifting presents in the bone marrow due to severe liver dysfunction, especially due to cirrhosis, hepatitis, leukemia, infection, or a tumor."	"Source: Shackett, 2009; p. 145."	"Question photos/Questions/Exam 7/IMG_1186.jpeg"	"Question photos/Answers/Exam 7/IMG_1261.jpeg"	""	""	""
"exam7-062"	"7"	"62"	"Radiopharmaceuticals"	"Thyroid Imaging"	"image-interpretation"	"4"	"Which of the following diagnostic tests should ""not"" be performed immediately before liver/spleen imaging with [99mTc] sulfur colloid?"	"gallbladder examination with ultrasound"	"chest radiograph"	"radiographic upper GI series"	"echocardiogram"	"thyroid uptake with [123I] sodium iodide"	"2"	"radiographic upper GI series"	"A barium study of the colon could cause artifacts or show presumed defects with the liver and spleen."	"Source: Shackett, 2009; p. 145."	"Question photos/Questions/Exam 7/IMG_1186.jpeg"	"Question photos/Answers/Exam 7/IMG_1261.jpeg"	""	""	""
"exam7-063"	"7"	"63"	"Clinical Procedures"	"Clinical Procedures"	"protocol"	"3"	"In a normal hepatobiliary study, excretion of the tracer into the intestine should occur by no longer than how many minutes after tracer administration?"	"30 min"	"15 min"	"5 min"	"60 min"	"90 min"	"0"	"30 min"	"In the normal individual, radioactivity is identified in the gastrointestional tract by 30 min post-injection."	"Source: Christian and Waterstram-Rich, 2007; p. 542."	"Question photos/Questions/Exam 7/IMG_1187.jpeg"	"Question photos/Answers/Exam 7/IMG_1261.jpeg"	""	""	""
"exam7-064"	"7"	"64"	"Clinical Procedures"	"Hepatobiliary Imaging"	"concept"	"4"	"If the gallbladder is not visualized within 60 min during hepatobiliary imaging, which of the following may be administered?"	"cimetidine"	"morphine"	"dobutamine"	"furosemide"	"adenosine"	"1"	"morphine"	"Morphine is usually given to the patient after 60 min because morphine contracts the sphincter of Oddi and increases the pressure in the common bile duct and cystic duct. This causes the gallbladder to fill up with the radiopharmaceutical if the gallbladder is functioning."	"Source: Christian and Waterstram-Rich, 2007; p. 541."	"Question photos/Questions/Exam 7/IMG_1187.jpeg"	"Question photos/Answers/Exam 7/IMG_1261.jpeg"	""	""	""
"exam7-065"	"7"	"65"	"Clinical Procedures"	"Lung Imaging"	"concept"	"5"	"Very increased serum bilirubin levels will most likely cause which of the following to be visualized on hepatobiliary images?"	"colon"	"lungs"	"kidneys"	"spleen"	"heart"	"2"	"kidneys"	"Elevated serum bilirubin levels indicating severely jaundiced patients can result in increased renal excretion of the radiopharmaceutical, which can be confused with gallbladder activity."	"Source: Mettler and Guiberteau, 2006; p. 220."	"Question photos/Questions/Exam 7/IMG_1187.jpeg"	"Question photos/Answers/Exam 7/IMG_1261.jpeg"	""	""	""
"exam7-066"	"7"	"66"	"Clinical Procedures"	"Renal Imaging"	"concept"	"1"	"Which of the following framing rates would be most-appropriate for a renal function study?"	"0.1 sec/frame for 260 frames"	"20 sec/frame for 78 frames"	"2 min/frame for 13 frames"	"5 min/frame for 15 frames"	"Framing rate is not a relevant consideration for this study."	"4"	"Framing rate is not a relevant consideration for this study."	"The computer setup for the procedure is usually 20-60 sec/frame for 1800 sec, which is a dynamic study but not a gating study.

P.S. Cody does not like this answer..."	"Source: Shackett, 2009; p. 251."	"Question photos/Questions/Exam 7/IMG_1187.jpeg"	"Question photos/Answers/Exam 7/IMG_1261.jpeg"	""	""	""
"exam7-067"	"7"	"67"	"Clinical Procedures"	"Clinical Procedures"	"protocol"	"2"	"For the detection of liver hemangioma, all of the following imaging is routinely performed except:"	"blood flow images"	"24 hr delayed imaging"	"anterior images"	"delayed imaging as late as 3 hr after tracer administration"	"immediate blood pool images"	"1"	"24 hr delayed imaging"	"In liver hemangioma imaging, a blood flow image, an immediate blood pooling image, and a delayed image 2-3 hr after injection are required as a normal imaging protocol. The 24-hr delayed image is not required for a liver hemangioma study."	"Source: Christian and Waterstram-Rich, 2007; p. 540."	"Question photos/Questions/Exam 7/IMG_1187.jpeg"	"Question photos/Answers/Exam 7/IMG_1261.jpeg"	""	""	""
"exam7-068"	"7"	"68"	"Image Production"	"Image Production"	"concept"	"3"	"Advantages of using [99mTc] sestamibi for myocardial perfusion imaging include all of the following except:"	"no redistribution of tracer"	"acquisition of ventricular function information"	"completion of stress and rest imaging on the same day"	"flexibility in the time of imaging following tracer administration"	"acquisition of stress and rest images with one tracer dose"	"4"	"acquisition of stress and rest images with one tracer dose"	"If using [99mTc] sestamibi, you will have to use more than one tracer dose for the acquisitions of stress and rest images. The sestamibi will have been partially decayed by the time it is ready for both images to be taken."	"Source: Christian and Waterstram-Rich, 2007; p. 489."	"Question photos/Questions/Exam 7/IMG_1187.jpeg"	"Question photos/Answers/Exam 7/IMG_1261.jpeg"	""	""	""
"exam7-069"	"7"	"69"	"Patient Care"	"Patient Care"	"calculation"	"5"	"Which of the following agents used for pharmacologic stress testing has the longest plasma half-life?"	"adenosine"	"dipyridamole"	"dobutamine"	"nitroglycerin"	"atropine"	"1"	"dipyridamole"	"Dipyridamole has a half-life of up to 30 min and can last several hours. Adenosine's half-life is only 10 sec, and dobutamine and nitroglycerin only have half-lives of a couple of min."	"Source: Christian and Waterstram-Rich, 2007; p. 493. "	"Question photos/Questions/Exam 7/IMG_1187.jpeg"	"Question photos/Answers/Exam 7/IMG_1261.jpeg"	""	""	""
"exam7-070"	"7"	"70"	"Patient Care"	"Patient Care"	"protocol"	"5"	"Which of the following pharmacologic stress agents should not be administered to patients with asthma or bronchospastic disease?"	"both adenosine and dipyridamole"	"both atropine and adenosine"	"dobutamine"	"adenosine"	"atropine"	"0"	"both adenosine and dipyridamole"	"Adenosine and dipyridamole both have side effects of a feeling of breathlessness and heaviness in the chest. Dobutamine just increases the heart rate and blood pressure by increasing the myocardial work of the heart."	"Source: Christian and Waterstram-Rich, 2007; p. 493."	"Question photos/Questions/Exam 7/IMG_1187.jpeg"	"Question photos/Answers/Exam 7/IMG_1262.jpeg"	""	""	""
"exam7-071"	"7"	"71"	"Patient Care"	"Patient Care"	"concept"	"1"	"Dobutamine is contraindicated for stress testing in patients with all of the following conditions except?"	"severe aortic stenosis"	"blood glucose above 200 mg/dL"	"ejection fraction below 15%"	"unstable angina"	"severe hypertension"	"1"	"blood glucose above 200 mg/dL"	"A patient who has severe aortic stenosis, unstable angina, or an ejection fraction below 15% is a contraindication for using dobutamine as a stress test. Dobutamine raises the heart rate and blood pressure, hence it could be dangerous for such a patient to undergo this stress test."	"Source: Christian and Waterstram-Rich, 2007; p. 493."	"Question photos/Questions/Exam 7/IMG_1187.jpeg"	"Question photos/Answers/Exam 7/IMG_1262.jpeg"	""	""	""
"exam7-072"	"7"	"72"	"Radiopharmaceuticals"	"Radiopharmaceuticals"	"protocol"	"2"	"Which of the following is cited as an advantage of [99mTc] tetrofosmin (MPI) over [99mTc] sestamibi for myocardial imaging?"	"it redistributes"	"one-day stress-rest protocol can be used"	"faster tracer clearance from the GI system"	"stress and rest images can be obtained with one tracer dose"	"higher activities may be administered"	"2"	"faster tracer clearance from the GI system"	"When given [99mTc] tetrofosmin (MPI), the patient only has to wait 5-30 min for clearance of the GI system. When given [99mTc] sestamibi, the patient has to wait 45-60 min for clearance of GI system. Therefore, tetrofosmin (MPI) has a faster GI clearance."	"Source: Shackett, 2009; p. 68."	"Question photos/Questions/Exam 7/IMG_1187.jpeg"	"Question photos/Answers/Exam 7/IMG_1262.jpeg"	""	""	""
"exam7-073"	"7"	"73"	"Clinical Procedures"	"Clinical Procedures"	"concept"	"3"	"Treatment of the adverse effects induced by dipyridamole involves the administration of:"	"aminophylline"	"adenosine"	"antihistamines"	"nitroglycerin"	"dobutamine"	"0"	"aminophylline"	"Some physicians administer aminophylline and/or caffeine to all patients as a precautionary measure before releasing them, regardless of symptoms after dipyridamole. Some physicians do this selectively."	"Source: Crawford and Husain, 2011; p. 19."	"Question photos/Questions/Exam 7/IMG_1187.jpeg"	"Question photos/Answers/Exam 7/IMG_1262.jpeg"	""	""	""
"exam7-074"	"7"	"74"	"Clinical Procedures"	"Clinical Procedures"	"concept"	"4"	"When the heart rate is 90 beats/min, how many beats are there per second?"	"0.011 beat"	"1.5 beats"	"0.67 beat"	"0.006 beat"	"0.016 beat"	"1"	"1.5 beats"	"Shackett, 2009; p. 373. By using dimensional analysis, we know that there are 60 seconds in 1 minute. 90 beats/1 min = 1.5 beats 90 beats/60 sec = 1.5 beats/ second"	"Source photo: Answers/Exam 7/IMG_1262.jpeg."	"Question photos/Questions/Exam 7/IMG_1187.jpeg"	"Question photos/Answers/Exam 7/IMG_1262.jpeg"	""	""	""
"exam7-075"	"7"	"75"	"Radiopharmaceuticals"	"Radiopharmaceuticals"	"concept"	"5"	"Which agent is preferred for acute myocardial infarction imaging?"	"[201Tl] Cl"	"[99mTc] pyrophosphate (PYP)"	"[99mTc] sestamibi"	"[99mTc] tetrofosmin (MPI)"	"[99mTc] sulfur colloid"	"1"	"[99mTc] pyrophosphate (PYP)"	"[99mTc] pyrophosphate (PYP) is a bone agent that flows with the bloodstream. Pyrophosphate deposition accumulates with calcium in the mitochondria and within the cytoplasm of necrotic myocardial tissue, so it is preferred for acute myocardial infarction imaging."	"Source: Shackett, 2009; p. 62."	"Question photos/Questions/Exam 7/IMG_1188.jpeg"	"Question photos/Answers/Exam 7/IMG_1262.jpeg"	""	""	""
"exam7-076"	"7"	"76"	"Patient Care"	"Patient Care"	"concept"	"1"	"Which of the following pharmacologic stress agents indirectly affects adenosine receptor sites on cell membranes?"	"dobutamine"	"adenosine"	"atropine"	"esmolol"	"dipyridamole"	"4"	"dipyridamole"	"Dipyridamole produces coronary vasodilation and reactive hyperemia by increasing endogenous plasma adenosine levels. Because dipyridamole inhibits the clearance pathway of adenosine across the cell membrane, it indirectly affects adenosine receptor sites."	"Source: Crawford and Husain, 2011; p. 16."	"Question photos/Questions/Exam 7/IMG_1188.jpeg"	"Question photos/Answers/Exam 7/IMG_1262.jpeg"	""	""	""
"exam7-077"	"7"	"77"	"Patient Care"	"Patient Care"	"concept"	"2"	"Which of the following pharmacologic stress agents would be a contraindication for severe aortic stenosis?"	"dobutamine"	"adenosine"	"dipyridamole"	"esmolol"	"atropine"	"0"	"dobutamine"	"Dobutamine injection is contraindicated in patients with idiopathic hypertrophic subaortic stenosis (severe aortic stenosis) and in patients who have shown previous manifestations of hypersensitivity to dobutamine."	"Source: Crawford and Husain, 2011; p. 20."	"Question photos/Questions/Exam 7/IMG_1188.jpeg"	"Question photos/Answers/Exam 7/IMG_1262.jpeg"	""	""	""
"exam7-078"	"7"	"78"	"Clinical Procedures"	"Bone Imaging"	"image-interpretation"	"5"	"89Sr and 153Sm are used for which of the following indications?"	"cardiac imaging"	"bone palliation therapy"	"bone scan to assess metastasis"	"liver/spleen metastatic disease"	"brain imaging"	"1"	"bone palliation therapy"	"89Sr and 153Sm are used in bone palliation therapy due to their high beta emissions."	"Source: Shackett, 2009; p. 293."	"Question photos/Questions/Exam 7/IMG_1188.jpeg"	"Question photos/Answers/Exam 7/IMG_1262.jpeg"	""	""	""
"exam7-079"	"7"	"79"	"Radiation Safety"	"Radiation Safety"	"concept"	"4"	"It is best ""not"" to administer 89Sr and 153Sm directly via straight stick injection because:"	"The syringe cannot be adequately shielded."	"There is an increased possibility of local irradiation of soft tissue due to infiltration."	"There is no means of controlling the rate of radiopharmaceutical administration."	"The radiation dose to the technologist's hands from the beta- emissions is great."	"The radiation dose to the technologist's hands from the alpha emissions is great."	"1"	"There is an increased possibility of local irradiation of soft tissue due to infiltration."	"It is best to administer 89Sr or 153Sm via IV catheter, rather than syringe, due to possible infiltration and local irradiation of the patient since it is a high beta emitter."	"Source: Shackett, 2009; p. 294."	"Question photos/Questions/Exam 7/IMG_1188.jpeg"	"Question photos/Answers/Exam 7/IMG_1262.jpeg"	""	""	""
"exam7-080"	"7"	"80"	"Radiopharmaceuticals"	"PET"	"protocol"	"5"	"A patient scheduled for PET imaging with [18F]FDG should avoid which of the following foods in the last meal before fasting?"	"steak and mushrooms"	"blackened fish and spinach salad"	"grilled chicken and broccoli"	"spaghetti and garlic bread"	"eggs and bacon"	"3"	"spaghetti and garlic bread"	"There is more emphasis on medications and food in terms of glucose intake (meaning a high protein and low carbohydrate diet) and physical activity before PET imaging with [18F]FDG. U.S. Nuclear Regulatory Commission,"	"Source: Shackett, 2009; p. 198."	"Question photos/Questions/Exam 7/IMG_1188.jpeg"	"Question photos/Answers/Exam 7/IMG_1262.jpeg"	""	""	""
"exam7-081"	"7"	"81"	"Radiation Safety"	"Radiation Safety"	"protocol"	"1"	"When reporting a medical event to the NRC, which of the following information should not be included?"	"identity of the patient"	"licensee's name"	"description of the event"	"remedial action"	"facility name"	"0"	"identity of the patient"	"2003 (10 CFR Part 35). Due to confidentiality rules, the patient identity should not be disclosed in the report to the NRC."	"Source photo: Answers/Exam 7/IMG_1262.jpeg."	"Question photos/Questions/Exam 7/IMG_1188.jpeg"	"Question photos/Answers/Exam 7/IMG_1262.jpeg"	""	""	""
"exam7-082"	"7"	"82"	"Instrumentation & QC"	"Instrumentation & QC"	"calculation"	"3"	"If a physician prescribes a radiopharmaceutical according to the patient's body weight, approximately how much activity should a 185 lb patient receive if 55 uCi/kg is prescribed?"	"1.6 mCi"	"6.4 mCi"	"9.6 mCi"	"46.0 mCi"	"4.6 mCi"	"4"	"4.6 mCi"	"1 mCi = 1000 uCi and 2.2 lb = 1 kg. 185 lb / 2.2 lb/kg = 84.09 kg. 55 uCi/kg x 84.09 kg = 4625 uCi. 4625 uCi / 1000 uCi/mCi = 4.6 mCi."	"Source: Shackett, 2009; p. 373."	"Question photos/Questions/Exam 7/IMG_1188.jpeg"	"Question photos/Answers/Exam 7/IMG_1262.jpeg"	""	""	""
"exam7-083"	"7"	"83"	"Radiation Safety"	"MAA / Pulmonary Perfusion"	"concept"	"3"	"Which of the following is/are medical event(s) according to the NRC?"	"A second dose of [99mTc] MAA is administered after the first is inadvertently infiltrated."	"[99mTc] DTPA for renal function imaging is requested by the referring physician, but [99mTc] mertiatide (MAG3) is prescribed by the nuclear medicine physician."	"A [131I] sodium iodide (15 mCi) is prescribed for therapy, but 19 mCi are administered."	"A myocardial perfusion dose is given to a therapy patient by mistake."	"A second dose of [99mTc] medronate (MDP) is administered after the first is inadvertently infiltrated."	"2"	"A [131I] sodium iodide (15 mCi) is prescribed for therapy, but 19 mCi are administered."	"A 19 mCi iodine-131 therapy administration for a 15 mCi prescription exceeds the allowed variance for a therapeutic dosage and is a medical event."	"Source: U.S. Nuclear Regulatory Commission, 2003 (10 CFR Part 35)."	"Question photos/Questions/Exam 7/IMG_1188.jpeg"	"Question photos/Answers/Exam 7/IMG_1262.jpeg"	""	""	""
"exam7-084"	"7"	"84"	"Radiopharmaceuticals"	"Radiopharmaceuticals"	"calculation"	"5"	"A syringe that contains 50 mCi of a 99mTc-labeled compound at 0600 will contain how much radioactivity at 1000?"	"1.17 GBq"	"116.9 MBq"	"1169 kBq"	"11.7 GBq"	"17 Bq"	"0"	"1.17 GBq"	"A = A0 x 0.5^(t/T1/2). A0 = 50 mCi, T1/2 = 6 hr for 99mTc, and t = 4 hr. A = 50 mCi x 0.5^(4/6) = 31.5 mCi. Converting to GBq: 31.5 mCi x 3.7 GBq / 100 mCi = 1.17 GBq."	"Source: Saha, 2004; p. 19-21."	"Question photos/Retake Photos/IMG_1355.jpeg"	"Question photos/Answers/Exam 7/IMG_1262.jpeg"	""	""	""
"exam7-085"	"7"	"85"	"Radiation Safety"	"PET"	"protocol"	"5"	"According to the NRC, departmental records of ""medical events"" must include all of the following of information, except?"	"identity of the patient"	"referring physician's name"	"nuclear medicine staff involved in the medical event"	"estimated dose to personnel involved"	"actions taken, if any."	"3"	"estimated dose to personnel involved"	"A written report to the appropriate NRC regional office must be submitted within 15 days and must include the licensee's name; prescribing physician; description of event; why event occurred; effect, if any, on the individual(s) who received the dose; actions taken, if any, to prevent recurrence; and certification that licensee notified the individual and, if not, why not. A separate section for occupationally overexposed individuals must also be included in the report and must include employee's name, Social Security number, and date of birth."	"Source: Siegel, 2004; p. 102-103, 58."	"Question photos/Questions/Exam 7/IMG_1188.jpeg"	"Question photos/Answers/Exam 7/IMG_1263.jpeg"	""	""	""
"exam7-086"	"7"	"86"	"Radiation Safety"	"Radiation Safety"	"concept"	"1"	"Methods to decrease personal radiation exposure when preparing patient doses for injection include all of the following except:"	"working as quickly as possible"	"preparing all necessary materials in advance"	"holding the radiopharmaceutical as close to the eye as possible"	"using syringe shields"	"working behind an L-block"	"2"	"holding the radiopharmaceutical as close to the eye as possible"	"Christian and Waterstram-Rich, 2007; p. 204-205. Exposure to ionizing radiation can be reduced by three basic principles: (1) decrease the amount of time spent in the area of the radiation source; (2) increase the amount of distance between the radiation source and the person to be protected; and (3) use a shielding material that will attenuate radiation coming from the source. Working as quickly as possible and preparing all necessary materials in advance will decrease the amount of time spent near the radiation source, and using syringe shields will attenuate radiation coming from the source. Holding the radiopharmaceutical as close to the eye as possible does not follow the three basic tenets of radiation safety and will increase radiation exposure. The less time a person is around a radiation source, the lower the exposure; the more distance between a person and a radiation source, the lower the exposure; and the more shielding between a person and a radiation source, the lower the exposure."	"Source: Forshier, 2002; p. 147-148, and"	"Question photos/Questions/Exam 7/IMG_1189.jpeg"	"Question photos/Answers/Exam 7/IMG_1263.jpeg"	""	""	""
"exam7-087"	"7"	"87"	"Radiopharmaceuticals"	"Radiopharmaceuticals"	"concept"	"2"	"During the IV injection of unit doses, all of the following practices are standard aseptic technique except:"	"assembling the syringe and needle aseptically"	"using disposable equipment before its expiration date"	"aseptically cleaning the venipuncture site before injection with an alcohol swab"	"uncapping the needie immediately before the injection"	"wearing sterile gloves"	"4"	"wearing sterile gloves"	"Using disposable equipment before its expiration date, aseptically cleaning the venipuncture site before injection with an alcohol swab, and uncapping the needle immediately before injection are all standard aseptic technique practices. Wearing sterile gloves is not part of standard aseptic technique. Disposable gloves are used during venipuncture."	"Source: Adler and Carlton, 2007; p. 316."	"Question photos/Questions/Exam 7/IMG_1189.jpeg"	"Question photos/Answers/Exam 7/IMG_1263.jpeg"	""	""	""
"exam7-088"	"7"	"88"	"Instrumentation & QC"	"Dose Calibrator QC"	"protocol"	"3"	"The prescribed unit dose range for a radiopharmaceutical is 5-8 mCi. The unit dose is assayed in a dose calibrator is 19.2 mCi. Which of these actions is the best for the technologist to pursue?"	"Squirt excess dose into a waste bucket."	"Do not use the dose and call the radiopharmacy for a replacement dose."	"Question whether the right radiopharmaceutical has been prepared."	"Delay the radiopharmaceutical administration until the unit dose has decayed."	"Administer the unit dose to the patient."	"1"	"Do not use the dose and call the radiopharmacy for a replacement dose."	"Unless otherwise directed by the authorized user (AU), a licensee may not use a dosage if it does not fall within the prescribed range or if it differs from the prescribed dosage by greater than 20%."	"Source: Siegel, 2004; p. 50."	"Question photos/Questions/Exam 7/IMG_1189.jpeg"	"Question photos/Answers/Exam 7/IMG_1263.jpeg"	""	""	""
"exam7-089"	"7"	"89"	"Patient Care"	"Patient Care"	"concept"	"4"	"How many microcuries must be placed in each [123I] sodium iodide capsule to provide approximately 220 uCi at the time of calibration 29 hr after preparation (Decay Factor for 1 hr = 0.9488)?"	"264 uCi"	"704 uCi"	"1009 uCi"	"800 uCi"	"234 uCi"	"2"	"1009 uCi"	"The decay time is t = 29 hr. The decay factor for 1 hr is 0.9488, so the 29-hr decay factor is 0.9488^29. The pre-calibration factor is the reciprocal of that decay factor, approximately 4.59. The activity that must be placed in each [123I] sodium iodide capsule is 4.59 x 220 uCi = 1009 uCi."	"Source: Cherry, et al., 3rd ed.; p. 35."	"Question photos/Questions/Exam 7/IMG_1189.jpeg"	"Question photos/Answers/Exam 7/IMG_1263.jpeg"	""	""	""
"exam7-090"	"7"	"90"	"Radiopharmaceuticals"	"Radiopharmaceuticals"	"concept"	"5"	"Which of the following is not one of the factors that affect daily planning needs for a nuclear medicine department?"	"types of nuclear medicine procedures"	"unit dosages or dosage ranges for each procedure"	"time interval between radiopharmaceutical preparation and administration"	"percentage of ""no shows"" a department expects"	"number of each nuclear medicine procedure"	"3"	"percentage of ""no shows"" a department expects"	"Part of planning in a nuclear medicine facility includes the activities and forethought needed to maintain the appropriate amount of supplies and doses to accomplish the type and number of procedures done for the day. The time interval between radiopharmaceutical preparation and administration is also part of the forethought needed. The percentage of no-shows a department expects is not part of the daily planning because all the patients may come, and a facility has to be prepared."	"Source: Adler and Carlton, 2007; p. 68-69."	"Question photos/Questions/Exam 7/IMG_1189.jpeg"	"Question photos/Answers/Exam 7/IMG_1263.jpeg"	""	""	""
"exam7-091"	"7"	"91"	"Radiopharmaceuticals"	"Bone Imaging"	"concept"	"1"	"The following studies are ordered for the next day: 
total-body bone image, Meckel's diverticulum localization, renal and a hepatobiliary study. 

Which of the following radiopharmaceuticals is not needed?"	"[99mTc] mebrofenin (HIDA)"	"[99mTc] macroaggregated albumin"	"[99mTc] medronate (MDP)"	"[99mTc] pertechnetate"	"[99mTc] mertiatide (MAG3)"	"1"	"[99mTc] macroaggregated albumin"	"[99mTc] medronate (MDP) is used for total body bone imaging, [99mTc] pertechnetate (pertechnetate) is used to image Meckel's diverticulum localization, and [99mTc] mebrofenin (HIDA) is used for a hepatobiliary study. [99mTc] macroaggregated albumin (MAA) is used for lung perfusion scans and is not needed for the studies that will be performed c Taber's, 20th ed., F.A. Davis Company, 2005; p. 247. Bioavailability refers to the rate and extent of the strength to which an active drug or substance enters the general circulation."	"Source: Shackett, 2009; p. 28, 125, 148, 173."	"Question photos/Questions/Exam 7/IMG_1189.jpeg"	"Question photos/Answers/Exam 7/IMG_1263.jpeg"	""	""	""
"exam7-092"	"7"	"92"	"Clinical Procedures"	"Clinical Procedures"	"concept"	"2"	"Bioavailability refers to what, concerning pharmacology?"	"fraction of a drug that is delivered to body based on weight"	"fraction of a drug that is excreted from the body"	"fraction of a drug that reaches systemic circulation after a particular route of administration"	"fraction of a drug that reaches the kidney"	"fraction of a drug that reaches the heart"	"2"	"fraction of a drug that reaches systemic circulation after a particular route of administration"	"Bioavailability is the fraction of an administered drug that reaches systemic circulation after a particular route of administration."	"Source photo: IMG_1263.jpeg."	"Question photos/Questions/Exam 7/IMG_1189.jpeg"	"Question photos/Answers/Exam 7/IMG_1263.jpeg"	""	""	""
"exam7-093"	"7"	"93"	"Clinical Procedures"	"Clinical Procedures"	"concept"	"3"	"All IV contrast agents have a greater osmolality than plasma. The osmolality of plasma is _____ mOsm/kg:"	"75"	"435"	"285"	"525"	"755"	"2"	"285"	"Taber's, 20th ed., F.A. Davis Company, 2005; p. 1538. The osmolality of plasma has a narrow range of 275-295 m0sm/kg."	"Source photo: Answers/Exam 7/IMG_1263.jpeg."	"Question photos/Retake Photos/IMG_1356.jpeg"	"Question photos/Answers/Exam 7/IMG_1263.jpeg"	""	""	""
"exam7-094"	"7"	"94"	"Radiopharmaceuticals"	"Radiopharmaceuticals"	"concept"	"4"	"Which of the following is ""not"" a route of administration of a radiopharmaceutical?"	"inhalation"	"intravenous (IV)"	"intrathecal"	"oral"	"intramuscular"	"4"	"intramuscular"	"The route of administration for a lung ventilation study is through inhalation. Many nuclear medicine studies require an intravenous (IV) route of administration. Some examples include bone imaging, HIDA scans, and lung perfusion studies. Cisternography utilizes an intrathecal route of administration. Intraarterial is not a route of administration for a radiopharmaceutical."	"Source: Shackett, 2009; p. 28, 79, 125, 148, 160."	"Question photos/Questions/Exam 7/IMG_1189.jpeg"	"Question photos/Answers/Exam 7/IMG_1263.jpeg"	""	""	""
"exam7-095"	"7"	"95"	"Radiopharmaceuticals"	"Radiopharmaceuticals"	"concept"	"5"	"If a concentration equals 25 mCi/mL at 0700 but a dose of 30 mCi has to be drawn at 0200, what volume has to be drawn if the Decay Factor equals 1 hr = 0.985?"	"~1.11 mL"	"~1.52 mL"	"~0.77 mL"	"~0.52 mL"	"~0.75 mL"	"0"	"~1.11 mL"	"The decay factor for 1 hr is 0.985. The time is t = 5 hr. The concentration of activity in the vial is 1/0.9855 x 25 mCi/mL = 26.962 ml. The volume required for 30 mCi is 30 mCi divided by 26.962 mCi/ml = 1.11 mL."	"Source: Cherry, et al., 3rd ed.; pp. 34-35."	"Question photos/Questions/Exam 7/IMG_1189.jpeg"	"Question photos/Answers/Exam 7/IMG_1263.jpeg"	""	""	""
"exam7-096"	"7"	"96"	"Clinical Procedures"	"Clinical Procedures"	"concept"	"1"	"Which of the following is most characteristic of a neutron activation product produced from an (n, p) reaction?"	"decay by electron capture"	"can be made nearly carrier free"	"relatively low specific activity"	"more expensive than cyclotron products"	"cannot be added to preservative-free saline"	"1"	"can be made nearly carrier free"	"In an (n, p) reaction, the product nuclide is an isotope of a different element, which allows for the production of high-specific-activity, carrier-free radioisotopes."	"Source: Christian and Waterstram-Rich, 2007; p. 167."	"Question photos/Questions/Exam 7/IMG_1189.jpeg"	"Question photos/Answers/Exam 7/IMG_1263.jpeg"	""	""	""
"exam7-097"	"7"	"97"	"Radiation Safety"	"Generator / Eluate"	"protocol"	"2"	"Which of the following statements about the determination of aluminum contamination in 99mTc eluate is true?"	"The eluate sample is compared to a standard solution with an aluminum concentration of zero."	"The test for aluminum breakthrough needs to be performed only after the generator has been eluted 10-12 times."	"The USP states that the aluminum concentration in 99mTc eluate is not to exceed 15 ug/mL of eluate."	"An excessively increased aluminum concentration indicates that the elution volume exceeds the capacity of the generator."	"The USP states that the aluminum concentration in 99mTc eluate is not to exceed 10 ug/L of eluate."	"4"	"The USP states that the aluminum concentration in 99mTc eluate is not to exceed 10 ug/L of eluate."	"The USP 26 limit states that the limit for aluminum concentration in a 9m*Tc eluate is 10 pg/mL. for fission-produced 99Mo."	"Source: Saha, 2004; p. 75."	"Question photos/Questions/Exam 7/IMG_1191.jpeg"	"Question photos/Answers/Exam 7/IMG_1263.jpeg"	""	""	""
"exam7-098"	"7"	"98"	"Radiation Safety"	"Radiation Safety"	"concept"	"3"	"In practice, carrier-free specific activity means that:"	"No stable forms of the radioisotope are in the sample."	"The sample contains no chemical contaminants."	"All nuclei in the sample will always remain radioactive."	"Only stable forms of an isotope are present."	"It creates metal hydrogen."	"0"	"No stable forms of the radioisotope are in the sample."	"Carrier-free specific activity is when no stable forms of the radioisotope are in the sample. This is because no stable form of the radioisotope is expected to be in a sample."	"Source: Saha, 2004; p. 48, 90, 358."	"Question photos/Questions/Exam 7/IMG_1191.jpeg"	"Question photos/Answers/Exam 7/IMG_1263.jpeg"	""	""	""
"exam7-099"	"7"	"99"	"Image Production"	"SPECT"	"protocol"	"4"	"If no eluate appears in the collection vial during generator elution, the technologist should first:"	"attempt to eluate the generator with a different (new) collection vial"	"contact the manufacturer for advice"	"change the generator tubing"	"add more elution solvent to the column"	"inspect the column"	"0"	"attempt to eluate the generator with a different (new) collection vial"	"Attempt to elute the generator with a different (new) collection vial first to see if the evacuated vial was compromised."	"Source: Saha, 2004; p. 64-77."	"Question photos/Questions/Exam 7/IMG_1191.jpeg"	"Question photos/Answers/Exam 7/IMG_1264.jpeg"	""	""	""
"exam7-100"	"7"	"100"	"Clinical Procedures"	"Clinical Procedures"	"concept"	"5"	"A(n) _______ contrast material may be described as one that does not dissociate or divide into charged particles in solution."	"non-ionic"	"ionic"	"oral"	"osmolar"	"intravenous"	"0"	"non-ionic"	"A non-ionic contrast material may be described as one that does not dissociate or divide into charged particles in solution."	"Source: Adler and Carlton, 2007; p. 329."	"Question photos/Questions/Exam 7/IMG_1191.jpeg"	"Question photos/Answers/Exam 7/IMG_1264.jpeg"	""	""	""
"exam8-001"	"8"	"1"	"Patient Care"	"Patient Care"	"concept"	"1"	"Caffeine is contraindicated for which of the following interventional pharmacologic agents?"	"CCK"	"adenosine"	"insulin"	"furosemide"	"captopril"	"1"	"adenosine"	"Products that contain methylxanthine should be held at least 12 hours before administration of adenosine. Products that contain methylxanthine include caffeine, theophylline, and theobromine."	"Source: Waterstram-Rich and Gilmore, 2017; p. 499."	"Question photos/Questions/Exam 8/IMG_1192.jpeg"	"Question photos/Answers/Exam 8/IMG_1265.jpeg"	""	""	""
"exam8-002"	"8"	"2"	"Clinical Procedures"	"Clinical Procedures"	"concept"	"2"	"The recommended dosage of adenosine is:"	"140 mcg/kg/min"	"14 mcg/kg/min"	"1.4 mcg/kg/min"	"1,400 mcg/kg/min"	"14,000 mcg/kg/min"	"0"	"140 mcg/kg/min"	"Adenosine should be administered using an infusion pump and given at a rate of 140 pg/kg/min over the course of 6 minutes."	"Source: Waterstram-Rich and Gilmore, 2017; p. 499."	"Question photos/Questions/Exam 8/IMG_1192.jpeg"	"Question photos/Answers/Exam 8/IMG_1265.jpeg"	""	""	""
"exam8-003"	"8"	"3"	"Instrumentation & QC"	"Instrumentation & QC"	"protocol"	"3"	"An adult patient who has been administered adenosine starts to break out in hives and suddenly passes out, what is the first thing you should do?"	"Shake the person and shout, ""Are you okay?"""	"Call a code."	"Check for a pulse."	"Give 2 breaths."	"Give 30 chest compressions."	"0"	"Shake the person and shout, ""Are you okay?"""	"The technologist should activate the emergency response system. The first step in this situation for the healthcare provider is to verity victim unresponsiveness. This is usually done by the ""shake and shout"" approach."	"Source: Waterstram-Rich and Gilmore, 2017; p. 174."	"Question photos/Questions/Exam 8/IMG_1192.jpeg"	"Question photos/Answers/Exam 8/IMG_1265.jpeg"	""	""	""
"exam8-004"	"8"	"4"	"Radiopharmaceuticals"	"Generator / Eluate"	"concept"	"4"	"The process of eluting a dry 99Mo/99mTc generator relies on:"	"positive pressure"	"neutral pressure"	"negative pressure"	"electrical conductivity"	"magnetic resonance"	"2"	"negative pressure"	"placed on the collection port and draws saline from the saline charge over the column through negative pressure to produce the yield product."	"Source: Waterstram-Rich and Gilmore, 2017; p. 83. The dry column generator uses up to a 20 mL saline charge that is applied to the exterior of the generator system. An evacuated vial is"	"Question photos/Questions/Exam 8/IMG_1192.jpeg"	"Question photos/Answers/Exam 8/IMG_1265.jpeg"	""	""	""
"exam8-005"	"8"	"5"	"Radiopharmaceuticals"	"Generator / Eluate"	"concept"	"5"	"If the results of a 99Mo/99mTc generator Moly breakthrough test are 1.2 Ci of 99mTc and 25 uCi of 99Mo, what is the approximate ratio of 99Mo to 99mTc for a Moly breakthrough determination?"	"0.02"	"48"	"20.8"	"0.048"	"50"	"0"	"0.02"	"Mo/Tc = 25 uCi 99Mo / mCi 99mTc 0.025 uCi 99Mo/1.2 Ci 99mTc = 0.02"	"Source: Bolus and Brady, 2011; p. 27."	"Question photos/Questions/Exam 8/IMG_1192.jpeg"	"Question photos/Answers/Exam 8/IMG_1265.jpeg"	""	""	""
"exam8-006"	"8"	"6"	"Radiopharmaceuticals"	"Generator / Eluate"	"concept"	"1"	"The USP has set the aluminum breakthrough for a 99Mo/99mTc generator at or below what amount?"	"10 ug/mL"	"100 ug/mL"	"10 ug/uL"	"100 ug/uL"	"0.15 ug/uL"	"0"	"10 ug/mL"	"The U.S. Pharmacopeia has set the concentration limit for Al3+ to be no greater than 10 pg/mL of the eluate."	"Source: Bolus and Brady, 2011; p. 27."	"Question photos/Questions/Exam 8/IMG_1192.jpeg"	"Question photos/Answers/Exam 8/IMG_1265.jpeg"	""	""	""
"exam8-007"	"8"	"7"	"Radiopharmaceuticals"	"Radiopharmaceuticals"	"concept"	"2"	"What is the approximate dose range for a [99mTc] sulfur colloid gastric emptying study?"	"1-5 mCi"	"1-5 uCi"	"2 uCi-200 uCi"	"500 uCi-1 mCi"	"10-15 mCi"	"3"	"500 uCi-1 mCi"	"Part of the standard meal given to the patient for the gastric emptying study is the mixture of 500 uCi to 1 mCi of 99mTc sulfur colloid with liquid egg whites."	"Source: Waterstram-Rich and Gilmore, 2017; p. 535."	"Question photos/Questions/Exam 8/IMG_1193.jpeg"	"Question photos/Answers/Exam 8/IMG_1265.jpeg"	""	""	""
"exam8-008"	"8"	"8"	"Radiation Safety"	"Bone Imaging"	"image-interpretation"	"4"	"When performing a 3-phase bone scan, when should imaging begin?"	"immediately upon injection"	"2 hours post-injection"	"10 minutes post-injection"	"24 hours post-injection"	"There are no imaging requirements for a 3-phase bone scan."	"0"	"immediately upon injection"	"The radiopharmaceutical should be administered via bolus injection. Dynamic images of the blood flow are acquired immediately upon injection and continuing for at least 1 minute after."	"Source: Bolus and Brady, 2011; p. 142."	"Question photos/Questions/Exam 8/IMG_1193.jpeg"	"Question photos/Answers/Exam 8/IMG_1265.jpeg"	""	""	""
"exam8-009"	"8"	"9"	"Radiopharmaceuticals"	"MAA / Pulmonary Perfusion"	"concept"	"4"	"The color and clarity of which of the following radiopharmaceuticals would be expected to be turbid and white?"	"99mTc-MDP"	"99mTc-HIDA"	"99mTc-MAA"	"99mTc-SC"	"99mTc-HMPAO"	"2"	"99mTc-MAA"	"The normal color and clarity of reconstituted 99mTc-MAA is turbid and white in appearance."	"Source: Kowalsky and Falen, 2004; p. 425."	"Question photos/Questions/Exam 8/IMG_1193.jpeg"	"Question photos/Answers/Exam 8/IMG_1265.jpeg"	""	""	""
"exam8-010"	"8"	"10"	"Radiopharmaceuticals"	"Radiopharmaceuticals"	"concept"	"5"	"If the bound radiochemical purity % is 92% and the hydrolyzed % is 3.2%, what amount of free 99mTc is in the product?"	"92%"	"3.2%"	"4.8%"	"2.3%"	"8.1%"	"2"	"4.8%"	"100% - 92% radiochemical purity - 3.2% hydrolyzed product = 4.8% free 99mTc"	"Source: Bolus and Brady, 2011; p. 29."	"Question photos/Retake Photos/IMG_1357.jpeg"	"Question photos/Answers/Exam 8/IMG_1265.jpeg"	""	""	""
"exam8-011"	"8"	"11"	"Radiopharmaceuticals"	"Generator / Eluate"	"concept"	"1"	"A radiopharmaceutical kit has to be reconstituted at 0800. Given the following information, what approximate amount of 99mTc-TcO4 and saline would be needed to make up the kit? 
99Mo/99mTc generator eluate: 850 mCi in 20 mL at 0600.
Preservative-free saline: 50 mL available.
Package insert kit preparation information: 8 mL kit with 65 mCi of 99mTc needed at reconstitution."	"2 mL eluate and 6 mL saline"	"6 mL eluate and 2 mL saline"	"1.5 mL eluate and 6.5 mL saline"	"6.5 mL eluate and 1.5 mL saline"	"1.7 mL eluate and 6.3 mL saline"	"0"	"2 mL eluate and 6 mL saline"	"850 mCi 99mTc / 20 mL saline = 42.5 mCi/mL at 0600. Decay-correct for 2 hours for 99mTc: decay factor = 0.5^(2 hr/6 hr). A = 42.5 mCi/mL x 0.5^(2/6) = 33.73 mCi/mL at 0800. 65 mCi 99mTc needed at 0800 / 33.73 mCi/mL at 0800 = approximately 2 mL of 99mTcO4-. Total volume needed = 8 mL. Therefore, 8 mL - 2 mL = 6 mL saline needed."	"Source: Bolus and Brady, 2011; p. 28."	"Question photos/Retake Photos/IMG_1357.jpeg"	"Question photos/Answers/Exam 8/IMG_1265.jpeg"	""	""	""
"exam8-012"	"8"	"12"	"Radiopharmaceuticals"	"Radiopharmaceuticals"	"concept"	"2"	"A patient dose is needed at 1300. Based on the information provided below, what approximate volume would be needed for this 99mTc-based product? 

Radiopharmaceutical kit: 150 mCi in 6 mL at 0900 
Dose needed at 1300 is 25 mCi."	"2.6 mL"	"1.0 mL"	"0.63 mL"	"1.6 mL"	"0.4 mL"	"3"	"1.6 mL"	"150 mCi 99mTc / 6 mL saline = 25 mCi/mL at 0900. Decay-correct for 4 hours for 99mTc: A = 25 mCi/mL x 0.5^(4 hr/6 hr) = 15.7 mCi/mL at 1300. 25 mCi needed at 1300 / 15.7 mCi/mL at 1300 = approximately 1.6 mL of 99mTc."	"Source: Bolus and Brady, 2011; p. 26."	"Question photos/Questions/Exam 8/IMG_1193.jpeg"	"Question photos/Answers/Exam 8/IMG_1265.jpeg"	""	""	""
"exam8-013"	"8"	"13"	"Radiation Safety"	"Radiation Safety"	"concept"	"3"	"For a 90Y ibritumomab tiuxetan monoclonal antibody therapy, the prescribed dose is 25.6 mCi, according to NRC and CFR regulations what would be the approximate dose range for this radioimmunotherapy?"	"20.5-30.7 mCi"	"23.2-28.4 mCi"	"no more than 32 mCi"	"no less than 15 mCi"	"0-32 mCi"	"0"	"20.5-30.7 mCi"	"U.S. Nuclear Regulatory Commission, 2015 (10 CFR 35.3045). Therapeutic dose should not differ from 20% of prescribed dose."	"Source photo: Answers/Exam 8/IMG_1265.jpeg."	"Question photos/Questions/Exam 8/IMG_1193.jpeg"	"Question photos/Answers/Exam 8/IMG_1265.jpeg"	""	""	""
"exam8-014"	"8"	"14"	"Clinical Procedures"	"Clinical Procedures"	"concept"	"4"	"When using 51Cr for red blood cell labeling, what mechanism binds 80-95% of the chromate ion after 30 minutes of incubation?"	"liver to splenic involvement traps annealed red blood cells"	"compartmentalization of hemoglobin ion chain"	"active transport through blood-brain barrier"	"chromate ion is transported across red cell membrane and binds to alpha chain of hemoglobin molecule"	"chromate ion is transported across red cell membrane and binds to beta chain of hemoglobin molecule"	"4"	"chromate ion is transported across red cell membrane and binds to beta chain of hemoglobin molecule"	"When labeling RBCs with ""Cr ascorbic acid, approximately 80% to 95% of the chromate ion is promptly transported across the RBC membrane and binds to the beta chain of the hemoglobin molecule."	"Source: Waterstram-Rich and Gilmore, 2017 p. 623."	"Question photos/Questions/Exam 8/IMG_1193.jpeg"	"Question photos/Answers/Exam 8/IMG_1266.jpeg"	""	""	""
"exam8-015"	"8"	"15"	"Clinical Procedures"	"Clinical Procedures"	"concept"	"5"	"To determine plasma volume using 125I human serum albumin, one technique is to collect three 10 mL heparinized blood samples at what time intervals post-injection?"	"1, 3, and 5 minutes"	"5, 10, and 15 minutes"	"10, 20, and 30 minutes"	"20, 30, and 40 minutes"	"30, 60, and 90 minutes"	"2"	"10, 20, and 30 minutes"	"Three 10 ml heparinized blood samples are collected at exactly 10, 20, and 30 minutes after injection from a venous site other than the injection site."	"Source: Bolus and Brady, 2011; p. 156."	"Question photos/Questions/Exam 8/IMG_1193.jpeg"	"Question photos/Answers/Exam 8/IMG_1266.jpeg"	""	""	""
"exam8-016"	"8"	"16"	"Clinical Procedures"	"Thyroid Imaging"	"image-interpretation"	"3"	"If the clinical indication for a study was evaluation of an abnormal thyroid serum laboratory result, the proper nuclear medicine procedure would be a:"	"pancreatic scan"	"thyroid uptake"	"pituitary scan"	"liver uptake with GFR determination"	"GBEF"	"1"	"thyroid uptake"	"Thyroid iodine uptake (24-hour iodine uptake) is a frequently requested nuclear medicine procedure to assess or confirm thyroid function particularly in patients suspected of having hyperthyroidism based on either symptoms or confirmatory laboratory tests, especially suppressed TSH. Elevated levels of TSH are suggestive of hypothyroidism."	"Source: Waterstram-Rich and Gilmore, 2017; p. 441."	"Question photos/Questions/Exam 8/IMG_1193.jpeg"	"Question photos/Answers/Exam 8/IMG_1266.jpeg"	""	""	""
"exam8-017"	"8"	"17"	"Radiopharmaceuticals"	"Radiopharmaceuticals"	"concept"	"2"	"The SNMMI Pediatric Tool Kit recommended dosage of 18F FDG for brain imaging in pediatric patients is 0.10 mCi/kg. If a pediatric patient weighs 45 lbs, What approximate dose should the patient recieve?"	"20 mCi"	"2.0 mCi"	"4.5 mCi"	"45 mCi"	"0.20 mCi"	"1"	"2.0 mCi"	"Source: SNMMI Pediatric Tool Kit, 2017. 45 lbs / 2.2 lbs/kg = 20.45 kg 20.45 kg x 0.1 mCi = approximately 2.0 mCi [18F]FDG"	"Source: SNMMI Pediatric Tool Kit, 2017. 45 lbs / 2.2 lbs/kg = 20.45 kg 20.45 kg x 0.1 mCi = approximately 2.0 mCi [18F]FDG"	"Question photos/Questions/Exam 8/IMG_1194.jpeg"	"Question photos/Answers/Exam 8/IMG_1266.jpeg"	""	""	""
"exam8-018"	"8"	"18"	"Radiopharmaceuticals"	"Renal Imaging"	"concept"	"3"	"An adjunctive medication of furosemide is needed for a renal study. The prescribed dosage is 0.1 mg/kg as a bolus injection. If the dose is supplied as 25 mg/ml and the patient weighs 377 lbs, what approximate volume is needed for the patient dose?"	"0.69 mL"	"6.8 mL"	"1.5 mL"	"0.15 mL"	"4.2 mL"	"0"	"0.69 mL"	"377 lbs/2.2 lbs/kg = 171.36 kg 171.36 kg x 0.1 mg/kg = 17136 mg needed 17.136 mg needed/25 mg/ml = 0.69 mL needed"	"Source: Waterstram-Rich and Gilmore, 2017; p. 564."	"Question photos/Questions/Exam 8/IMG_1194.jpeg"	"Question photos/Answers/Exam 8/IMG_1266.jpeg"	""	""	""
"exam8-019"	"8"	"19"	"Radiopharmaceuticals"	"MAA / Pulmonary Perfusion"	"concept"	"4"	"What is a radiopharmaceutical that can be used for a brain perfusion study?"	"[111In] WBCs"	"[99mTc] RBCs"	"[99mTc] MAA"	"[99mTc] sulfur colloid"	"[99mTc] bicisate (ECD)"	"4"	"[99mTc] bicisate (ECD)"	"The two primary radiopharmaceuticals used for brain perfusion imaging are 99mTc-exametazime (HMPAO) and 99mTc-bicisat (ECD)."	"Source: Bolus and Brady, 2011; p. 96."	"Question photos/Questions/Exam 8/IMG_1194.jpeg"	"Question photos/Answers/Exam 8/IMG_1266.jpeg"	""	""	""
"exam8-020"	"8"	"20"	"Radiopharmaceuticals"	"Bone Imaging"	"concept"	"5"	"Which of the following radiopharmaceuticals would be used for a bone marrow evaluation?"	"[111In] WBCs"	"[99mTc] RBCs"	"[99mTc] MAA"	"[99mTc] sulfur colloid"	"[99mTc] bicisate (ECD)"	"3"	"[99mTc] sulfur colloid"	"The radiopharmaceutical used for evaluation of bone marrow is 99mTc-sulfur colloid. Filtered or unfiltered sulfur colloid can be used."	"Source: Shackett, 2009; p. 23."	"Question photos/Questions/Exam 8/IMG_1194.jpeg"	"Question photos/Answers/Exam 8/IMG_1266.jpeg"	""	""	""
"exam8-021"	"8"	"21"	"Clinical Procedures"	"Bone Imaging"	"concept"	"1"	"As osteoclastic activity increases in relationship to osteoblastic activity, bone deposition:"	"increases"	"decreases"	"stays constant"	"forms new osteoclasts"	"forms new osteoblasts"	"1"	"decreases"	"Osteoblasts are associated with bone growth, and osteoclasts are associated with absorption and removal of bone. Bone has a constant cycle of absorption and growth."	"Source: Waterstram-Rich and Gilmore, 2017; p. 579."	"Question photos/Questions/Exam 8/IMG_1194.jpeg"	"Question photos/Answers/Exam 8/IMG_1266.jpeg"	""	""	""
"exam8-022"	"8"	"22"	"Clinical Procedures"	"Bone Imaging"	"concept"	"2"	"Hydroxyapatite salts of the bone consist of:"	"stannous pyrophosphate"	"calcium, strontium, phosphorus"	"phosphorus and hydroxide"	"calcium phosphate and calcium carbonate"	"phosphoric calcium and methyl hydroxide"	"3"	"calcium phosphate and calcium carbonate"	"The bone salt material (inorganic matter) has the crystalline form of an apatite and is composed of the following ions: calcium, phosphate, hydroxyl, carbonate, and citrate."	"Source: Waterstram-Rich and Gilmore, 2017; p. 579. "	"Question photos/Questions/Exam 8/IMG_1194.jpeg"	"Question photos/Answers/Exam 8/IMG_1266.jpeg"	""	""	""
"exam8-023"	"8"	"23"	"Radiopharmaceuticals"	"Bone Imaging"	"image-interpretation"	"4"	"A 49-year-old female patient receives 25 mCi of 99mTc-MDP for a bone scan. The organ receiving the greatest radiation dose from this injection is:"	"bones"	"kidneys"	"bone marrow"	"bladder"	"liver"	"3"	"bladder"	"The bladder wall receives the most radiation dose with the bladder wall--approximately 2.6 rads/20 mCi at 2 hours."	"Source: Pharmalucence, Inc. MDP Package Insert, 2008."	"Question photos/Questions/Exam 8/IMG_1194.jpeg"	"Question photos/Answers/Exam 8/IMG_1266.jpeg"	""	""	""
"exam8-024"	"8"	"24"	"Radiation Safety"	"Bone Imaging"	"concept"	"4"	"Bone cancers, bone metastases, and other bone disorders produce extremely high levels of ______ in the blood."	"lactic dehydrogenase"	"alkaline phosphatase"	"amylase"	"creatinine kinase"	"calcium"	"1"	"alkaline phosphatase"	"Bone cancers, bone metastases, and several other bone disorders may produce elevated alkaline phosphatase levels."	"Source: Ziessman, O'Malley, Thrall, and Fahey, 2014; p. 103."	"Question photos/Questions/Exam 8/IMG_1194.jpeg"	"Question photos/Answers/Exam 8/IMG_1266.jpeg"	""	""	""
"exam8-025"	"8"	"25"	"Clinical Procedures"	"Bone Imaging"	"image-interpretation"	"3"	"Normal renal function can be indicated on a bone scan by:"	"equal kidney activity that is less than bone activity"	"equal kidney activity that is significantly more intense than bone activity"	"absence of kidney activity"	"absence of bladder activity"	"absence of kidney and bladder activity"	"0"	"equal kidney activity that is less than bone activity"	"99mTc-MDP or 99mTc-HMDP are excreted via the urinary system and visualization of the kidneys is common. This activity is variable but is usually less than the surrounding bone activity. Kidney disease is associated with pronounced asymmetry of renal activity."	"Source: Waterstram-Rich and Gilmore, 2017; p. 588."	"Question photos/Questions/Exam 8/IMG_1194.jpeg"	"Question photos/Answers/Exam 8/IMG_1266.jpeg"	""	""	""
"exam8-026"	"8"	"26"	"Radiation Safety"	"Lung Imaging"	"concept"	"1"	"Visible rib lesions that are arranged in a linear fashion are generally indicative of:"	"rib metastases"	"rib trauma"	"inflammation of the lungs"	"contamination"	"lung infiltrates"	"1"	"rib trauma"	"Rib fractures almost always show intense activity and can often be recognized by their location in consecutive ribs."	"Source: Mettler and Guiberteau, 2012; p. 292."	"Question photos/Questions/Exam 8/IMG_1194.jpeg"	"Question photos/Answers/Exam 8/IMG_1266.jpeg"	""	""	""
"exam8-027"	"8"	"27"	"Instrumentation & QC"	"Instrumentation & QC"	"image-interpretation"	"5"	"Which of the following is the device used to convert scintillation light into an electric signal in a CT scanner?"	"photomultiplier tube"	"analog to digital converter"	"Xenon chamber"	"photodiode"	"cathode"	"3"	"photodiode"	"Scintillation detectors use solid-state photodiodes to play the role of the photomultiplier tube (PMT) in Gamma Cameras. Photodiodes absorb the scintillations given off by the crystal and, in response, they emit an electric signal."	"Source: Prekeges, 2013; p. 256."	"Question photos/Questions/Exam 8/IMG_1194.jpeg"	"Question photos/Answers/Exam 8/IMG_1266.jpeg"	""	""	""
"exam8-028"	"8"	"28"	"Clinical Procedures"	"Bone Imaging"	"image-interpretation"	"3"	"A bone scan of a 60-year-old female demonstrates a diffuse pattern of intensely increased activity in the skull, proximal femurs, and one side of the pelvis. This appearance is typical of what disease process?"	"Ewing's sarcoma"	"multiple myeloma"	"Legg-Perthe's disease"	"renal failure"	"Paget's disease"	"4"	"Paget's disease"	"Paget's disease is characterized by marked increase in skeletal uptake. Most-common areas are pelvis, spine, skull, femur, scapula, tibia, and humerus."	"Ziessman, O'Malley, Thrall, and Fahey, 2014; p. 112. "	"Question photos/Questions/Exam 8/IMG_1194.jpeg"	"Question photos/Answers/Exam 8/IMG_1266.jpeg"	""	""	""
"exam8-029"	"8"	"29"	"Clinical Procedures"	"Clinical Procedures"	"concept"	"4"	"What portion of the ECG wave represents the depolarization of the ventricles?"	"P-wave"	"T-wave"	"U-wave"	"QRS complex"	"ST segment"	"3"	"QRS complex"	"The QRS complex indicates depolarization of the ventricles."	"Source: Bolus and Brady, 2011; p. 78."	"Question photos/Questions/Exam 8/IMG_1195.jpeg"	"Question photos/Answers/Exam 8/IMG_1266.jpeg"	""	""	""
"exam8-030"	"8"	"30"	"Patient Care"	"Patient Care"	"concept"	"5"	"Dipyridamole is supplied to a nuclear medicine department in 10 mL vials, each containing 50 mg. If a patient weighs 155 pounds, how many mL must be injected for the patient to receive 0.56 mg/kg?"	"7.9 mL"	"8.7 mL"	"17.4 mL"	"39.5 mL"	"5.3 mL"	"0"	"7.9 mL"	"155 lbs/2.2 lbs/kg = 70.45 kg 70.45 kg x 0.56 mg/kg = 39.45 mg needed 50 mg/10 mL = 5 mg/mL 39.45 mg needed/5 mg/mL = approximately 79 mL needed"	"Source: Bolus and Brady, 2011; p. 81."	"Question photos/Questions/Exam 8/IMG_1195.jpeg"	"Question photos/Answers/Exam 8/IMG_1266.jpeg"	""	""	""
"exam8-031"	"8"	"31"	"Patient Care"	"Patient Care"	"image-interpretation"	"3"	"A patient has an enlarged left atrium. When drawing an ROI for calculation of LVEF after radionuclide ventriulography, the technologist includes some activity from the left atrium. The resulting ejection fraction would:"	"be unchanged"	"be falsely elevated"	"be falsely lowered"	"show akinesias"	"show paradoxical wall motion"	"2"	"be falsely lowered"	"Journal of Nuclear Cardiology, ASNC Imaging Guidelines for Nuclear Cardiology Procedures; p. 20. Non-superimposed but adjacent extracardiac activity may also cause a negative reconstruction artifact, resulting in an apparent reduction in activity in the adjacent myocardial segment."	"Source photo: Answers/Exam 8/IMG_1266.jpeg."	"Question photos/Questions/Exam 8/IMG_1195.jpeg"	"Question photos/Answers/Exam 8/IMG_1266.jpeg"	""	""	""
"exam8-032"	"8"	"32"	"Instrumentation & QC"	"Instrumentation & QC"	"concept"	"2"	"Which of the following is the most likely cause of false anterior or lateral wall defects on myocardial perfusion imaging?"	"center of rotation error"	"respiratory motion"	"too few projections"	"attenuation by breast tissue or implant"	"multiple pulmonary emboli"	"3"	"attenuation by breast tissue or implant"	"The combination of prone and supine imaging is useful in distinguishing inferior wall defects from diaphragmatic attenuation, anterior wall defects from breast attenuation, and lateral wall defects from attenuation caused by excessive lateral wall fat."	"Source: Waterstram-Rich and Gilmore, 2017; p. 501."	"Question photos/Retake Photos/IMG_1358.jpeg"	"Question photos/Answers/Exam 8/IMG_1267.jpeg"	""	""	""
"exam8-033"	"8"	"33"	"Radiopharmaceuticals"	"Radiopharmaceuticals"	"calculation"	"5"	"Why is it necessary to inject two doses of 99mTc-sestamibi for a myocardial perfusion study, including both stress and rest conditions?"	"The physical half-life of 99mTc is too short to obtain both image sets from one injection."	"The effective half-life of 99mTc is too short to obtain both image sets from one injection."	"There is no redistribution of 99mTc-sestamibi within the myocardium."	"Sestamibi is not retained by the myocardium for a sufficient amount of time."	"Images would be degraded on stress images after exercise."	"2"	"There is no redistribution of 99mTc-sestamibi within the myocardium."	"Like [201Tl] thallous chloride, 99mTc-sestamibi is taken up by the myocardium in proportion to blood flow. Unlike [201Tl] thallous chloride, they passively diffuse across the cell membrane, bind to mitochondria, and exhibit limited redistribution. Because of the limited redistribution, one-day protocols require a low-dose/high-dose, two-injection procedure."	"Source: Kowalsky and Falen, 2004; p. 549."	"Question photos/Questions/Exam 8/IMG_1195.jpeg"	"Question photos/Answers/Exam 8/IMG_1267.jpeg"	""	""	""
"exam8-034"	"8"	"34"	"Radiopharmaceuticals"	"Radiopharmaceuticals"	"protocol"	"4"	"When performing a dual-isotope myocardial perfusion rest/stress study, which isotope should be injected first?"	"201Tl"	"99mTc"	"18F"	"It does not matter which is injected first, as long as the patient is fasting."	"11C"	"0"	"201Tl"	"3-4 mCi (11-148 MBq) of [201Tl] thallous chloride is administered at rest and images are obtained about 15 minutes later. About 30 minutes after the rest images are completed, the stress portion of the exam—either via treadmill or pharmacologically—is performed with 25-30 mCi of the 99mTc agent."	"Source: Kowalsky and Falen, 2004; p. 549."	"Question photos/Questions/Exam 8/IMG_1195.jpeg"	"Question photos/Answers/Exam 8/IMG_1267.jpeg"	""	""	""
"exam8-035"	"8"	"35"	"Clinical Procedures"	"Cardiac Imaging"	"concept"	"5"	"Persistent pulmonary activity and poor visualization of the left side of the heart represent ____________ during a first pass evaluation."	"a ventricular aneurysm"	"a left-to-right intracardiac shunt"	"a right-to-left intracardiac shunt"	"a pulmonary embolism"	"primary pulmonary hypertension"	"1"	"a left-to-right intracardiac shunt"	"Persistent pulmonary activity and poor visualization of the left side of the heart represent a left-to-right intracardiac shunt during a first-pass evaluation."	"Source: Bolus and Brady, 2011; p. 180."	"Question photos/Questions/Exam 8/IMG_1195.jpeg"	"Question photos/Answers/Exam 8/IMG_1267.jpeg"	""	""	""
"exam8-036"	"8"	"36"	"Clinical Procedures"	"Renal Imaging"	"image-interpretation"	"5"	"Captopril renal scans are commonly ordered to evaluate:"	"renal failure"	"renal hypotension"	"renal hypertension"	"GFR"	"ERPF"	"2"	"renal hypertension"	"The use of captopril has an effect on the renogram in patients with unilateral renovascular hypertension. The precaptopril renogram shows normal time course of activity in the right and left kidneys. In the post-captopril renogram, the kidney affected by renal artery stenosis is greatly diminished because of the reduced filtration pressure induced by captopril's inhibition of angiotensin Il production."	"Source: Kowalsky and Falen, 2004; p. 648-651."	"Question photos/Questions/Exam 8/IMG_1195.jpeg"	"Question photos/Answers/Exam 8/IMG_1267.jpeg"	""	""	""
"exam8-037"	"8"	"37"	"Patient Care"	"Renal Imaging"	"image-interpretation"	"3"	"The appearance of a renal cyst on a radionuclide scan would most likely:"	"be more perfused than the surrounding kidney"	"be photopenic, compared to surrounding kidney"	"cause the surrounding kidney to take up more tracer than the other kidney"	"be about the same activity as the surrounding kidney"	"vary greatly depending on patient weight"	"1"	"be photopenic, compared to surrounding kidney"	"Masses not representing renal parenchyma, such as neoplasms, abscesses, cysts, hematomas, or infarcts, present as photopenic lesions in the renal parenchyma."	"Source: Mettler and Guiberteau, 2012; p. 337."	"Question photos/Questions/Exam 8/IMG_1195.jpeg"	"Question photos/Answers/Exam 8/IMG_1267.jpeg"	""	""	""
"exam8-038"	"8"	"38"	"Instrumentation & QC"	"Collimators"	"image-interpretation"	"4"	"Which of the following is used to minimize scatter radiation from tissues beyond the relevant anatomical slice in a CT scanner?"	"bow-tie filter"	"analog to digital converter (adc)"	"grid"	"rotating target"	"collimator"	"4"	"collimator"	"Pre-patient collimators define and shape the beam according to the procedure by physically restricting the x-ray beam to the selected slice thickness. This protects the patient from excess radiation and minimizes scatter radiation from tissues beyond the relevant anatomical slice., 2 in"	"Source: Waterstram-Rich & Gilmore, 2017; pp. 307-308."	"Question photos/Questions/Exam 8/IMG_1195.jpeg"	"Question photos/Answers/Exam 8/IMG_1267.jpeg"	""	""	""
"exam8-039"	"8"	"39"	"Image Production"	"Renal Imaging"	"concept"	"4"	"All of the following are necessary for an effective renal plasma flow camera method calculation, except:"	"pre-injection syringe counts"	"post-injection syringe counts"	"patient height"	"patient weight"	"blood draw of at least 1 cc"	"4"	"blood draw of at least 1 cc"	"Camera-based calculations of effective renal plasma flow are not as accurate but require pre- and post-injection syringe counting, imaging, and patient height and weight. No blood draw or urine collection is required."	"Ziessman, O'Malley, Thrall, and Fahey, 2014; p. 194. "	"Question photos/Questions/Exam 8/IMG_1195.jpeg"	"Question photos/Answers/Exam 8/IMG_1267.jpeg"	""	""	""
"exam8-040"	"8"	"40"	"Clinical Procedures"	"Lung Imaging"	"concept"	"5"	"Pulmonary blood flow in a person sitting in an upright position will be?"	"more abundant in the base of the lungs"	"more abundant in the apex of the lungs lungs"	"more abundant posteriorly than anteriorly throughout the lungs"	"more abundant anteriorly than posteriorly throughout the lungs"	"uniformly distributed throughout the lungs"	"0"	"more abundant in the base of the lungs"	"In a normal, upright patient, both ventilation and perfusion increase progressively from the lung apex to the bases. This gradient is more pronounced for perfusion. This is why MAA injections are performed with the patient supine."	"Source: Mettler and Guiberteau, 2012; p. 197."	"Question photos/Questions/Exam 8/IMG_1196.jpeg"	"Question photos/Answers/Exam 8/IMG_1267.jpeg"	""	""	""
"exam8-041"	"8"	"41"	"Radiopharmaceuticals"	"MAA / Pulmonary Perfusion"	"image-interpretation"	"4"	"In the absence of a ventilation scan, a segmental or lobar perfusion defect seen on [99mTc] MAA perfusion scintigraphy would be _________ in the diagnosis of pulmonary embolism."	"both sensitive and specific"	"sensitive, but not specific"	"specific, but not sensitive"	"non-sensitive, and non-specific"	"uninterpretable"	"1"	"sensitive, but not specific"	"Performing both ventilation and perfusion examinations on the same patient at the same time permits the physician to determine whether perfusion defects are associated with ventilation defects, which may increase the specificity of the findings."	"Source: Bolus and Brady, 2011; p. 138."	"Question photos/Questions/Exam 8/IMG_1196.jpeg"	"Question photos/Answers/Exam 8/IMG_1267.jpeg"	""	""	""
"exam8-042"	"8"	"42"	"Instrumentation & QC"	"Lung Imaging"	"concept"	"2"	"Prolonged retention of 133Xe in regions of the lung corresponds to:"	"obstructive lung disease"	"reduced trapping of particles in the lungs"	"pulmonary emboli"	"left-to-right shunt"	"right-to-left shunt"	"0"	"obstructive lung disease"	"COPD and emphysema present as inhomogeneous wash-in, patchy equilibrium, and areas of trapping delaying wash-out (especially lower lobes)."	"Source: Shackett, 2009; p. 162."	"Question photos/Questions/Exam 8/IMG_1196.jpeg"	"Question photos/Answers/Exam 8/IMG_1267.jpeg"	""	""	""
"exam8-043"	"8"	"43"	"Radiopharmaceuticals"	"Radiopharmaceuticals"	"image-interpretation"	"3"	"The nuclear medicine technologist notices the appearance of esophagus and stomach on a DTPA aerosol ventilation scan. The most appropriate response is to:"	"Prepare a new kit of DTPA and re-administer to the patient."	"Check the particle size of the aerosol."	"Continue the scan; this is a typical finding."	"Change the tubing and check the nebulizer for cracks."	"Have the patient hold their breath during re-administration of the dose."	"2"	"Continue the scan; this is a typical finding."	"A DTPA study may have activity in the esophagus and in the stomach due to swallowing."	"Source: Shackett, 2009; p. 163."	"Question photos/Questions/Exam 8/IMG_1196.jpeg"	"Question photos/Answers/Exam 8/IMG_1267.jpeg"	""	""	""
"exam8-044"	"8"	"44"	"Clinical Procedures"	"Thyroid Imaging"	"concept"	"4"	"Which of the following would most likely result in a decreased thyroid uptake value?"	"Grave's disease"	"autoimmune thyroiditis"	"toxic nodular goiter"	"TSH secretion"	"nontoxic goiter"	"1"	"autoimmune thyroiditis"	"One factor affecting decreased thyroid uptake is subacute or autoimmune thyroiditis."	"Source: Mettler and Guiberteau, 2012; p. 103."	"Question photos/Questions/Exam 8/IMG_1196.jpeg"	"Question photos/Answers/Exam 8/IMG_1267.jpeg"	""	""	""
"exam8-045"	"8"	"45"	"Radiopharmaceuticals"	"Thyroid Imaging"	"concept"	"5"	"All of the following sites in the body are known to concentrate pertechnetate to a level greater than that of plasma, except:"	"salivary glands"	"gastric mucosa"	"choroid plexus"	"thymus gland"	"thyroid gland"	"3"	"thymus gland"	"The biodistribution of 99mTc-pertechnetate is similar to the iodide anion, with uptake in the thyroid, salivary glands, gastric mucosa, and choroid plexus."	"Source: Waterstram-Rich and Gilmore, 2017; p. 84."	"Question photos/Questions/Exam 8/IMG_1196.jpeg"	"Question photos/Answers/Exam 8/IMG_1267.jpeg"	""	""	""
"exam8-046"	"8"	"46"	"Radiopharmaceuticals"	"Thyroid Imaging"	"concept"	"1"	"All of the following substances could falsely decrease the radioactive iodine uptake value, except:"	"perchlorate"	"iodinated x-ray contrast media"	"thyroid replacement therapy"	"consumption of kelp and turnips"	"acetaminophen"	"4"	"acetaminophen"	"Thyroid iodine uptake is falsely low when patients have increased their dietary iodine, have taken supplements or medication containing iodine, or have recently undergone x-ray studies with iodinated contrast material."	"Source: Waterstram-Rich and Gilmore, 2017; p. 442."	"Question photos/Questions/Exam 8/IMG_1196.jpeg"	"Question photos/Answers/Exam 8/IMG_1267.jpeg"	""	""	""
"exam8-047"	"8"	"47"	"Radiopharmaceuticals"	"Thyroid Imaging"	"image-interpretation"	"4"	"Patients being treated for thyroid disorders with exogenous T3 or Synthroid should have those medications discontinued for at least ____________ before obtaining a radioiodine uptake and scan."	"3-5 days"	"1 week"	"3 weeks"	"1-2 months"	"6-8 months"	"2"	"3 weeks"	"Patients taking triiodothyronine (Synthroid) should discontinue the medication 2-3 weeks before undergoing a thyroid uptake and scan."	"Source: Bolus and Brady, 2009; p. 108."	"Question photos/Questions/Exam 8/IMG_1196.jpeg"	"Question photos/Answers/Exam 8/IMG_1267.jpeg"	""	""	""
"exam8-048"	"8"	"48"	"Clinical Procedures"	"Hepatobiliary Imaging"	"protocol"	"3"	"Barium studies should not precede liver imaging since barium:"	"falsely stimulates liver function"	"scatters gamma photons causing photopenia"	"will cause the tagged material to accumulate in the gallbladder"	"will cause some portions to hyperfunction giving false ""hot"" areas"	"cause the tagged material to reflux into the stomach"	"1"	"scatters gamma photons causing photopenia"	"Liver scintigraphy should not be performed after administration of any iodinated or barium-containing contrast agents. The contrast agents could cause attenuation artifacts."	"Source: Waterstram-Rich and Gilmore, 2017; p. 542."	"Question photos/Questions/Exam 8/IMG_1196.jpeg"	"Question photos/Answers/Exam 8/IMG_1268.jpeg"	""	""	""
"exam8-049"	"8"	"49"	"Clinical Procedures"	"Thyroid Imaging"	"concept"	"4"	"Which pathology listed below is not a possible cause of delayed gastric emptying?"	"scleroderma"	"hyperthyroidism"	"peptic ulceration"	"diabetes mellitus"	"vagotomy"	"1"	"hyperthyroidism"	"Causes of delayed gastric emptying are mechanical obstruction or altered function, such as diabetic gastroparesis, diabetes mellitus, surgery drugs, gastric outlet obstruction, scleroderma, chronic idiopathic intestinal pseudo-obstruction [CIIP], idiopathic gastroparesis, amyloidosis, or anorexia nervosa."	"Source: Shackett, 2009; p. 113."	"Question photos/Questions/Exam 8/IMG_1196.jpeg"	"Question photos/Answers/Exam 8/IMG_1268.jpeg"	""	""	""
"exam8-050"	"8"	"50"	"Radiopharmaceuticals"	"Thyroid Imaging"	"concept"	"5"	"Detection of a Meckel's diverticulum is possible with [99mTc] pertechnetate since it localizes in the:"	"salivary glands"	"gastric mucosa"	"choroid plexus"	"thyroid gland"	"red blood cells"	"1"	"gastric mucosa"	"Meckel's diverticulum imaging is performed with Tc pertechnetate, which concentrates in ectopic gastric mucosa."	"Source: Mettler and Guiberteau, 2012; p. 269."	"Question photos/Questions/Exam 8/IMG_1196.jpeg"	"Question photos/Answers/Exam 8/IMG_1268.jpeg"	""	""	""
"exam8-051"	"8"	"51"	"Radiopharmaceuticals"	"MAA / Pulmonary Perfusion"	"concept"	"1"	"Hepatic artery catheters that deliver chemotherapeutic agents directly to the site of the liver metastases can be evaluated for proper placement with the use of a:"	"bolus intravenous injection of [99mTc] pertechnetate"	"bolus intravenous injection of [99mTc] sulfur colloid"	"slow injection of the chemotherapeutic agent into the infusion port"	"slow injection of [99mTc] MAA into the infusion port"	"slow injection of [99mTc] pertechnetate into the infusion port"	"3"	"slow injection of [99mTc] MAA into the infusion port"	"Ziessman, O'Malley, Thrall, and Fahey, 2014; p. 284. With the catheter in the expected position for therapy administration, arteriovenous shunting is assessed with a [99mTc] MAA scan. The [99mTc] MAA is administered into the liver."	"Source photo: Answers/Exam 8/IMG_1268.jpeg."	"Question photos/Questions/Exam 8/IMG_1196.jpeg"	"Question photos/Answers/Exam 8/IMG_1268.jpeg"	""	""	""
"exam8-052"	"8"	"52"	"Instrumentation & QC"	"Instrumentation & QC"	"image-interpretation"	"3"	"Which of the following is considered a Quality Control test required only monthly or quarterly for a CT scanner?"	"spatial resolution"	"CT number accuracy"	"image noise"	"detector response at various kVp settings"	"detector response at various mA settings"	"0"	"spatial resolution"	"QC tests such as image slice thickness, spatial resolution, linearity of CT numbers, and lowand high-contrast resolution are required on a monthly or quarterly basis."	"Source: Prekeges, 2013; p. 264."	"Question photos/Questions/Exam 8/IMG_1197.jpeg"	"Question photos/Answers/Exam 8/IMG_1268.jpeg"	""	""	""
"exam8-053"	"8"	"53"	"Radiopharmaceuticals"	"Radiopharmaceuticals"	"concept"	"3"	"Which of the following from an 131I therapy patient would contain the greatest amount of radioiodine?"	"saliva"	"urine"	"feces"	"sweat"	"hair"	"1"	"urine"	"Within 24 hours of dosage, 76% of the non-bound iodide is excreted through the kidneys. The maximum thyroid uptake is assumed to be only 15%."	"Source: Kowalsky and Falen, 2004; p. 499-500."	"Question photos/Questions/Exam 8/IMG_1197.jpeg"	"Question photos/Answers/Exam 8/IMG_1268.jpeg"	""	""	""
"exam8-054"	"8"	"54"	"Radiopharmaceuticals"	"Lung Imaging"	"concept"	"4"	"The use of a nebulizer is required with which of the following radiopharmaceuticals during lung imaging?"	"[99mTc] DTPA"	"[99mTc] MAA"	"127Xe"	"133Xe"	"[99mTc] MAA with particles <100 microns"	"0"	"[99mTc] DTPA"	"99mTc-DTPA lung imaging is done by generating an aerosol from an ultrasonic nebulizer o a positive-pressure nebulizer."	"Source: Waterstram-Rich and Gilmore, 2017; p. 482."	"Question photos/Questions/Exam 8/IMG_1197.jpeg"	"Question photos/Answers/Exam 8/IMG_1268.jpeg"	""	""	""
"exam8-055"	"8"	"55"	"Instrumentation & QC"	"Instrumentation & QC"	"image-interpretation"	"3"	"Specially shaped filters in CT scanners, like the bow-tie filters, are designed to:"	"increase the number of views per linear scan distance"	"decrease the overlapping of images during acquisition"	"produce a more-uniform x-ray beam at the detectors"	"decrease image noise by producing more x-rays"	"increase quantum mottle"	"2"	"produce a more-uniform x-ray beam at the detectors"	"Specially shaped filters like the bow-tie filter are designed to produce a more-uniform (mono-energetic) x-r'ay beam at the detectors. The radiation dose to the lateral parts of the patient is decreased to be approximately equal to that in the middle of the body."	"Source: Prekeges, 2013; p. 259."	"Question photos/Questions/Exam 8/IMG_1197.jpeg"	"Question photos/Answers/Exam 8/IMG_1268.jpeg"	""	""	""
"exam8-056"	"8"	"56"	"Radiopharmaceuticals"	"Radiopharmaceuticals"	"concept"	"1"	"Which radiopharmaceutical is commonly used to image cavernous hemangioma?"	"[99mTc] albumin (MAA) colloid"	"[99mTc] RBCs"	"[99mTc] mebrofenin (HIDA)"	"[99mTc] pertechnetate"	"[99mTc] sulfur colloid"	"1"	"[99mTc] RBCs"	"[99mTc]-labeled RBCs are the recommended radiopharmaceutical for liver cavernous hemangioma imaging."	"Source: Shackett, 2009; p. 138."	"Question photos/Retake Photos/IMG_1360.jpeg"	"Question photos/Answers/Exam 8/IMG_1268.jpeg"	""	""	""
"exam8-057"	"8"	"57"	"Clinical Procedures"	"Clinical Procedures"	"concept"	"2"	"Which imaging study is acquired while an abdominal binder is inflated to increasing pressures?"	"Meckel's diverticulum study"	"gastric emptying study"	"esophageal transit study"	"esophageal reflux study"	"gastrointestinal bleeding study"	"3"	"esophageal reflux study"	"A gastroesophageal reflux study is done by acquiring 30-second images with pressures in the abdominal binder at 0, 20, 40, 60, 80, and 100 mm Hg."	"Source: Shackett, 2009; p. 117."	"Question photos/Retake Photos/IMG_1360.jpeg"	"Question photos/Answers/Exam 8/IMG_1268.jpeg"	""	""	""
"exam8-058"	"8"	"58"	"Clinical Procedures"	"Clinical Procedures"	"concept"	"3"	"A synthetic form of cholecystokinin is:"	"glucagon"	"cimetidine"	"pentagastrin"	"sincalide"	"mebrofenin (HIDA)"	"3"	"sincalide"	"Sincalide is the synthetic C-terminal ocatapeptide of cholecystokinin (CCK)."	"Source: Kowalsky and Falen, 2004; p. 602."	"Question photos/Questions/Exam 8/IMG_1197.jpeg"	"Question photos/Answers/Exam 8/IMG_1268.jpeg"	""	""	""
"exam8-059"	"8"	"59"	"Radiopharmaceuticals"	"Renal Imaging"	"concept"	"4"	"What is the preparation for renal functional imaging with 99mTc-MAG3?"	"NPO for at least 4 hours before injection."	"Patient must be well-hydrated."	"Patient must not void for at least one hour before imaging."	"Patient must drink nothing for two hours before the examination."	"All patients must be catheterized."	"1"	"Patient must be well-hydrated."	"The patient should hydrate well and void just before the test."	"Source: Shackett, 2009; p. 250."	"Question photos/Questions/Exam 8/IMG_1197.jpeg"	"Question photos/Answers/Exam 8/IMG_1268.jpeg"	""	""	""
"exam8-060"	"8"	"60"	"Patient Care"	"Thyroid Imaging"	"concept"	"5"	"Which patient will have the longest wait before an accurate thyroid uptake can be obtained with 131I?"	"a patient who had a CTA"	"a patient who took Synthroid"	"a patient who was given perchlorate"	"a patient who was given Lugol's solution"	"a patient who took kelp tablets"	"0"	"a patient who had a CTA"	"A patient who has had a CTA procedure has received intravenous iodinated contrast. This patient should wait at least one month before imaging; Synthroid wait time is at least 3 weeks; Perchlorate wait time is at least 1 week; Lugol's solution wait time is at least 2 weeks; and kelp tablet wait time is at least 2 weeks."	"Source: Mettler and Guiberteau, 2012; p. 102."	"Question photos/Questions/Exam 8/IMG_1197.jpeg"	"Question photos/Answers/Exam 8/IMG_1268.jpeg"	""	""	""
"exam8-061"	"8"	"61"	"Clinical Procedures"	"Clinical Procedures"	"concept"	"1"	"Which of the following is used in the treatment of Non-Hodgkin's lymphoma?"	"82Rb"	"[32P] chromic phosphate"	"90Y ibritumomab tiuxetan"	"153Sm microspheres"	"[131I] sodium iodide"	"2"	"90Y ibritumomab tiuxetan"	"90Y-ibritumomab tiuxetan is murine IgG, kappa monoclonal antibody directed against the CD20 antigen found on the surface of normal and malignant B cells (non-Hodgkin's lymphoma)."	"Source: Waterstram-Rich and Gilmore, 2017; p. 611."	"Question photos/Questions/Exam 8/IMG_1197.jpeg"	"Question photos/Answers/Exam 8/IMG_1268.jpeg"	""	""	""
"exam8-062"	"8"	"62"	"Image Production"	"Image Production"	"concept"	"2"	"Sequential acquisitions taken while the patient exhales 133Xe comprise the ________ portion of the test."	"washout"	"wash-in"	"perfusion"	"equilibrium"	"sequestrial"	"0"	"washout"	"Serial images are taken at 30-60 second intervals as the xenon clears from the lungs comprising the wash-out portion of the exam."	"Source: Waterstram-Rich and Gilmore, 2017; p. 482."	"Question photos/Questions/Exam 8/IMG_1197.jpeg"	"Question photos/Answers/Exam 8/IMG_1268.jpeg"	""	""	""
"exam8-063"	"8"	"63"	"Instrumentation & QC"	"Instrumentation & QC"	"image-interpretation"	"5"	"Which of the following statements is not a consequence of increasing kVp in a CT scanner?"	"increases the number of views per linear scan distance"	"increases the energy of the x-rays"	"creates fewer beam-hardening artifacts"	"reduces attenuation differences in tissue"	"decreases noise"	"0"	"increases the number of views per linear scan distance"	"Increasing kilovolt peak increases the energy of the x-rays, decreases noise, and creates fewer beam-hardening artifacts, but increases the dose to the patient and reduces attenuation differences in tissue. Decreasing the pitch increases the number of views per linear scan distance."	"Source: Waterstram-Rich & Gilmore, 2017; p. 302."	"Question photos/Questions/Exam 8/IMG_1197.jpeg"	"Question photos/Answers/Exam 8/IMG_1268.jpeg"	""	""	""
"exam8-064"	"8"	"64"	"Radiopharmaceuticals"	"Radiopharmaceuticals"	"concept"	"4"	"The radiopharmaceutical used for assessment of CSF dynamics is administered:"	"intravenously"	"intrathecally"	"subcutaneously"	"intramuscularly"	"intradermally"	"1"	"intrathecally"	"Radionuclide cisternogram is used for the diagnosis of the cause of hydrocephalus, where hydrocephalus is abnormal enlargement of the CSF spaces because of abnormal production, absorption, or circulation of CSF. The tracer is injected into the subarachnoid space of the lumbar spine, and the head is imaged at 3 and 24 hours after injection. An intrathecal injection is defined as medications such as contrast media or radiopharmaceuticals that are administered using a spinal needle to inject medications directly into the subarachnoid space of the spinal cord."	"Source: Waterstram-Rich and Gilmore, 2017; pp. 152, 419."	"Question photos/Questions/Exam 8/IMG_1198.jpeg"	"Question photos/Answers/Exam 8/IMG_1268.jpeg"	""	""	""
"exam8-065"	"8"	"65"	"Clinical Procedures"	"Bone Imaging"	"concept"	"5"	"What is the average CT number for bone in Hounsfield Units (HU)?"	"+2,000"	"+500"	"+100"	"+50"	"+20"	"1"	"+500"	"The average CT number value for bone is about +500 HU. This value may vary with the beam quality of the CT scanner."	"Source: Waterstram-Rich & Gilmore, 2017, box 12-1; p. 312."	"Question photos/Questions/Exam 8/IMG_1198.jpeg"	"Question photos/Answers/Exam 8/IMG_1269.jpeg"	""	""	""
"exam8-066"	"8"	"66"	"Radiation Safety"	"Radiation Safety"	"concept"	"1"	"The exposure limit for the developing fetus of a declared pregnant worker is:"	"0.1 mRem"	"1 mRem"	"1 Rem"	"0.5 Rem"	"5 Rem"	"3"	"0.5 Rem"	"The exposure limit for the developing fetus of a declared pregnant worker is 0.5 rem."	"Source: Waterstram-Rich and Gilmore, 2017; p. 116."	"Question photos/Questions/Exam 8/IMG_1198.jpeg"	"Question photos/Answers/Exam 8/IMG_1269.jpeg"	""	""	""
"exam8-067"	"8"	"67"	"Clinical Procedures"	"Clinical Procedures"	"concept"	"2"	"The medium that interacts with radiation (sensitive volume) in a pocket dosimeter is:"	"Nal"	"LiF"	"Al203"	"gas"	"liquid"	"3"	"gas"	"Pocket dosimeters are ionization chambers. Ionization chamber instruments are operated in the ionization region of the gas amplification curve and are filled with gas."	"Source: Waterstram-Rich and Gilmore, 2017; pp. 114,116."	"Question photos/Questions/Exam 8/IMG_1198.jpeg"	"Question photos/Answers/Exam 8/IMG_1269.jpeg"	""	""	""
"exam8-068"	"8"	"68"	"Instrumentation & QC"	"Instrumentation & QC"	"image-interpretation"	"4"	"Which of the following statements is not a consequence of increasing mA in a CT scanner?"	"decreases image noise"	"increases the energy of the x-rays"	"increases radiation dose to patient"	"produces more x-rays"	"increases contrast resolution"	"1"	"increases the energy of the x-rays"	"Increasing mA decreases image noise by producing more x-rays and increases contrast resolution, but increases radiation dose to the patient. Increasing kVp increases the penetration of the object being x-rayed by increasing the energy of the x-rays."	"Source: Waterstram-Rich & Gilmore, 2017; pp. 302-304."	"Question photos/Questions/Exam 8/IMG_1198.jpeg"	"Question photos/Answers/Exam 8/IMG_1269.jpeg"	""	""	""
"exam8-069"	"8"	"69"	"Clinical Procedures"	"Clinical Procedures"	"concept"	"4"	"If the radiation intensity was ""x"" at a distance of ""d"" from a source, what would the radiation intensity be at half of that distance?"	"2X"	"X^2"	"4X"	"X^4"	"X/2"	"2"	"4X"	"The inverse square law results in the radiation intensity quadrupling if the distance from the source is halved, or the radiation intensity decreasing to one-fourth of its value if the distance is doubled."	"Source: Waterstram-Rich and Gilmore, 2017; p. 4."	"Question photos/Questions/Exam 8/IMG_1198.jpeg"	"Question photos/Answers/Exam 8/IMG_1269.jpeg"	""	""	""
"exam8-070"	"8"	"70"	"Radiopharmaceuticals"	"Radiopharmaceuticals"	"concept"	"5"	"The dose response in humans at around 2 Sv is:"	"permanent hair loss"	"permanent sterility"	"GI syndromes"	"CNS syndrome"	"radiation sickness"	"4"	"radiation sickness"	"At a minimum whole-body dose of 2 Sv (200 Rem), radiation sickness will be observed."	"Source: Waterstram-Rich and Gilmore, 2017; p. 135."	"Question photos/Questions/Exam 8/IMG_1198.jpeg"	"Question photos/Answers/Exam 8/IMG_1269.jpeg"	""	""	""
"exam8-071"	"8"	"71"	"Clinical Procedures"	"Clinical Procedures"	"image-interpretation"	"4"	"The largest background source of radiation to the general public in the United States is:"	"radon and thoron"	"computed tomography"	"nuclear cardiology"	"air travel"	"commercial nuclear power"	"0"	"radon and thoron"	"Radon and thoron comprise the largest source of background radiation to the general public in the United States (37%)."	"Source: Waterstram-Rich and Gilmore, 2017; p. 129."	"Question photos/Questions/Exam 8/IMG_1198.jpeg"	"Question photos/Answers/Exam 8/IMG_1269.jpeg"	""	""	""
"exam8-072"	"8"	"72"	"Radiation Safety"	"Radiation Safety"	"concept"	"2"	"Committed dose equivalent is used to represent:"	"external irradiation"	"internal irradiation"	"lens irradiation"	"extremity irradiation"	"medical irradiation for therapy"	"1"	"internal irradiation"	"Because internally deposited radionuclides may deliver doses to tissues or organs of the body over a period of time, the concept of committed dose has been defined. Committed dose equivalent (CDE) is simply the committed dose equivalent to the organ or tissue over the irradiated time. Waterstram-Rich & Gilmore, 2017;"	"Source: Waterstram-Rich and Gilmore, 2017; p. 134."	"Question photos/Questions/Exam 8/IMG_1198.jpeg"	"Question photos/Answers/Exam 8/IMG_1269.jpeg"	""	""	""
"exam8-073"	"8"	"73"	"Instrumentation & QC"	"Instrumentation & QC"	"image-interpretation"	"3"	"Where is the Data Acquisition System (DAS) in a CT scanner?"	"under the patient imaging table"	"inside the operator's console"	"inside the gantry"	"inside the electronics cabinet"	"inside the computer workstation"	"2"	"inside the gantry"	"The gantry houses the key components of the scanner; the x-ray tube, detector array, power generator, and data acquisition system."	"Source: pp. 305-307."	"Question photos/Questions/Exam 8/IMG_1198.jpeg"	"Question photos/Answers/Exam 8/IMG_1269.jpeg"	""	""	""
"exam8-074"	"8"	"74"	"Clinical Procedures"	"Bone Imaging"	"concept"	"4"	"All of the following organs are very sensitive to radiation-induced carcinogenesis except:"	"active bone marrow"	"thymus gland"	"thyroid gland"	"female breasts"	"lungs"	"1"	"thymus gland"	"The organs that are most sensitive to radiation-induced carcinogenesis are the active bone marrow, thyroid, female breasts, and lungs."	"Source: Waterstram-Rich and Gilmore, 2017; p. 136."	"Question photos/Questions/Exam 8/IMG_1198.jpeg"	"Question photos/Answers/Exam 8/IMG_1269.jpeg"	""	""	""
"exam8-075"	"8"	"75"	"Clinical Procedures"	"Clinical Procedures"	"concept"	"5"	"Chances of congenital abnormalities are high if the fetal irradiation is during which gestational age?"	"pre-implantation"	"first trimester"	"second trimester"	"third trimester"	"post-partum"	"1"	"first trimester"	"Irradiation during organogenesis is the period of most concern. For this reason, it is often noted that radiation should be particularly limited during the first trimester."	"Source: Waterstram-Rich and Gilmore, 2017; p. 138."	"Question photos/Questions/Exam 8/IMG_1198.jpeg"	"Question photos/Answers/Exam 8/IMG_1269.jpeg"	""	""	""
"exam8-076"	"8"	"76"	"Radiation Safety"	"Radiation Safety"	"concept"	"1"	"According to NRC, a restricted area is one in which a person would receive a radiation dose of more than:"	"2 mRem in 1 hr"	"5 mRem in 1 hr"	"10 mRem in 1 hr"	"20 mRem in 1 hr"	"50 mRem in 1 hr"	"0"	"2 mRem in 1 hr"	"U.S. Nuclear Regulatory Commission, 2005 (10 CFR 20.1003). According to the NRC, a restricted area is one in which a person would receive a radiation dose of more than 2 mRem in 1 hour."	"Source photo: Answers/Exam 8/IMG_1269.jpeg."	"Question photos/Questions/Exam 8/IMG_1198.jpeg"	"Question photos/Answers/Exam 8/IMG_1269.jpeg"	""	""	""
"exam8-077"	"8"	"77"	"Radiation Safety"	"Radiation Safety"	"concept"	"2"	"All of the following are examples of radioactive caution signs, except:"	"""Caution: Radioactive Material"""	"""Caution: Extreme Level Radiation Area"""	"""Grave Danger: Very High Radiation Area"""	"""Caution: Radiation Area"""	"""Caution: High Radiation Area"""	"1"	"""Caution: Extreme Level Radiation Area"""	"""Caution: Radioactive Material,"" ""Caution: Radiation Area,"" ""Grave Danger: Very High Radiation Area,"" and ""Caution: High Radiation Area"" are all examples of radioactive signs."	"Source: Bolus and Brady, 2009; p. 9."	"Question photos/Questions/Exam 8/IMG_1199.jpeg"	"Question photos/Answers/Exam 8/IMG_1269.jpeg"	""	""	""
"exam8-078"	"8"	"78"	"Instrumentation & QC"	"PET"	"image-interpretation"	"5"	"What type of QC is performed daily in PET to provide accurate transmission scan data for the attenuation correction of images?"	"coincidence timing calibration"	"energy window calibration"	"normalization calibration"	"blank scan"	"absolute activity calibration"	"3"	"blank scan"	"Blank scans are performed daily to provide accurate transmission scan data for the attenuation correction of images."	"Source: Waterstram-Rich and Gilmore, 2017; p. 349"	"Question photos/Questions/Exam 8/IMG_1199.jpeg"	"Question photos/Answers/Exam 8/IMG_1269.jpeg"	""	""	""
"exam8-079"	"8"	"79"	"Radiation Safety"	"Radiation Safety"	"protocol"	"4"	"If radiation levels of a hotlab has been measured to be 6 mRem/hr, which of the following signs should be posted on the door?"	"No posting is required."	"""Caution: Radioactive Materials"""	"""Caution: Radiation Area"""	"""Caution: High Radiation Area"""	"""Caution: Very High Radiation Area"""	"2"	"""Caution: Radiation Area"""	"Radiation area means an area that is accessible to individuals in which radiation levels could result in an individual receiving a dose equivalent in excess of 5 mRem in 1 hour at 30 cm from the radiation source or from any surface that the radiation penetrates."	"Source: Waterstram-Rich and Gilmore, 2017; p. 121. "	"Question photos/Questions/Exam 8/IMG_1199.jpeg"	"Question photos/Answers/Exam 8/IMG_1269.jpeg"	""	""	""
"exam8-080"	"8"	"80"	"Instrumentation & QC"	"Collimators"	"protocol"	"5"	"13I imaging is best done with which type of collimator?"	"medium energy"	"low energy"	"high specificity"	"high energy"	"No collimator should be used."	"3"	"high energy"	"131I is best imaged with a high-energy collimator."	"Source: Lee, 2015; p. 89."	"Question photos/Questions/Exam 8/IMG_1199.jpeg"	"Question photos/Answers/Exam 8/IMG_1269.jpeg"	""	""	""
"exam8-081"	"8"	"81"	"Clinical Procedures"	"Clinical Procedures"	"concept"	"1"	"The mechanism of decay for nuclides that have too many protons relative to the number of neutrons is:"	"beta minus decay"	"beta plus decay"	"gamma ray emission"	"internal conversion"	"electron capture"	"4"	"electron capture"	"Electron capture is a mechanism of decay for nuclides that have too many protons relative to the number of neutrons."	"Source: Waterstram-Rich and Gilmore, 2017; p. 231."	"Question photos/Retake Photos/IMG_1361.jpeg"	"Question photos/Answers/Exam 8/IMG_1269.jpeg"	""	""	""
"exam8-082"	"8"	"82"	"Instrumentation & QC"	"Uniformity QC"	"concept"	"2"	"Full width at half maximum (FWHM) is often used as a measure of:"	"uniformity"	"sensitivity"	"intensity"	"resolution"	"dead time"	"3"	"resolution"	"Full width at half maximum is often used as a measure of resolution."	"Source: Waterstram-Rich and Gilmore, 2017; p. 248."	"Question photos/Retake Photos/IMG_1361.jpeg"	"Question photos/Answers/Exam 8/IMG_1269.jpeg"	""	""	""
"exam8-083"	"8"	"83"	"Instrumentation & QC"	"Instrumentation & QC"	"image-interpretation"	"4"	"Uncorrected flood field non-uniformities cause _________ artifacts in tomographic reconstruction."	"irregular"	"dropout"	"ring"	"undulating"	"linear"	"2"	"ring"	"Because SPECT imaging requires a rotating gamma camera, any abnormalities inherent to the detector or the rotational mechanics will be carried through every projection, leading to a ring artifact. Abnormalities that will be seen as ring artifacts include flood non-uniformities and collimator detects."	"Source: Prekeges, 2013; p. 192."	"Question photos/Questions/Exam 8/IMG_1199.jpeg"	"Question photos/Answers/Exam 8/IMG_1270.jpeg"	""	""	""
"exam8-084"	"8"	"84"	"Patient Care"	"Patient Care"	"concept"	"4"	"What system contains information about patients, doctors, and insurance coverage within the hospital?"	"Hospital Information System"	"Hospital Inpatient System"	"Radiology Information System"	"Picture Archival System"	"Radiology Patient Portal"	"0"	"Hospital Information System"	"In the hospital, the radiology information system (RIS), which holds details about radiology exams, may be networked to the hospital information system (HIS), which contains information about patients, doctors, insurance coverage, and so on."	"Source: Prekeges, 2013; p. 336."	"Question photos/Questions/Exam 8/IMG_1199.jpeg"	"Question photos/Answers/Exam 8/IMG_1270.jpeg"	""	""	""
"exam8-085"	"8"	"85"	"Clinical Procedures"	"Clinical Procedures"	"concept"	"5"	"As the sample volume is increased, well counter counting efficiencies are:"	"reduced"	"improved"	"unchanged"	"increased to a point, then reduced"	"unpredictable"	"0"	"reduced"	"As the sample volume is increased, well counter counting efficiencies are reduced. This is due to geometric efficiency. The configuration with the largest geometric efficiency occurs when the detector surrounds the source completely."	"Source: Waterstram-Rich and Gilmore, 2017; p. 247."	"Question photos/Questions/Exam 8/IMG_1199.jpeg"	"Question photos/Answers/Exam 8/IMG_1270.jpeg"	""	""	""
"exam8-086"	"8"	"86"	"Instrumentation & QC"	"Dose Calibrator QC"	"protocol"	"1"	"According to national standards, how often should the activity linearity of a dose calibrator be measured?"	"each day of use"	"weekly"	"monthly"	"quarterly"	"annually"	"3"	"quarterly"	"Dose calibrator activity linearity should be measured quarterly."	"Source: Prekeges, 2013; p. 11."	"Question photos/Questions/Exam 8/IMG_1199.jpeg"	"Question photos/Answers/Exam 8/IMG_1270.jpeg"	""	""	""
"exam8-087"	"8"	"87"	"Radiation Safety"	"Radiation Safety"	"protocol"	"2"	"According to the NRC, G-M counter calibration must be done how often?"	"each day of use"	"weekly"	"monthly"	"quarterly"	"annually"	"4"	"annually"	"Geiger-Muller survey meters should be calibrated annually."	"Source: Prekeges, 2013; p. 11."	"Question photos/Questions/Exam 8/IMG_1199.jpeg"	"Question photos/Answers/Exam 8/IMG_1270.jpeg"	""	""	""
"exam8-088"	"8"	"88"	"Radiation Safety"	"Radiation Safety"	"protocol"	"3"	"According to the NRC, records of surveys must be retained for how long?"	"1 year"	"3 years"	"5 years"	"10 years"	"indefinitely"	"1"	"3 years"	"U.S. Nuclear Regulatory Commission, 2015 (10 CFR 20.2103). Records of surveys must be retained for 3 years."	"Source photo: Answers/Exam 8/IMG_1270.jpeg."	"Question photos/Questions/Exam 8/IMG_1199.jpeg"	"Question photos/Answers/Exam 8/IMG_1270.jpeg"	""	""	""
"exam8-089"	"8"	"89"	"Instrumentation & QC"	"Dose Calibrator QC"	"concept"	"4"	"When a technologist is measuring the activity of a long lived radioactive source daily in a dose calibrator, which of the following quality control tests is the technologist assessing?"	"accuracy"	"constancy"	"geometry"	"linearity"	"sensitivity"	"1"	"constancy"	"The essential daily quality control test of a dose calibrator is a constancy reading of the activity of a long-lived source (usually Cs-137, although some users employ two or three radionuclides of varying energies)."	"Source: Prekeges, 2013; p. 12."	"Question photos/Questions/Exam 8/IMG_1200.jpeg"	"Question photos/Answers/Exam 8/IMG_1270.jpeg"	""	""	""
"exam8-090"	"8"	"90"	"Instrumentation & QC"	"Collimators"	"concept"	"5"	"For a parallel-hole collimator, the best resolution is at:"	"the collimator surface"	"10 cm"	"15 cm"	"20 cm"	"the focal distance"	"0"	"the collimator surface"	"Parallel-hold collimator resolution degrades the test image as the distance between the collimator and the object increases."	"Source: Waterstram-Rich and Gilmore, 2017; p. 262."	"Question photos/Questions/Exam 8/IMG_1200.jpeg"	"Question photos/Answers/Exam 8/IMG_1270.jpeg"	""	""	""
"exam8-091"	"8"	"91"	"Instrumentation & QC"	"SPECT"	"image-interpretation"	"3"	"How often should the COR check be performed?"	"each day that SPECT scans will be performed"	"at least weekly"	"biweekly"	"at least monthly"	"every 6 months"	"1"	"at least weekly"	"The current standard of practice is to check the COR weekly, at least until the systern can be shown to be stable over a period of at least several months."	"Source: Prekeges, 2013; pp. 184-185."	"Question photos/Questions/Exam 8/IMG_1200.jpeg"	"Question photos/Answers/Exam 8/IMG_1270.jpeg"	""	""	""
"exam8-092"	"8"	"92"	"Instrumentation & QC"	"Uniformity QC"	"calculation"	"4"	"If a technologist wishes to evaluate the intrinsic uniformity of a camera used for planar imaging and is preparing a dose of 99mTc, how much activity is sufficient for the image?"	"10 mCi"	"1 mCi"	"200 uCi"	"2 mCi"	"20 mCi"	"2"	"200 uCi"	"For an intrinsic flood, the collimator is removed and a point source containing a small (<1 mCi or 37 MBq) amount of radioactivity is placed at a distance of at least 5 times the largest camera dimension from the camera face."	"Source: Prekeges, 2013; pp. 114-115."	"Question photos/Questions/Exam 8/IMG_1200.jpeg"	"Question photos/Answers/Exam 8/IMG_1270.jpeg"	""	""	""
"exam8-093"	"8"	"93"	"Instrumentation & QC"	"Collimators"	"concept"	"3"	"To obtain high resolution images of a small organ, gland, or joint which collimator would be most useful?"	"diverging"	"flat field"	"high-energy diverging"	"low-energy parallel hole"	"pinhole"	"4"	"pinhole"	"The pinhole collimator is a large, hollow lead cone with a single small hole or aperture at the point of the cone. It is used to magnify very small organs, such as the thyroid gland."	"Source: Prekeges, 2013; pp. 89-90."	"Question photos/Questions/Exam 8/IMG_1200.jpeg"	"Question photos/Answers/Exam 8/IMG_1270.jpeg"	""	""	""
"exam8-094"	"8"	"94"	"Instrumentation & QC"	"Instrumentation & QC"	"concept"	"4"	"If a 15% window is set around a centerline of 364 keV, what energies will be accepted by the pulse high analyzer?"	"309-419 keV"	"328-400 keV"	"337-391 keV"	"346-382 keV"	"360-368 keV"	"2"	"337-391 keV"	"364 keV x 0.15 = 54.6 keV 54.6 keV / 2 = 27.3 keV Lower threshold: 364 keV - 27.3 keV = approximately 337 keV Upper threshold: 364 keV + 37.3 keV = approximately 391 keV"	"Source: Prekeges, 2013; p. 26."	"Question photos/Questions/Exam 8/IMG_1200.jpeg"	"Question photos/Answers/Exam 8/IMG_1270.jpeg"	""	""	""
"exam8-095"	"8"	"95"	"Instrumentation & QC"	"PET"	"image-interpretation"	"4"	"When a high-activity radionuclide is used in a PET scan, what is the reason for image degradation?"	"attenuation increases"	"coincident pairs decrease"	"deadtime decreases"	"noise increases"	"random events increase"	"4"	"random events increase"	"For commonly used PET radionuclides, the average positron range varies significantly so the resolution varies with the choice of radionuclide. The possibility that the two annihilation photons are not exactly 180 degrees opposed adds uncertainty to the location of the annihilation event. This degrades resolution."	"Source: Prekeges, 2013; p. 235."	"Question photos/Questions/Exam 8/IMG_1200.jpeg"	"Question photos/Answers/Exam 8/IMG_1270.jpeg"	""	""	""
"exam8-096"	"8"	"96"	"Instrumentation & QC"	"Instrumentation & QC"	"concept"	"1"	"A pair of annihilation photons striking two detectors at the same time is termed a:"	"random count"	"positron interaction"	"annihilation count"	"true count"	"scatter count"	"3"	"true count"	"A pair of annihilation photons striking two detectors at the same time is termed a true count or true coincidence annihilation event."	"Source: Waterstram-Rich and Gilmore, 2017; p. 331."	"Question photos/Questions/Exam 8/IMG_1200.jpeg"	"Question photos/Answers/Exam 8/IMG_1270.jpeg"	""	""	""
"exam8-097"	"8"	"97"	"Instrumentation & QC"	"PET"	"image-interpretation"	"3"	"How often should a ""blank scan"" be performed in PET?"	"with every patient study"	"daily"	"weekly"	"biweekly"	"monthly"	"1"	"daily"	"Blank scans are performed daily to provide accurate transmission scan data for the attenuation correction of images."	"Source: Waterstram-Rich and Gilmore, 2017; p. 349. "	"Question photos/Questions/Exam 8/IMG_1200.jpeg"	"Question photos/Answers/Exam 8/IMG_1270.jpeg"	""	""	""
"exam8-098"	"8"	"98"	"Instrumentation & QC"	"Uniformity QC"	"image-interpretation"	"4"	"How often should a tomographic uniformity evaluation be performed in a CT scanner?"	"with every patient study"	"daily"	"monthly"	"quarterly"	"annually"	"1"	"daily"	"Tomographic uniformity evaluation should be performed on a CT scanner daily."	"Source: Waterstram-Rich and Gilmore, 2017; p. 322."	"Question photos/Questions/Exam 8/IMG_1200.jpeg"	"Question photos/Answers/Exam 8/IMG_1270.jpeg"	""	""	""
"exam8-099"	"8"	"99"	"Instrumentation & QC"	"Instrumentation & QC"	"image-interpretation"	"5"	"How often should a dose index assessment be performed in a CT scanner?"	"with every patient study"	"daily"	"monthly"	"quarterly"	"annually"	"4"	"annually"	"A CT dose index assessment should be performed by a certified health physicist (CHP) annually."	"Source: Waterstram-Rich and Gilmore, 2017; "	"Question photos/Questions/Exam 8/IMG_1200.jpeg"	"Question photos/Answers/Exam 8/IMG_1270.jpeg"	""	""	""
"exam8-100"	"8"	"100"	"Image Production"	"Image Production"	"concept"	"5"	"When a poly-energetic x-ray beam passes through an attenuating material, more low-energy x-rays are absorbed than high-energy x-rays. This effect is called:"	"acquisition factor"	"beam hardening"	"bow-tie attenuation"	"cone-beam geometry"	"quantum mottle"	"1"	"beam hardening"	"As gamma rays travel through an attenuating material, more low-energy gamma rays are absorbed than high-energy gamma rays, a phenomenon called beam hardening, so the energy composition of the photon beam changes as it is attenuated."	"Source: Prekeges, 2013; p. 165."	"Question photos/Questions/Exam 8/IMG_1200.jpeg"	"Question photos/Answers/Exam 8/IMG_1270.jpeg"	""	""	""
